observation_key,patient_key,encounter_key,loinc_code,observation_name,value_num,unit,observation_date
OBS-00000001,PT-000000,ENC-0000001,718-7,Hemoglobin,17.0,g/dL,2024-12-23
OBS-00000002,PT-000000,ENC-0000001,2339-0,Glucose,130.3,mg/dL,2024-12-23
OBS-00000003,PT-000000,ENC-0000002,2339-0,Glucose,105.4,mg/dL,2026-06-15
OBS-00000004,PT-000000,ENC-0000002,8462-4,Diastolic blood pressure,75.7,mmHg,2026-06-15
OBS-00000005,PT-000000,ENC-0000003,718-7,Hemoglobin,12.2,g/dL,2024-10-21
OBS-00000006,PT-000000,ENC-0000003,718-7,Hemoglobin,14.1,g/dL,2024-10-21
OBS-00000007,PT-000000,ENC-0000004,718-7,Hemoglobin,12.4,g/dL,2025-07-08
OBS-00000008,PT-000000,ENC-0000004,4548-4,Hemoglobin A1c,9.1,%,2025-07-08
OBS-00000009,PT-000000,ENC-0000004,2339-0,Glucose,309.1,mg/dL,2025-07-08
OBS-00000010,PT-000000,ENC-0000005,8480-6,Systolic blood pressure,149.4,mmHg,2024-11-03
OBS-00000011,PT-000000,ENC-0000005,4548-4,Hemoglobin A1c,5.6,%,2024-11-03
OBS-00000012,PT-000000,ENC-0000005,4548-4,Hemoglobin A1c,12.2,%,2024-11-03
OBS-00000013,PT-000001,ENC-0000006,2160-0,Creatinine,1.0,mg/dL,2026-08-02
OBS-00000014,PT-000001,ENC-0000006,8462-4,Diastolic blood pressure,93.5,mmHg,2026-08-02
OBS-00000015,PT-000001,ENC-0000006,718-7,Hemoglobin,14.4,g/dL,2026-08-02
OBS-00000016,PT-000002,ENC-0000007,2339-0,Glucose,115.0,mg/dL,2026-01-31
OBS-00000017,PT-000002,ENC-0000007,4548-4,Hemoglobin A1c,8.6,%,2026-01-31
OBS-00000018,PT-000003,ENC-0000008,8480-6,Systolic blood pressure,109.2,mmHg,2025-12-25
OBS-00000019,PT-000003,ENC-0000008,8480-6,Systolic blood pressure,146.1,mmHg,2025-12-25
OBS-00000020,PT-000003,ENC-0000008,718-7,Hemoglobin,14.8,g/dL,2025-12-25
OBS-00000021,PT-000003,ENC-0000009,4548-4,Hemoglobin A1c,8.0,%,2025-10-30
OBS-00000022,PT-000003,ENC-0000009,4548-4,Hemoglobin A1c,8.4,%,2025-10-30
OBS-00000023,PT-000003,ENC-0000009,2339-0,Glucose,283.0,mg/dL,2025-10-30
OBS-00000024,PT-000003,ENC-0000010,2339-0,Glucose,96.9,mg/dL,2025-01-25
OBS-00000025,PT-000003,ENC-0000010,8462-4,Diastolic blood pressure,61.1,mmHg,2025-01-25
OBS-00000026,PT-000004,ENC-0000011,2339-0,Glucose,98.2,mg/dL,2025-06-08
OBS-00000027,PT-000004,ENC-0000012,718-7,Hemoglobin,10.6,g/dL,2024-12-06
OBS-00000028,PT-000004,ENC-0000012,718-7,Hemoglobin,16.8,g/dL,2024-12-06
OBS-00000029,PT-000004,ENC-0000012,2160-0,Creatinine,1.1,mg/dL,2024-12-06
OBS-00000030,PT-000004,ENC-0000013,4548-4,Hemoglobin A1c,5.5,%,2025-01-16
OBS-00000031,PT-000004,ENC-0000013,8462-4,Diastolic blood pressure,77.4,mmHg,2025-01-16
OBS-00000032,PT-000004,ENC-0000014,8480-6,Systolic blood pressure,132.0,mmHg,2025-09-17
OBS-00000033,PT-000004,ENC-0000014,2339-0,Glucose,223.8,mg/dL,2025-09-17
OBS-00000034,PT-000004,ENC-0000015,4548-4,Hemoglobin A1c,9.4,%,2025-02-19
OBS-00000035,PT-000004,ENC-0000015,2339-0,Glucose,173.4,mg/dL,2025-02-19
OBS-00000036,PT-000004,ENC-0000015,718-7,Hemoglobin,10.6,g/dL,2025-02-19
OBS-00000037,PT-000004,ENC-0000016,8480-6,Systolic blood pressure,158.5,mmHg,2024-12-07
OBS-00000038,PT-000004,ENC-0000016,8480-6,Systolic blood pressure,125.6,mmHg,2024-12-07
OBS-00000039,PT-000005,ENC-0000017,4548-4,Hemoglobin A1c,6.6,%,2025-05-02
OBS-00000040,PT-000005,ENC-0000017,4548-4,Hemoglobin A1c,5.4,%,2025-05-02
OBS-00000041,PT-000006,ENC-0000018,718-7,Hemoglobin,14.4,g/dL,2025-09-19
OBS-00000042,PT-000007,ENC-0000019,2160-0,Creatinine,1.4,mg/dL,2025-05-19
OBS-00000043,PT-000008,ENC-0000020,8480-6,Systolic blood pressure,141.8,mmHg,2025-04-13
OBS-00000044,PT-000008,ENC-0000020,2160-0,Creatinine,2.1,mg/dL,2025-04-13
OBS-00000045,PT-000009,ENC-0000021,2339-0,Glucose,188.5,mg/dL,2025-08-25
OBS-00000046,PT-000009,ENC-0000022,2339-0,Glucose,301.2,mg/dL,2024-11-27
OBS-00000047,PT-000009,ENC-0000022,2160-0,Creatinine,3.4,mg/dL,2024-11-27
OBS-00000048,PT-000009,ENC-0000022,8480-6,Systolic blood pressure,160.6,mmHg,2024-11-27
OBS-00000049,PT-000009,ENC-0000023,2339-0,Glucose,289.2,mg/dL,2025-10-13
OBS-00000050,PT-000009,ENC-0000023,8462-4,Diastolic blood pressure,89.2,mmHg,2025-10-13
OBS-00000051,PT-000009,ENC-0000024,2339-0,Glucose,142.1,mg/dL,2025-07-11
OBS-00000052,PT-000009,ENC-0000025,2339-0,Glucose,179.1,mg/dL,2025-08-15
OBS-00000053,PT-000010,ENC-0000026,2160-0,Creatinine,2.3,mg/dL,2025-11-24
OBS-00000054,PT-000010,ENC-0000027,718-7,Hemoglobin,12.1,g/dL,2026-04-10
OBS-00000055,PT-000010,ENC-0000027,8480-6,Systolic blood pressure,104.1,mmHg,2026-04-10
OBS-00000056,PT-000010,ENC-0000028,8462-4,Diastolic blood pressure,60.7,mmHg,2025-07-16
OBS-00000057,PT-000011,ENC-0000029,8480-6,Systolic blood pressure,128.7,mmHg,2025-05-03
OBS-00000058,PT-000011,ENC-0000029,2160-0,Creatinine,1.7,mg/dL,2025-05-03
OBS-00000059,PT-000011,ENC-0000029,8462-4,Diastolic blood pressure,105.0,mmHg,2025-05-03
OBS-00000060,PT-000011,ENC-0000030,718-7,Hemoglobin,14.8,g/dL,2025-07-18
OBS-00000061,PT-000011,ENC-0000030,4548-4,Hemoglobin A1c,12.3,%,2025-07-18
OBS-00000062,PT-000011,ENC-0000030,4548-4,Hemoglobin A1c,11.6,%,2025-07-18
OBS-00000063,PT-000012,ENC-0000031,8462-4,Diastolic blood pressure,97.4,mmHg,2026-08-19
OBS-00000064,PT-000012,ENC-0000031,2160-0,Creatinine,0.9,mg/dL,2026-08-19
OBS-00000065,PT-000012,ENC-0000032,2339-0,Glucose,204.7,mg/dL,2026-02-07
OBS-00000066,PT-000012,ENC-0000032,718-7,Hemoglobin,10.0,g/dL,2026-02-07
OBS-00000067,PT-000013,ENC-0000033,4548-4,Hemoglobin A1c,9.9,%,2025-11-13
OBS-00000068,PT-000014,ENC-0000034,4548-4,Hemoglobin A1c,6.2,%,2025-07-08
OBS-00000069,PT-000014,ENC-0000034,8480-6,Systolic blood pressure,142.6,mmHg,2025-07-08
OBS-00000070,PT-000014,ENC-0000035,2160-0,Creatinine,3.2,mg/dL,2026-09-14
OBS-00000071,PT-000014,ENC-0000036,8462-4,Diastolic blood pressure,108.9,mmHg,2026-01-05
OBS-00000072,PT-000014,ENC-0000036,4548-4,Hemoglobin A1c,5.5,%,2026-01-05
OBS-00000073,PT-000014,ENC-0000036,718-7,Hemoglobin,16.8,g/dL,2026-01-05
OBS-00000074,PT-000015,ENC-0000037,718-7,Hemoglobin,15.8,g/dL,2024-10-31
OBS-00000075,PT-000015,ENC-0000037,8462-4,Diastolic blood pressure,71.4,mmHg,2024-10-31
OBS-00000076,PT-000016,ENC-0000038,718-7,Hemoglobin,15.2,g/dL,2024-09-19
OBS-00000077,PT-000016,ENC-0000038,2339-0,Glucose,213.1,mg/dL,2024-09-19
OBS-00000078,PT-000017,ENC-0000039,8480-6,Systolic blood pressure,175.4,mmHg,2025-01-15
OBS-00000079,PT-000017,ENC-0000039,8480-6,Systolic blood pressure,152.2,mmHg,2025-01-15
OBS-00000080,PT-000017,ENC-0000039,2339-0,Glucose,233.4,mg/dL,2025-01-15
OBS-00000081,PT-000018,ENC-0000040,8480-6,Systolic blood pressure,168.1,mmHg,2026-08-09
OBS-00000082,PT-000018,ENC-0000041,2339-0,Glucose,185.7,mg/dL,2024-10-30
OBS-00000083,PT-000018,ENC-0000041,8462-4,Diastolic blood pressure,73.2,mmHg,2024-10-30
OBS-00000084,PT-000018,ENC-0000041,8462-4,Diastolic blood pressure,79.1,mmHg,2024-10-30
OBS-00000085,PT-000018,ENC-0000042,8480-6,Systolic blood pressure,181.4,mmHg,2026-05-20
OBS-00000086,PT-000018,ENC-0000043,8462-4,Diastolic blood pressure,92.6,mmHg,2026-07-08
OBS-00000087,PT-000018,ENC-0000043,8462-4,Diastolic blood pressure,55.0,mmHg,2026-07-08
OBS-00000088,PT-000018,ENC-0000043,8462-4,Diastolic blood pressure,96.2,mmHg,2026-07-08
OBS-00000089,PT-000018,ENC-0000044,2160-0,Creatinine,2.9,mg/dL,2026-05-26
OBS-00000090,PT-000018,ENC-0000044,8480-6,Systolic blood pressure,101.1,mmHg,2026-05-26
OBS-00000091,PT-000018,ENC-0000044,2339-0,Glucose,262.1,mg/dL,2026-05-26
OBS-00000092,PT-000019,ENC-0000045,8480-6,Systolic blood pressure,147.9,mmHg,2025-03-17
OBS-00000093,PT-000019,ENC-0000046,2339-0,Glucose,286.7,mg/dL,2026-03-19
OBS-00000094,PT-000020,ENC-0000047,2339-0,Glucose,171.4,mg/dL,2024-10-26
OBS-00000095,PT-000020,ENC-0000047,2160-0,Creatinine,3.3,mg/dL,2024-10-26
OBS-00000096,PT-000020,ENC-0000048,718-7,Hemoglobin,14.4,g/dL,2025-03-06
OBS-00000097,PT-000020,ENC-0000048,2160-0,Creatinine,0.8,mg/dL,2025-03-06
OBS-00000098,PT-000020,ENC-0000048,718-7,Hemoglobin,10.2,g/dL,2025-03-06
OBS-00000099,PT-000020,ENC-0000049,4548-4,Hemoglobin A1c,11.5,%,2026-07-03
OBS-00000100,PT-000020,ENC-0000049,2160-0,Creatinine,3.4,mg/dL,2026-07-03
OBS-00000101,PT-000020,ENC-0000049,4548-4,Hemoglobin A1c,6.2,%,2026-07-03
OBS-00000102,PT-000021,ENC-0000050,8480-6,Systolic blood pressure,177.8,mmHg,2024-11-11
OBS-00000103,PT-000021,ENC-0000050,8480-6,Systolic blood pressure,166.0,mmHg,2024-11-11
OBS-00000104,PT-000021,ENC-0000051,8480-6,Systolic blood pressure,144.2,mmHg,2025-01-18
OBS-00000105,PT-000021,ENC-0000051,8480-6,Systolic blood pressure,134.1,mmHg,2025-01-18
OBS-00000106,PT-000022,ENC-0000052,718-7,Hemoglobin,10.1,g/dL,2026-03-06
OBS-00000107,PT-000022,ENC-0000053,8462-4,Diastolic blood pressure,105.0,mmHg,2025-06-04
OBS-00000108,PT-000022,ENC-0000053,2339-0,Glucose,172.1,mg/dL,2025-06-04
OBS-00000109,PT-000022,ENC-0000053,2160-0,Creatinine,1.8,mg/dL,2025-06-04
OBS-00000110,PT-000022,ENC-0000054,4548-4,Hemoglobin A1c,4.9,%,2025-05-08
OBS-00000111,PT-000022,ENC-0000054,8480-6,Systolic blood pressure,133.2,mmHg,2025-05-08
OBS-00000112,PT-000022,ENC-0000054,2160-0,Creatinine,2.8,mg/dL,2025-05-08
OBS-00000113,PT-000022,ENC-0000055,2160-0,Creatinine,1.3,mg/dL,2026-05-17
OBS-00000114,PT-000022,ENC-0000055,2160-0,Creatinine,3.2,mg/dL,2026-05-17
OBS-00000115,PT-000022,ENC-0000056,4548-4,Hemoglobin A1c,5.1,%,2025-08-09
OBS-00000116,PT-000022,ENC-0000056,2339-0,Glucose,132.1,mg/dL,2025-08-09
OBS-00000117,PT-000022,ENC-0000056,718-7,Hemoglobin,12.1,g/dL,2025-08-09
OBS-00000118,PT-000023,ENC-0000057,8462-4,Diastolic blood pressure,88.0,mmHg,2026-07-01
OBS-00000119,PT-000023,ENC-0000057,8462-4,Diastolic blood pressure,62.2,mmHg,2026-07-01
OBS-00000120,PT-000023,ENC-0000057,2339-0,Glucose,170.9,mg/dL,2026-07-01
OBS-00000121,PT-000023,ENC-0000058,718-7,Hemoglobin,15.9,g/dL,2026-05-25
OBS-00000122,PT-000023,ENC-0000058,4548-4,Hemoglobin A1c,5.4,%,2026-05-25
OBS-00000123,PT-000023,ENC-0000059,2160-0,Creatinine,1.4,mg/dL,2026-07-09
OBS-00000124,PT-000023,ENC-0000060,8462-4,Diastolic blood pressure,87.2,mmHg,2025-05-09
OBS-00000125,PT-000023,ENC-0000060,8462-4,Diastolic blood pressure,66.1,mmHg,2025-05-09
OBS-00000126,PT-000023,ENC-0000060,8480-6,Systolic blood pressure,118.4,mmHg,2025-05-09
OBS-00000127,PT-000024,ENC-0000061,718-7,Hemoglobin,15.8,g/dL,2025-08-05
OBS-00000128,PT-000024,ENC-0000062,8462-4,Diastolic blood pressure,94.0,mmHg,2025-07-17
OBS-00000129,PT-000024,ENC-0000062,8462-4,Diastolic blood pressure,105.4,mmHg,2025-07-17
OBS-00000130,PT-000024,ENC-0000063,2160-0,Creatinine,2.6,mg/dL,2025-03-26
OBS-00000131,PT-000024,ENC-0000063,718-7,Hemoglobin,11.1,g/dL,2025-03-26
OBS-00000132,PT-000024,ENC-0000064,8480-6,Systolic blood pressure,170.6,mmHg,2025-08-27
OBS-00000133,PT-000025,ENC-0000065,718-7,Hemoglobin,12.7,g/dL,2024-10-20
OBS-00000134,PT-000025,ENC-0000065,2339-0,Glucose,246.5,mg/dL,2024-10-20
OBS-00000135,PT-000025,ENC-0000065,8462-4,Diastolic blood pressure,57.1,mmHg,2024-10-20
OBS-00000136,PT-000026,ENC-0000066,2339-0,Glucose,222.9,mg/dL,2025-01-27
OBS-00000137,PT-000026,ENC-0000066,4548-4,Hemoglobin A1c,9.9,%,2025-01-27
OBS-00000138,PT-000027,ENC-0000067,2339-0,Glucose,300.4,mg/dL,2026-04-09
OBS-00000139,PT-000027,ENC-0000068,8462-4,Diastolic blood pressure,97.3,mmHg,2025-11-26
OBS-00000140,PT-000027,ENC-0000068,2160-0,Creatinine,1.6,mg/dL,2025-11-26
OBS-00000141,PT-000027,ENC-0000068,2160-0,Creatinine,3.1,mg/dL,2025-11-26
OBS-00000142,PT-000028,ENC-0000069,2339-0,Glucose,122.7,mg/dL,2025-09-07
OBS-00000143,PT-000028,ENC-0000069,8480-6,Systolic blood pressure,158.0,mmHg,2025-09-07
OBS-00000144,PT-000028,ENC-0000069,2160-0,Creatinine,2.2,mg/dL,2025-09-07
OBS-00000145,PT-000028,ENC-0000070,4548-4,Hemoglobin A1c,7.2,%,2025-10-31
OBS-00000146,PT-000028,ENC-0000070,8480-6,Systolic blood pressure,117.5,mmHg,2025-10-31
OBS-00000147,PT-000028,ENC-0000070,718-7,Hemoglobin,16.0,g/dL,2025-10-31
OBS-00000148,PT-000029,ENC-0000071,8480-6,Systolic blood pressure,104.2,mmHg,2024-11-04
OBS-00000149,PT-000029,ENC-0000071,8480-6,Systolic blood pressure,137.4,mmHg,2024-11-04
OBS-00000150,PT-000029,ENC-0000071,8480-6,Systolic blood pressure,112.1,mmHg,2024-11-04
OBS-00000151,PT-000030,ENC-0000072,2160-0,Creatinine,3.9,mg/dL,2025-09-03
OBS-00000152,PT-000030,ENC-0000073,2339-0,Glucose,110.4,mg/dL,2025-04-29
OBS-00000153,PT-000030,ENC-0000073,718-7,Hemoglobin,13.8,g/dL,2025-04-29
OBS-00000154,PT-000030,ENC-0000074,8462-4,Diastolic blood pressure,96.7,mmHg,2025-09-29
OBS-00000155,PT-000030,ENC-0000074,2160-0,Creatinine,2.4,mg/dL,2025-09-29
OBS-00000156,PT-000031,ENC-0000075,2339-0,Glucose,139.0,mg/dL,2025-01-02
OBS-00000157,PT-000031,ENC-0000075,2339-0,Glucose,106.6,mg/dL,2025-01-02
OBS-00000158,PT-000031,ENC-0000075,2339-0,Glucose,271.3,mg/dL,2025-01-02
OBS-00000159,PT-000032,ENC-0000076,718-7,Hemoglobin,9.2,g/dL,2025-05-08
OBS-00000160,PT-000032,ENC-0000076,8480-6,Systolic blood pressure,121.9,mmHg,2025-05-08
OBS-00000161,PT-000032,ENC-0000076,2160-0,Creatinine,3.3,mg/dL,2025-05-08
OBS-00000162,PT-000033,ENC-0000077,718-7,Hemoglobin,11.8,g/dL,2024-12-28
OBS-00000163,PT-000033,ENC-0000077,4548-4,Hemoglobin A1c,10.7,%,2024-12-28
OBS-00000164,PT-000034,ENC-0000078,8462-4,Diastolic blood pressure,84.0,mmHg,2025-09-07
OBS-00000165,PT-000034,ENC-0000078,8480-6,Systolic blood pressure,150.3,mmHg,2025-09-07
OBS-00000166,PT-000034,ENC-0000078,2339-0,Glucose,93.3,mg/dL,2025-09-07
OBS-00000167,PT-000034,ENC-0000079,718-7,Hemoglobin,13.9,g/dL,2025-02-02
OBS-00000168,PT-000034,ENC-0000079,8480-6,Systolic blood pressure,110.7,mmHg,2025-02-02
OBS-00000169,PT-000034,ENC-0000080,718-7,Hemoglobin,13.5,g/dL,2026-03-18
OBS-00000170,PT-000034,ENC-0000081,4548-4,Hemoglobin A1c,11.1,%,2026-08-09
OBS-00000171,PT-000034,ENC-0000081,8462-4,Diastolic blood pressure,100.2,mmHg,2026-08-09
OBS-00000172,PT-000034,ENC-0000081,2339-0,Glucose,238.5,mg/dL,2026-08-09
OBS-00000173,PT-000034,ENC-0000082,8462-4,Diastolic blood pressure,97.1,mmHg,2026-09-01
OBS-00000174,PT-000034,ENC-0000082,4548-4,Hemoglobin A1c,9.6,%,2026-09-01
OBS-00000175,PT-000034,ENC-0000083,718-7,Hemoglobin,16.3,g/dL,2025-04-11
OBS-00000176,PT-000034,ENC-0000083,4548-4,Hemoglobin A1c,9.2,%,2025-04-11
OBS-00000177,PT-000034,ENC-0000083,718-7,Hemoglobin,9.7,g/dL,2025-04-11
OBS-00000178,PT-000035,ENC-0000084,718-7,Hemoglobin,12.7,g/dL,2025-08-22
OBS-00000179,PT-000035,ENC-0000084,8462-4,Diastolic blood pressure,109.2,mmHg,2025-08-22
OBS-00000180,PT-000035,ENC-0000084,2160-0,Creatinine,3.8,mg/dL,2025-08-22
OBS-00000181,PT-000035,ENC-0000085,4548-4,Hemoglobin A1c,10.8,%,2025-12-09
OBS-00000182,PT-000035,ENC-0000085,8462-4,Diastolic blood pressure,108.1,mmHg,2025-12-09
OBS-00000183,PT-000035,ENC-0000085,4548-4,Hemoglobin A1c,12.3,%,2025-12-09
OBS-00000184,PT-000036,ENC-0000086,4548-4,Hemoglobin A1c,5.9,%,2026-07-01
OBS-00000185,PT-000036,ENC-0000086,718-7,Hemoglobin,11.6,g/dL,2026-07-01
OBS-00000186,PT-000036,ENC-0000087,4548-4,Hemoglobin A1c,6.7,%,2025-02-04
OBS-00000187,PT-000036,ENC-0000087,8462-4,Diastolic blood pressure,85.7,mmHg,2025-02-04
OBS-00000188,PT-000036,ENC-0000088,8462-4,Diastolic blood pressure,60.1,mmHg,2025-08-22
OBS-00000189,PT-000036,ENC-0000088,8462-4,Diastolic blood pressure,82.9,mmHg,2025-08-22
OBS-00000190,PT-000036,ENC-0000088,718-7,Hemoglobin,13.6,g/dL,2025-08-22
OBS-00000191,PT-000036,ENC-0000089,2160-0,Creatinine,2.7,mg/dL,2025-04-13
OBS-00000192,PT-000036,ENC-0000089,4548-4,Hemoglobin A1c,9.1,%,2025-04-13
OBS-00000193,PT-000036,ENC-0000089,2160-0,Creatinine,1.1,mg/dL,2025-04-13
OBS-00000194,PT-000037,ENC-0000090,2160-0,Creatinine,3.0,mg/dL,2024-12-18
OBS-00000195,PT-000038,ENC-0000091,2160-0,Creatinine,4.1,mg/dL,2025-12-23
OBS-00000196,PT-000038,ENC-0000091,4548-4,Hemoglobin A1c,6.7,%,2025-12-23
OBS-00000197,PT-000039,ENC-0000092,2339-0,Glucose,132.0,mg/dL,2026-05-16
OBS-00000198,PT-000039,ENC-0000092,718-7,Hemoglobin,8.4,g/dL,2026-05-16
OBS-00000199,PT-000039,ENC-0000092,718-7,Hemoglobin,9.6,g/dL,2026-05-16
OBS-00000200,PT-000039,ENC-0000093,2339-0,Glucose,166.4,mg/dL,2024-11-18
OBS-00000201,PT-000040,ENC-0000094,8480-6,Systolic blood pressure,114.0,mmHg,2025-10-23
OBS-00000202,PT-000040,ENC-0000094,718-7,Hemoglobin,16.7,g/dL,2025-10-23
OBS-00000203,PT-000040,ENC-0000094,2339-0,Glucose,257.0,mg/dL,2025-10-23
OBS-00000204,PT-000040,ENC-0000095,8480-6,Systolic blood pressure,157.7,mmHg,2024-10-01
OBS-00000205,PT-000040,ENC-0000095,718-7,Hemoglobin,12.4,g/dL,2024-10-01
OBS-00000206,PT-000041,ENC-0000096,4548-4,Hemoglobin A1c,5.7,%,2025-07-06
OBS-00000207,PT-000041,ENC-0000096,2160-0,Creatinine,4.4,mg/dL,2025-07-06
OBS-00000208,PT-000041,ENC-0000097,2339-0,Glucose,78.1,mg/dL,2024-12-12
OBS-00000209,PT-000042,ENC-0000098,8462-4,Diastolic blood pressure,70.7,mmHg,2025-08-03
OBS-00000210,PT-000042,ENC-0000099,2160-0,Creatinine,4.2,mg/dL,2025-08-06
OBS-00000211,PT-000042,ENC-0000099,2160-0,Creatinine,4.1,mg/dL,2025-08-06
OBS-00000212,PT-000042,ENC-0000099,4548-4,Hemoglobin A1c,6.1,%,2025-08-06
OBS-00000213,PT-000042,ENC-0000100,8462-4,Diastolic blood pressure,90.9,mmHg,2025-07-15
OBS-00000214,PT-000042,ENC-0000100,8462-4,Diastolic blood pressure,99.9,mmHg,2025-07-15
OBS-00000215,PT-000042,ENC-0000101,8480-6,Systolic blood pressure,125.8,mmHg,2025-10-24
OBS-00000216,PT-000042,ENC-0000101,8480-6,Systolic blood pressure,168.4,mmHg,2025-10-24
OBS-00000217,PT-000042,ENC-0000101,8462-4,Diastolic blood pressure,59.7,mmHg,2025-10-24
OBS-00000218,PT-000043,ENC-0000102,8462-4,Diastolic blood pressure,86.4,mmHg,2026-08-23
OBS-00000219,PT-000043,ENC-0000102,2160-0,Creatinine,2.5,mg/dL,2026-08-23
OBS-00000220,PT-000043,ENC-0000102,2339-0,Glucose,299.4,mg/dL,2026-08-23
OBS-00000221,PT-000044,ENC-0000103,8480-6,Systolic blood pressure,141.8,mmHg,2026-07-16
OBS-00000222,PT-000044,ENC-0000103,8462-4,Diastolic blood pressure,87.2,mmHg,2026-07-16
OBS-00000223,PT-000044,ENC-0000104,2160-0,Creatinine,1.5,mg/dL,2025-08-20
OBS-00000224,PT-000044,ENC-0000104,8462-4,Diastolic blood pressure,105.3,mmHg,2025-08-20
OBS-00000225,PT-000044,ENC-0000104,8462-4,Diastolic blood pressure,69.0,mmHg,2025-08-20
OBS-00000226,PT-000045,ENC-0000105,4548-4,Hemoglobin A1c,11.8,%,2026-07-23
OBS-00000227,PT-000045,ENC-0000106,718-7,Hemoglobin,8.2,g/dL,2026-07-06
OBS-00000228,PT-000045,ENC-0000106,718-7,Hemoglobin,10.9,g/dL,2026-07-06
OBS-00000229,PT-000046,ENC-0000107,8480-6,Systolic blood pressure,160.0,mmHg,2025-09-18
OBS-00000230,PT-000046,ENC-0000107,8480-6,Systolic blood pressure,140.2,mmHg,2025-09-18
OBS-00000231,PT-000046,ENC-0000107,2339-0,Glucose,283.3,mg/dL,2025-09-18
OBS-00000232,PT-000046,ENC-0000108,8480-6,Systolic blood pressure,181.2,mmHg,2025-12-21
OBS-00000233,PT-000046,ENC-0000108,2339-0,Glucose,285.4,mg/dL,2025-12-21
OBS-00000234,PT-000046,ENC-0000109,8480-6,Systolic blood pressure,145.1,mmHg,2025-07-07
OBS-00000235,PT-000046,ENC-0000109,2160-0,Creatinine,3.4,mg/dL,2025-07-07
OBS-00000236,PT-000046,ENC-0000109,2339-0,Glucose,272.4,mg/dL,2025-07-07
OBS-00000237,PT-000046,ENC-0000110,4548-4,Hemoglobin A1c,11.0,%,2026-05-13
OBS-00000238,PT-000046,ENC-0000110,2339-0,Glucose,278.7,mg/dL,2026-05-13
OBS-00000239,PT-000046,ENC-0000110,4548-4,Hemoglobin A1c,5.2,%,2026-05-13
OBS-00000240,PT-000046,ENC-0000111,8480-6,Systolic blood pressure,154.1,mmHg,2026-06-05
OBS-00000241,PT-000046,ENC-0000111,8480-6,Systolic blood pressure,163.6,mmHg,2026-06-05
OBS-00000242,PT-000046,ENC-0000111,4548-4,Hemoglobin A1c,7.8,%,2026-06-05
OBS-00000243,PT-000046,ENC-0000112,8462-4,Diastolic blood pressure,66.2,mmHg,2026-04-24
OBS-00000244,PT-000046,ENC-0000112,2160-0,Creatinine,1.8,mg/dL,2026-04-24
OBS-00000245,PT-000046,ENC-0000113,2160-0,Creatinine,4.1,mg/dL,2025-01-28
OBS-00000246,PT-000046,ENC-0000113,4548-4,Hemoglobin A1c,12.5,%,2025-01-28
OBS-00000247,PT-000047,ENC-0000114,8480-6,Systolic blood pressure,153.1,mmHg,2025-06-01
OBS-00000248,PT-000047,ENC-0000114,4548-4,Hemoglobin A1c,8.4,%,2025-06-01
OBS-00000249,PT-000047,ENC-0000114,2339-0,Glucose,261.6,mg/dL,2025-06-01
OBS-00000250,PT-000047,ENC-0000115,8462-4,Diastolic blood pressure,81.7,mmHg,2025-03-21
OBS-00000251,PT-000047,ENC-0000115,8480-6,Systolic blood pressure,105.9,mmHg,2025-03-21
OBS-00000252,PT-000047,ENC-0000116,8462-4,Diastolic blood pressure,89.8,mmHg,2025-03-09
OBS-00000253,PT-000047,ENC-0000116,718-7,Hemoglobin,16.5,g/dL,2025-03-09
OBS-00000254,PT-000048,ENC-0000117,8480-6,Systolic blood pressure,167.7,mmHg,2026-03-28
OBS-00000255,PT-000048,ENC-0000118,8480-6,Systolic blood pressure,142.6,mmHg,2026-04-12
OBS-00000256,PT-000048,ENC-0000118,8480-6,Systolic blood pressure,155.8,mmHg,2026-04-12
OBS-00000257,PT-000049,ENC-0000119,4548-4,Hemoglobin A1c,9.9,%,2025-06-14
OBS-00000258,PT-000049,ENC-0000120,8480-6,Systolic blood pressure,100.8,mmHg,2025-01-06
OBS-00000259,PT-000049,ENC-0000120,4548-4,Hemoglobin A1c,11.2,%,2025-01-06
OBS-00000260,PT-000049,ENC-0000121,718-7,Hemoglobin,9.0,g/dL,2025-08-19
OBS-00000261,PT-000049,ENC-0000121,2339-0,Glucose,106.0,mg/dL,2025-08-19
OBS-00000262,PT-000049,ENC-0000121,4548-4,Hemoglobin A1c,9.8,%,2025-08-19
OBS-00000263,PT-000050,ENC-0000122,8480-6,Systolic blood pressure,121.3,mmHg,2026-04-12
OBS-00000264,PT-000050,ENC-0000122,2160-0,Creatinine,4.1,mg/dL,2026-04-12
OBS-00000265,PT-000050,ENC-0000122,718-7,Hemoglobin,12.8,g/dL,2026-04-12
OBS-00000266,PT-000050,ENC-0000123,8480-6,Systolic blood pressure,164.5,mmHg,2024-12-15
OBS-00000267,PT-000050,ENC-0000124,8462-4,Diastolic blood pressure,80.7,mmHg,2026-02-10
OBS-00000268,PT-000051,ENC-0000125,8480-6,Systolic blood pressure,114.9,mmHg,2026-03-03
OBS-00000269,PT-000051,ENC-0000125,4548-4,Hemoglobin A1c,9.7,%,2026-03-03
OBS-00000270,PT-000051,ENC-0000126,8480-6,Systolic blood pressure,158.3,mmHg,2026-06-03
OBS-00000271,PT-000051,ENC-0000127,4548-4,Hemoglobin A1c,7.8,%,2025-05-19
OBS-00000272,PT-000052,ENC-0000128,8480-6,Systolic blood pressure,182.4,mmHg,2026-08-20
OBS-00000273,PT-000052,ENC-0000129,8462-4,Diastolic blood pressure,58.6,mmHg,2025-07-07
OBS-00000274,PT-000052,ENC-0000129,4548-4,Hemoglobin A1c,8.0,%,2025-07-07
OBS-00000275,PT-000052,ENC-0000130,8462-4,Diastolic blood pressure,88.4,mmHg,2025-11-25
OBS-00000276,PT-000052,ENC-0000131,8462-4,Diastolic blood pressure,97.8,mmHg,2026-01-16
OBS-00000277,PT-000052,ENC-0000131,8480-6,Systolic blood pressure,150.7,mmHg,2026-01-16
OBS-00000278,PT-000053,ENC-0000132,2160-0,Creatinine,1.1,mg/dL,2026-07-12
OBS-00000279,PT-000053,ENC-0000132,2160-0,Creatinine,0.7,mg/dL,2026-07-12
OBS-00000280,PT-000053,ENC-0000133,2339-0,Glucose,71.8,mg/dL,2025-03-30
OBS-00000281,PT-000053,ENC-0000134,718-7,Hemoglobin,10.1,g/dL,2025-07-31
OBS-00000282,PT-000053,ENC-0000134,2339-0,Glucose,100.7,mg/dL,2025-07-31
OBS-00000283,PT-000053,ENC-0000135,4548-4,Hemoglobin A1c,12.1,%,2026-08-31
OBS-00000284,PT-000053,ENC-0000135,8462-4,Diastolic blood pressure,91.5,mmHg,2026-08-31
OBS-00000285,PT-000053,ENC-0000136,718-7,Hemoglobin,8.2,g/dL,2025-03-08
OBS-00000286,PT-000053,ENC-0000137,4548-4,Hemoglobin A1c,6.8,%,2025-05-05
OBS-00000287,PT-000053,ENC-0000137,8480-6,Systolic blood pressure,115.2,mmHg,2025-05-05
OBS-00000288,PT-000054,ENC-0000138,8462-4,Diastolic blood pressure,69.0,mmHg,2026-08-15
OBS-00000289,PT-000054,ENC-0000139,8462-4,Diastolic blood pressure,59.4,mmHg,2025-02-14
OBS-00000290,PT-000054,ENC-0000139,8480-6,Systolic blood pressure,132.5,mmHg,2025-02-14
OBS-00000291,PT-000054,ENC-0000139,4548-4,Hemoglobin A1c,6.8,%,2025-02-14
OBS-00000292,PT-000054,ENC-0000140,8480-6,Systolic blood pressure,122.3,mmHg,2024-09-26
OBS-00000293,PT-000054,ENC-0000140,8462-4,Diastolic blood pressure,88.2,mmHg,2024-09-26
OBS-00000294,PT-000054,ENC-0000140,8480-6,Systolic blood pressure,166.3,mmHg,2024-09-26
OBS-00000295,PT-000054,ENC-0000141,8462-4,Diastolic blood pressure,109.0,mmHg,2025-11-24
OBS-00000296,PT-000054,ENC-0000141,2339-0,Glucose,175.2,mg/dL,2025-11-24
OBS-00000297,PT-000054,ENC-0000141,4548-4,Hemoglobin A1c,11.1,%,2025-11-24
OBS-00000298,PT-000055,ENC-0000142,4548-4,Hemoglobin A1c,12.4,%,2026-05-31
OBS-00000299,PT-000055,ENC-0000143,718-7,Hemoglobin,8.8,g/dL,2026-06-10
OBS-00000300,PT-000055,ENC-0000143,2160-0,Creatinine,1.8,mg/dL,2026-06-10
OBS-00000301,PT-000055,ENC-0000143,4548-4,Hemoglobin A1c,9.7,%,2026-06-10
OBS-00000302,PT-000055,ENC-0000144,718-7,Hemoglobin,10.1,g/dL,2025-07-31
OBS-00000303,PT-000055,ENC-0000145,8480-6,Systolic blood pressure,146.5,mmHg,2026-05-10
OBS-00000304,PT-000055,ENC-0000145,2339-0,Glucose,210.5,mg/dL,2026-05-10
OBS-00000305,PT-000055,ENC-0000145,8462-4,Diastolic blood pressure,76.5,mmHg,2026-05-10
OBS-00000306,PT-000055,ENC-0000146,2339-0,Glucose,148.9,mg/dL,2026-01-01
OBS-00000307,PT-000055,ENC-0000146,2160-0,Creatinine,1.6,mg/dL,2026-01-01
OBS-00000308,PT-000055,ENC-0000146,2339-0,Glucose,121.8,mg/dL,2026-01-01
OBS-00000309,PT-000056,ENC-0000147,2160-0,Creatinine,3.3,mg/dL,2024-10-20
OBS-00000310,PT-000057,ENC-0000148,8462-4,Diastolic blood pressure,90.5,mmHg,2024-09-28
OBS-00000311,PT-000057,ENC-0000148,2160-0,Creatinine,2.8,mg/dL,2024-09-28
OBS-00000312,PT-000057,ENC-0000149,8480-6,Systolic blood pressure,143.0,mmHg,2025-09-29
OBS-00000313,PT-000057,ENC-0000149,2160-0,Creatinine,4.0,mg/dL,2025-09-29
OBS-00000314,PT-000057,ENC-0000149,8462-4,Diastolic blood pressure,105.7,mmHg,2025-09-29
OBS-00000315,PT-000058,ENC-0000150,2339-0,Glucose,180.6,mg/dL,2024-09-22
OBS-00000316,PT-000058,ENC-0000150,4548-4,Hemoglobin A1c,6.9,%,2024-09-22
OBS-00000317,PT-000058,ENC-0000150,4548-4,Hemoglobin A1c,7.6,%,2024-09-22
OBS-00000318,PT-000058,ENC-0000151,2339-0,Glucose,189.2,mg/dL,2025-03-09
OBS-00000319,PT-000058,ENC-0000151,718-7,Hemoglobin,12.4,g/dL,2025-03-09
OBS-00000320,PT-000059,ENC-0000152,4548-4,Hemoglobin A1c,5.2,%,2025-10-07
OBS-00000321,PT-000059,ENC-0000153,718-7,Hemoglobin,16.6,g/dL,2025-08-14
OBS-00000322,PT-000059,ENC-0000153,2160-0,Creatinine,0.6,mg/dL,2025-08-14
OBS-00000323,PT-000060,ENC-0000154,8480-6,Systolic blood pressure,138.9,mmHg,2025-01-09
OBS-00000324,PT-000060,ENC-0000154,2339-0,Glucose,136.2,mg/dL,2025-01-09
OBS-00000325,PT-000060,ENC-0000155,2160-0,Creatinine,2.1,mg/dL,2024-11-19
OBS-00000326,PT-000060,ENC-0000155,8462-4,Diastolic blood pressure,78.2,mmHg,2024-11-19
OBS-00000327,PT-000060,ENC-0000156,2339-0,Glucose,239.4,mg/dL,2025-10-28
OBS-00000328,PT-000060,ENC-0000156,2160-0,Creatinine,3.9,mg/dL,2025-10-28
OBS-00000329,PT-000060,ENC-0000156,2339-0,Glucose,195.7,mg/dL,2025-10-28
OBS-00000330,PT-000060,ENC-0000157,718-7,Hemoglobin,13.7,g/dL,2024-11-03
OBS-00000331,PT-000060,ENC-0000158,718-7,Hemoglobin,13.5,g/dL,2025-05-19
OBS-00000332,PT-000060,ENC-0000159,4548-4,Hemoglobin A1c,6.9,%,2026-07-24
OBS-00000333,PT-000060,ENC-0000159,718-7,Hemoglobin,13.0,g/dL,2026-07-24
OBS-00000334,PT-000060,ENC-0000159,2339-0,Glucose,152.7,mg/dL,2026-07-24
OBS-00000335,PT-000061,ENC-0000160,2160-0,Creatinine,3.8,mg/dL,2026-01-08
OBS-00000336,PT-000061,ENC-0000160,718-7,Hemoglobin,15.6,g/dL,2026-01-08
OBS-00000337,PT-000061,ENC-0000160,8462-4,Diastolic blood pressure,91.8,mmHg,2026-01-08
OBS-00000338,PT-000061,ENC-0000161,8480-6,Systolic blood pressure,121.2,mmHg,2025-01-12
OBS-00000339,PT-000062,ENC-0000162,8462-4,Diastolic blood pressure,99.4,mmHg,2026-01-05
OBS-00000340,PT-000062,ENC-0000162,2160-0,Creatinine,4.1,mg/dL,2026-01-05
OBS-00000341,PT-000062,ENC-0000163,2160-0,Creatinine,3.1,mg/dL,2026-05-09
OBS-00000342,PT-000062,ENC-0000163,2339-0,Glucose,101.6,mg/dL,2026-05-09
OBS-00000343,PT-000062,ENC-0000163,2339-0,Glucose,142.0,mg/dL,2026-05-09
OBS-00000344,PT-000062,ENC-0000164,2339-0,Glucose,202.4,mg/dL,2024-12-14
OBS-00000345,PT-000062,ENC-0000164,2160-0,Creatinine,0.8,mg/dL,2024-12-14
OBS-00000346,PT-000062,ENC-0000165,2339-0,Glucose,239.9,mg/dL,2025-05-04
OBS-00000347,PT-000063,ENC-0000166,2160-0,Creatinine,2.4,mg/dL,2025-11-26
OBS-00000348,PT-000063,ENC-0000167,8480-6,Systolic blood pressure,158.3,mmHg,2025-05-21
OBS-00000349,PT-000063,ENC-0000168,2160-0,Creatinine,2.0,mg/dL,2026-03-18
OBS-00000350,PT-000063,ENC-0000169,8462-4,Diastolic blood pressure,86.3,mmHg,2024-11-12
OBS-00000351,PT-000063,ENC-0000169,8480-6,Systolic blood pressure,157.9,mmHg,2024-11-12
OBS-00000352,PT-000063,ENC-0000170,8462-4,Diastolic blood pressure,86.1,mmHg,2026-06-22
OBS-00000353,PT-000063,ENC-0000170,4548-4,Hemoglobin A1c,8.0,%,2026-06-22
OBS-00000354,PT-000063,ENC-0000170,4548-4,Hemoglobin A1c,5.0,%,2026-06-22
OBS-00000355,PT-000063,ENC-0000171,8462-4,Diastolic blood pressure,96.5,mmHg,2024-11-28
OBS-00000356,PT-000063,ENC-0000171,2339-0,Glucose,278.3,mg/dL,2024-11-28
OBS-00000357,PT-000064,ENC-0000172,8462-4,Diastolic blood pressure,82.6,mmHg,2026-02-17
OBS-00000358,PT-000064,ENC-0000172,4548-4,Hemoglobin A1c,8.4,%,2026-02-17
OBS-00000359,PT-000065,ENC-0000173,4548-4,Hemoglobin A1c,6.9,%,2026-05-27
OBS-00000360,PT-000065,ENC-0000173,2160-0,Creatinine,3.6,mg/dL,2026-05-27
OBS-00000361,PT-000065,ENC-0000173,8462-4,Diastolic blood pressure,62.8,mmHg,2026-05-27
OBS-00000362,PT-000066,ENC-0000174,2160-0,Creatinine,2.5,mg/dL,2025-02-27
OBS-00000363,PT-000066,ENC-0000174,8462-4,Diastolic blood pressure,108.7,mmHg,2025-02-27
OBS-00000364,PT-000066,ENC-0000174,4548-4,Hemoglobin A1c,6.4,%,2025-02-27
OBS-00000365,PT-000066,ENC-0000175,2160-0,Creatinine,2.4,mg/dL,2026-03-17
OBS-00000366,PT-000066,ENC-0000175,718-7,Hemoglobin,10.7,g/dL,2026-03-17
OBS-00000367,PT-000066,ENC-0000175,8462-4,Diastolic blood pressure,57.7,mmHg,2026-03-17
OBS-00000368,PT-000067,ENC-0000176,8462-4,Diastolic blood pressure,68.9,mmHg,2024-10-02
OBS-00000369,PT-000068,ENC-0000177,4548-4,Hemoglobin A1c,7.1,%,2025-02-28
OBS-00000370,PT-000068,ENC-0000177,2339-0,Glucose,76.2,mg/dL,2025-02-28
OBS-00000371,PT-000068,ENC-0000177,4548-4,Hemoglobin A1c,7.8,%,2025-02-28
OBS-00000372,PT-000069,ENC-0000178,2339-0,Glucose,187.2,mg/dL,2024-11-19
OBS-00000373,PT-000069,ENC-0000178,8462-4,Diastolic blood pressure,66.7,mmHg,2024-11-19
OBS-00000374,PT-000069,ENC-0000179,8462-4,Diastolic blood pressure,105.8,mmHg,2025-02-04
OBS-00000375,PT-000069,ENC-0000180,8462-4,Diastolic blood pressure,94.1,mmHg,2026-02-20
OBS-00000376,PT-000070,ENC-0000181,8480-6,Systolic blood pressure,97.1,mmHg,2025-06-01
OBS-00000377,PT-000070,ENC-0000182,8480-6,Systolic blood pressure,111.0,mmHg,2025-02-23
OBS-00000378,PT-000070,ENC-0000183,8462-4,Diastolic blood pressure,100.4,mmHg,2025-05-06
OBS-00000379,PT-000070,ENC-0000183,4548-4,Hemoglobin A1c,8.8,%,2025-05-06
OBS-00000380,PT-000070,ENC-0000183,2160-0,Creatinine,3.0,mg/dL,2025-05-06
OBS-00000381,PT-000071,ENC-0000184,718-7,Hemoglobin,16.6,g/dL,2026-04-13
OBS-00000382,PT-000071,ENC-0000184,2160-0,Creatinine,3.4,mg/dL,2026-04-13
OBS-00000383,PT-000071,ENC-0000185,2339-0,Glucose,97.1,mg/dL,2025-08-12
OBS-00000384,PT-000071,ENC-0000186,8462-4,Diastolic blood pressure,71.4,mmHg,2025-11-25
OBS-00000385,PT-000071,ENC-0000187,2339-0,Glucose,116.2,mg/dL,2025-02-24
OBS-00000386,PT-000071,ENC-0000187,2160-0,Creatinine,4.1,mg/dL,2025-02-24
OBS-00000387,PT-000071,ENC-0000188,4548-4,Hemoglobin A1c,5.9,%,2025-07-27
OBS-00000388,PT-000071,ENC-0000188,718-7,Hemoglobin,8.5,g/dL,2025-07-27
OBS-00000389,PT-000071,ENC-0000189,2160-0,Creatinine,4.2,mg/dL,2025-07-20
OBS-00000390,PT-000072,ENC-0000190,2339-0,Glucose,313.2,mg/dL,2026-05-04
OBS-00000391,PT-000072,ENC-0000190,718-7,Hemoglobin,9.0,g/dL,2026-05-04
OBS-00000392,PT-000072,ENC-0000190,718-7,Hemoglobin,10.6,g/dL,2026-05-04
OBS-00000393,PT-000072,ENC-0000191,2160-0,Creatinine,4.3,mg/dL,2025-10-16
OBS-00000394,PT-000072,ENC-0000191,8462-4,Diastolic blood pressure,59.3,mmHg,2025-10-16
OBS-00000395,PT-000073,ENC-0000192,2339-0,Glucose,76.7,mg/dL,2026-07-03
OBS-00000396,PT-000073,ENC-0000192,2339-0,Glucose,210.4,mg/dL,2026-07-03
OBS-00000397,PT-000074,ENC-0000193,2160-0,Creatinine,1.7,mg/dL,2025-05-22
OBS-00000398,PT-000074,ENC-0000194,8480-6,Systolic blood pressure,153.2,mmHg,2026-04-04
OBS-00000399,PT-000074,ENC-0000194,718-7,Hemoglobin,11.9,g/dL,2026-04-04
OBS-00000400,PT-000074,ENC-0000194,718-7,Hemoglobin,15.0,g/dL,2026-04-04
OBS-00000401,PT-000075,ENC-0000195,8480-6,Systolic blood pressure,156.6,mmHg,2026-06-24
OBS-00000402,PT-000075,ENC-0000195,4548-4,Hemoglobin A1c,12.1,%,2026-06-24
OBS-00000403,PT-000075,ENC-0000195,8462-4,Diastolic blood pressure,96.2,mmHg,2026-06-24
OBS-00000404,PT-000076,ENC-0000196,2160-0,Creatinine,4.2,mg/dL,2025-05-14
OBS-00000405,PT-000076,ENC-0000197,4548-4,Hemoglobin A1c,10.1,%,2024-11-27
OBS-00000406,PT-000076,ENC-0000197,2339-0,Glucose,201.1,mg/dL,2024-11-27
OBS-00000407,PT-000076,ENC-0000197,718-7,Hemoglobin,14.9,g/dL,2024-11-27
OBS-00000408,PT-000076,ENC-0000198,4548-4,Hemoglobin A1c,7.4,%,2024-11-23
OBS-00000409,PT-000076,ENC-0000198,4548-4,Hemoglobin A1c,10.4,%,2024-11-23
OBS-00000410,PT-000076,ENC-0000198,2339-0,Glucose,178.8,mg/dL,2024-11-23
OBS-00000411,PT-000076,ENC-0000199,8462-4,Diastolic blood pressure,90.2,mmHg,2025-04-23
OBS-00000412,PT-000076,ENC-0000199,8480-6,Systolic blood pressure,150.9,mmHg,2025-04-23
OBS-00000413,PT-000077,ENC-0000200,2160-0,Creatinine,3.2,mg/dL,2024-11-16
OBS-00000414,PT-000077,ENC-0000200,8462-4,Diastolic blood pressure,89.9,mmHg,2024-11-16
OBS-00000415,PT-000077,ENC-0000201,2339-0,Glucose,166.3,mg/dL,2024-09-25
OBS-00000416,PT-000077,ENC-0000201,2339-0,Glucose,227.8,mg/dL,2024-09-25
OBS-00000417,PT-000077,ENC-0000202,8480-6,Systolic blood pressure,98.6,mmHg,2025-05-23
OBS-00000418,PT-000077,ENC-0000202,718-7,Hemoglobin,8.9,g/dL,2025-05-23
OBS-00000419,PT-000077,ENC-0000202,718-7,Hemoglobin,16.8,g/dL,2025-05-23
OBS-00000420,PT-000078,ENC-0000203,718-7,Hemoglobin,14.1,g/dL,2026-01-08
OBS-00000421,PT-000078,ENC-0000204,718-7,Hemoglobin,16.0,g/dL,2025-09-08
OBS-00000422,PT-000078,ENC-0000205,8480-6,Systolic blood pressure,162.9,mmHg,2025-05-28
OBS-00000423,PT-000078,ENC-0000206,4548-4,Hemoglobin A1c,7.7,%,2026-09-06
OBS-00000424,PT-000078,ENC-0000206,718-7,Hemoglobin,12.5,g/dL,2026-09-06
OBS-00000425,PT-000078,ENC-0000207,2160-0,Creatinine,1.1,mg/dL,2025-08-17
OBS-00000426,PT-000079,ENC-0000208,4548-4,Hemoglobin A1c,10.0,%,2025-02-15
OBS-00000427,PT-000079,ENC-0000208,2339-0,Glucose,315.0,mg/dL,2025-02-15
OBS-00000428,PT-000079,ENC-0000209,2339-0,Glucose,210.7,mg/dL,2025-01-15
OBS-00000429,PT-000079,ENC-0000209,8462-4,Diastolic blood pressure,72.7,mmHg,2025-01-15
OBS-00000430,PT-000079,ENC-0000210,8480-6,Systolic blood pressure,117.1,mmHg,2026-05-28
OBS-00000431,PT-000080,ENC-0000211,4548-4,Hemoglobin A1c,11.8,%,2026-09-15
OBS-00000432,PT-000080,ENC-0000211,718-7,Hemoglobin,12.8,g/dL,2026-09-15
OBS-00000433,PT-000080,ENC-0000211,2339-0,Glucose,255.2,mg/dL,2026-09-15
OBS-00000434,PT-000080,ENC-0000212,8480-6,Systolic blood pressure,154.2,mmHg,2026-01-05
OBS-00000435,PT-000080,ENC-0000212,4548-4,Hemoglobin A1c,10.7,%,2026-01-05
OBS-00000436,PT-000080,ENC-0000212,8480-6,Systolic blood pressure,170.7,mmHg,2026-01-05
OBS-00000437,PT-000080,ENC-0000213,8480-6,Systolic blood pressure,113.7,mmHg,2025-01-25
OBS-00000438,PT-000081,ENC-0000214,2339-0,Glucose,260.6,mg/dL,2026-02-16
OBS-00000439,PT-000081,ENC-0000215,8462-4,Diastolic blood pressure,60.2,mmHg,2025-09-22
OBS-00000440,PT-000081,ENC-0000215,718-7,Hemoglobin,14.7,g/dL,2025-09-22
OBS-00000441,PT-000082,ENC-0000216,2160-0,Creatinine,2.0,mg/dL,2026-02-28
OBS-00000442,PT-000083,ENC-0000217,8462-4,Diastolic blood pressure,87.8,mmHg,2026-02-24
OBS-00000443,PT-000084,ENC-0000218,8462-4,Diastolic blood pressure,90.7,mmHg,2024-12-27
OBS-00000444,PT-000084,ENC-0000218,2160-0,Creatinine,1.3,mg/dL,2024-12-27
OBS-00000445,PT-000085,ENC-0000219,4548-4,Hemoglobin A1c,7.5,%,2026-05-26
OBS-00000446,PT-000085,ENC-0000220,8462-4,Diastolic blood pressure,70.7,mmHg,2026-04-10
OBS-00000447,PT-000085,ENC-0000221,2339-0,Glucose,307.5,mg/dL,2025-12-07
OBS-00000448,PT-000085,ENC-0000221,718-7,Hemoglobin,9.0,g/dL,2025-12-07
OBS-00000449,PT-000085,ENC-0000222,2339-0,Glucose,253.3,mg/dL,2025-05-15
OBS-00000450,PT-000085,ENC-0000222,8480-6,Systolic blood pressure,146.5,mmHg,2025-05-15
OBS-00000451,PT-000085,ENC-0000222,4548-4,Hemoglobin A1c,11.3,%,2025-05-15
OBS-00000452,PT-000086,ENC-0000223,2339-0,Glucose,118.7,mg/dL,2026-04-15
OBS-00000453,PT-000086,ENC-0000223,8480-6,Systolic blood pressure,122.8,mmHg,2026-04-15
OBS-00000454,PT-000086,ENC-0000223,4548-4,Hemoglobin A1c,8.2,%,2026-04-15
OBS-00000455,PT-000086,ENC-0000224,8480-6,Systolic blood pressure,127.4,mmHg,2024-12-06
OBS-00000456,PT-000086,ENC-0000224,2160-0,Creatinine,2.2,mg/dL,2024-12-06
OBS-00000457,PT-000086,ENC-0000224,8462-4,Diastolic blood pressure,92.1,mmHg,2024-12-06
OBS-00000458,PT-000086,ENC-0000225,718-7,Hemoglobin,12.6,g/dL,2026-03-21
OBS-00000459,PT-000086,ENC-0000225,4548-4,Hemoglobin A1c,9.8,%,2026-03-21
OBS-00000460,PT-000087,ENC-0000226,2160-0,Creatinine,0.9,mg/dL,2025-11-11
OBS-00000461,PT-000087,ENC-0000226,4548-4,Hemoglobin A1c,5.2,%,2025-11-11
OBS-00000462,PT-000087,ENC-0000227,8480-6,Systolic blood pressure,100.7,mmHg,2025-04-29
OBS-00000463,PT-000087,ENC-0000227,8480-6,Systolic blood pressure,133.6,mmHg,2025-04-29
OBS-00000464,PT-000087,ENC-0000227,718-7,Hemoglobin,9.2,g/dL,2025-04-29
OBS-00000465,PT-000087,ENC-0000228,718-7,Hemoglobin,12.1,g/dL,2025-08-20
OBS-00000466,PT-000087,ENC-0000229,2160-0,Creatinine,0.8,mg/dL,2025-12-10
OBS-00000467,PT-000087,ENC-0000229,718-7,Hemoglobin,11.7,g/dL,2025-12-10
OBS-00000468,PT-000087,ENC-0000230,4548-4,Hemoglobin A1c,7.2,%,2024-09-19
OBS-00000469,PT-000087,ENC-0000230,4548-4,Hemoglobin A1c,9.2,%,2024-09-19
OBS-00000470,PT-000088,ENC-0000231,4548-4,Hemoglobin A1c,6.9,%,2025-12-25
OBS-00000471,PT-000088,ENC-0000231,2160-0,Creatinine,1.0,mg/dL,2025-12-25
OBS-00000472,PT-000088,ENC-0000232,2339-0,Glucose,285.8,mg/dL,2025-10-02
OBS-00000473,PT-000088,ENC-0000232,718-7,Hemoglobin,9.0,g/dL,2025-10-02
OBS-00000474,PT-000088,ENC-0000232,8462-4,Diastolic blood pressure,73.6,mmHg,2025-10-02
OBS-00000475,PT-000089,ENC-0000233,8462-4,Diastolic blood pressure,106.6,mmHg,2025-03-11
OBS-00000476,PT-000089,ENC-0000233,8480-6,Systolic blood pressure,177.7,mmHg,2025-03-11
OBS-00000477,PT-000089,ENC-0000233,8462-4,Diastolic blood pressure,98.8,mmHg,2025-03-11
OBS-00000478,PT-000089,ENC-0000234,8480-6,Systolic blood pressure,128.6,mmHg,2025-03-08
OBS-00000479,PT-000090,ENC-0000235,718-7,Hemoglobin,9.1,g/dL,2026-07-12
OBS-00000480,PT-000090,ENC-0000235,8480-6,Systolic blood pressure,111.9,mmHg,2026-07-12
OBS-00000481,PT-000090,ENC-0000235,2339-0,Glucose,256.4,mg/dL,2026-07-12
OBS-00000482,PT-000090,ENC-0000236,8462-4,Diastolic blood pressure,55.8,mmHg,2025-07-31
OBS-00000483,PT-000091,ENC-0000237,8462-4,Diastolic blood pressure,60.8,mmHg,2026-01-01
OBS-00000484,PT-000091,ENC-0000237,2160-0,Creatinine,2.0,mg/dL,2026-01-01
OBS-00000485,PT-000091,ENC-0000237,8480-6,Systolic blood pressure,138.4,mmHg,2026-01-01
OBS-00000486,PT-000091,ENC-0000238,8462-4,Diastolic blood pressure,62.9,mmHg,2026-09-13
OBS-00000487,PT-000091,ENC-0000239,718-7,Hemoglobin,13.7,g/dL,2025-07-27
OBS-00000488,PT-000091,ENC-0000239,2339-0,Glucose,221.5,mg/dL,2025-07-27
OBS-00000489,PT-000092,ENC-0000240,8480-6,Systolic blood pressure,108.6,mmHg,2026-05-16
OBS-00000490,PT-000092,ENC-0000240,2160-0,Creatinine,3.3,mg/dL,2026-05-16
OBS-00000491,PT-000092,ENC-0000241,4548-4,Hemoglobin A1c,6.6,%,2026-07-18
OBS-00000492,PT-000092,ENC-0000242,2339-0,Glucose,116.6,mg/dL,2026-01-26
OBS-00000493,PT-000092,ENC-0000242,4548-4,Hemoglobin A1c,11.6,%,2026-01-26
OBS-00000494,PT-000093,ENC-0000243,4548-4,Hemoglobin A1c,7.3,%,2026-07-12
OBS-00000495,PT-000093,ENC-0000243,2339-0,Glucose,141.3,mg/dL,2026-07-12
OBS-00000496,PT-000093,ENC-0000243,4548-4,Hemoglobin A1c,9.8,%,2026-07-12
OBS-00000497,PT-000093,ENC-0000244,2160-0,Creatinine,4.1,mg/dL,2024-12-20
OBS-00000498,PT-000093,ENC-0000244,4548-4,Hemoglobin A1c,12.5,%,2024-12-20
OBS-00000499,PT-000094,ENC-0000245,2339-0,Glucose,104.7,mg/dL,2024-11-04
OBS-00000500,PT-000095,ENC-0000246,2339-0,Glucose,159.9,mg/dL,2025-01-21
OBS-00000501,PT-000095,ENC-0000247,8480-6,Systolic blood pressure,120.4,mmHg,2026-09-11
OBS-00000502,PT-000095,ENC-0000247,2160-0,Creatinine,2.9,mg/dL,2026-09-11
OBS-00000503,PT-000095,ENC-0000248,2160-0,Creatinine,2.7,mg/dL,2026-04-24
OBS-00000504,PT-000095,ENC-0000249,2160-0,Creatinine,4.1,mg/dL,2025-06-14
OBS-00000505,PT-000095,ENC-0000249,2339-0,Glucose,209.4,mg/dL,2025-06-14
OBS-00000506,PT-000095,ENC-0000249,2160-0,Creatinine,4.0,mg/dL,2025-06-14
OBS-00000507,PT-000095,ENC-0000250,718-7,Hemoglobin,13.9,g/dL,2025-09-01
OBS-00000508,PT-000095,ENC-0000250,2339-0,Glucose,141.9,mg/dL,2025-09-01
OBS-00000509,PT-000096,ENC-0000251,4548-4,Hemoglobin A1c,11.4,%,2026-07-07
OBS-00000510,PT-000096,ENC-0000251,2339-0,Glucose,208.9,mg/dL,2026-07-07
OBS-00000511,PT-000096,ENC-0000252,4548-4,Hemoglobin A1c,6.9,%,2026-08-04
OBS-00000512,PT-000096,ENC-0000252,2339-0,Glucose,266.1,mg/dL,2026-08-04
OBS-00000513,PT-000096,ENC-0000252,718-7,Hemoglobin,13.0,g/dL,2026-08-04
OBS-00000514,PT-000096,ENC-0000253,4548-4,Hemoglobin A1c,8.7,%,2024-11-27
OBS-00000515,PT-000096,ENC-0000254,718-7,Hemoglobin,9.6,g/dL,2025-11-27
OBS-00000516,PT-000096,ENC-0000255,8480-6,Systolic blood pressure,145.0,mmHg,2025-05-06
OBS-00000517,PT-000096,ENC-0000256,718-7,Hemoglobin,15.8,g/dL,2026-01-01
OBS-00000518,PT-000097,ENC-0000257,718-7,Hemoglobin,8.0,g/dL,2025-08-15
OBS-00000519,PT-000097,ENC-0000257,2160-0,Creatinine,0.8,mg/dL,2025-08-15
OBS-00000520,PT-000097,ENC-0000258,2339-0,Glucose,273.8,mg/dL,2025-07-08
OBS-00000521,PT-000097,ENC-0000259,8480-6,Systolic blood pressure,177.0,mmHg,2024-12-08
OBS-00000522,PT-000097,ENC-0000259,718-7,Hemoglobin,13.1,g/dL,2024-12-08
OBS-00000523,PT-000097,ENC-0000260,8462-4,Diastolic blood pressure,92.7,mmHg,2024-12-08
OBS-00000524,PT-000097,ENC-0000260,2160-0,Creatinine,1.8,mg/dL,2024-12-08
OBS-00000525,PT-000098,ENC-0000261,2339-0,Glucose,289.2,mg/dL,2026-01-01
OBS-00000526,PT-000098,ENC-0000262,4548-4,Hemoglobin A1c,6.0,%,2025-05-27
OBS-00000527,PT-000098,ENC-0000262,2160-0,Creatinine,2.2,mg/dL,2025-05-27
OBS-00000528,PT-000098,ENC-0000263,718-7,Hemoglobin,17.0,g/dL,2026-06-03
OBS-00000529,PT-000099,ENC-0000264,2160-0,Creatinine,4.3,mg/dL,2025-12-03
OBS-00000530,PT-000099,ENC-0000264,2339-0,Glucose,184.8,mg/dL,2025-12-03
OBS-00000531,PT-000100,ENC-0000265,2160-0,Creatinine,3.1,mg/dL,2025-11-07
OBS-00000532,PT-000100,ENC-0000265,718-7,Hemoglobin,9.7,g/dL,2025-11-07
OBS-00000533,PT-000100,ENC-0000265,718-7,Hemoglobin,8.9,g/dL,2025-11-07
OBS-00000534,PT-000100,ENC-0000266,8462-4,Diastolic blood pressure,81.1,mmHg,2025-04-11
OBS-00000535,PT-000100,ENC-0000266,8480-6,Systolic blood pressure,124.8,mmHg,2025-04-11
OBS-00000536,PT-000101,ENC-0000267,4548-4,Hemoglobin A1c,7.5,%,2025-07-14
OBS-00000537,PT-000101,ENC-0000268,8480-6,Systolic blood pressure,120.5,mmHg,2025-06-13
OBS-00000538,PT-000101,ENC-0000268,2160-0,Creatinine,4.3,mg/dL,2025-06-13
OBS-00000539,PT-000101,ENC-0000268,718-7,Hemoglobin,8.1,g/dL,2025-06-13
OBS-00000540,PT-000101,ENC-0000269,2160-0,Creatinine,2.0,mg/dL,2026-03-30
OBS-00000541,PT-000101,ENC-0000270,718-7,Hemoglobin,12.5,g/dL,2025-07-12
OBS-00000542,PT-000101,ENC-0000271,2339-0,Glucose,122.4,mg/dL,2026-01-07
OBS-00000543,PT-000101,ENC-0000271,718-7,Hemoglobin,15.8,g/dL,2026-01-07
OBS-00000544,PT-000101,ENC-0000272,4548-4,Hemoglobin A1c,11.5,%,2024-10-07
OBS-00000545,PT-000102,ENC-0000273,2160-0,Creatinine,1.8,mg/dL,2025-04-16
OBS-00000546,PT-000102,ENC-0000273,2339-0,Glucose,225.6,mg/dL,2025-04-16
OBS-00000547,PT-000102,ENC-0000274,2339-0,Glucose,77.9,mg/dL,2025-07-04
OBS-00000548,PT-000102,ENC-0000275,718-7,Hemoglobin,13.5,g/dL,2026-01-03
OBS-00000549,PT-000102,ENC-0000275,4548-4,Hemoglobin A1c,7.6,%,2026-01-03
OBS-00000550,PT-000103,ENC-0000276,2339-0,Glucose,299.7,mg/dL,2026-09-02
OBS-00000551,PT-000103,ENC-0000276,2160-0,Creatinine,2.9,mg/dL,2026-09-02
OBS-00000552,PT-000103,ENC-0000277,2160-0,Creatinine,3.3,mg/dL,2026-03-22
OBS-00000553,PT-000104,ENC-0000278,4548-4,Hemoglobin A1c,9.5,%,2024-11-13
OBS-00000554,PT-000104,ENC-0000278,718-7,Hemoglobin,16.9,g/dL,2024-11-13
OBS-00000555,PT-000104,ENC-0000278,4548-4,Hemoglobin A1c,8.8,%,2024-11-13
OBS-00000556,PT-000105,ENC-0000279,2160-0,Creatinine,1.6,mg/dL,2025-09-08
OBS-00000557,PT-000106,ENC-0000280,2339-0,Glucose,123.0,mg/dL,2024-11-28
OBS-00000558,PT-000106,ENC-0000281,2339-0,Glucose,223.7,mg/dL,2025-06-29
OBS-00000559,PT-000106,ENC-0000282,718-7,Hemoglobin,12.4,g/dL,2025-05-02
OBS-00000560,PT-000107,ENC-0000283,2339-0,Glucose,71.2,mg/dL,2025-08-30
OBS-00000561,PT-000107,ENC-0000284,8462-4,Diastolic blood pressure,64.9,mmHg,2026-08-08
OBS-00000562,PT-000107,ENC-0000284,4548-4,Hemoglobin A1c,6.4,%,2026-08-08
OBS-00000563,PT-000107,ENC-0000284,4548-4,Hemoglobin A1c,8.4,%,2026-08-08
OBS-00000564,PT-000107,ENC-0000285,2339-0,Glucose,168.9,mg/dL,2025-05-09
OBS-00000565,PT-000107,ENC-0000285,2339-0,Glucose,112.0,mg/dL,2025-05-09
OBS-00000566,PT-000107,ENC-0000286,8462-4,Diastolic blood pressure,82.0,mmHg,2024-12-18
OBS-00000567,PT-000107,ENC-0000286,4548-4,Hemoglobin A1c,8.5,%,2024-12-18
OBS-00000568,PT-000107,ENC-0000287,8462-4,Diastolic blood pressure,87.3,mmHg,2026-04-11
OBS-00000569,PT-000107,ENC-0000288,8480-6,Systolic blood pressure,166.1,mmHg,2026-08-21
OBS-00000570,PT-000107,ENC-0000288,2339-0,Glucose,193.8,mg/dL,2026-08-21
OBS-00000571,PT-000107,ENC-0000288,2160-0,Creatinine,2.3,mg/dL,2026-08-21
OBS-00000572,PT-000107,ENC-0000289,4548-4,Hemoglobin A1c,11.6,%,2024-09-29
OBS-00000573,PT-000107,ENC-0000289,4548-4,Hemoglobin A1c,7.2,%,2024-09-29
OBS-00000574,PT-000107,ENC-0000289,8462-4,Diastolic blood pressure,78.4,mmHg,2024-09-29
OBS-00000575,PT-000108,ENC-0000290,2339-0,Glucose,308.2,mg/dL,2025-07-06
OBS-00000576,PT-000108,ENC-0000290,718-7,Hemoglobin,13.4,g/dL,2025-07-06
OBS-00000577,PT-000108,ENC-0000290,2160-0,Creatinine,2.2,mg/dL,2025-07-06
OBS-00000578,PT-000109,ENC-0000291,718-7,Hemoglobin,16.4,g/dL,2026-03-25
OBS-00000579,PT-000109,ENC-0000291,8480-6,Systolic blood pressure,129.0,mmHg,2026-03-25
OBS-00000580,PT-000109,ENC-0000292,8462-4,Diastolic blood pressure,93.2,mmHg,2025-12-27
OBS-00000581,PT-000109,ENC-0000292,2160-0,Creatinine,3.8,mg/dL,2025-12-27
OBS-00000582,PT-000110,ENC-0000293,8462-4,Diastolic blood pressure,100.6,mmHg,2025-05-02
OBS-00000583,PT-000110,ENC-0000294,4548-4,Hemoglobin A1c,5.1,%,2025-04-27
OBS-00000584,PT-000110,ENC-0000295,2339-0,Glucose,203.0,mg/dL,2024-11-13
OBS-00000585,PT-000110,ENC-0000295,8462-4,Diastolic blood pressure,73.6,mmHg,2024-11-13
OBS-00000586,PT-000110,ENC-0000295,2339-0,Glucose,176.6,mg/dL,2024-11-13
OBS-00000587,PT-000110,ENC-0000296,2160-0,Creatinine,4.1,mg/dL,2025-11-12
OBS-00000588,PT-000110,ENC-0000296,4548-4,Hemoglobin A1c,8.7,%,2025-11-12
OBS-00000589,PT-000110,ENC-0000296,8480-6,Systolic blood pressure,162.1,mmHg,2025-11-12
OBS-00000590,PT-000111,ENC-0000297,2339-0,Glucose,300.7,mg/dL,2026-01-07
OBS-00000591,PT-000111,ENC-0000298,718-7,Hemoglobin,13.1,g/dL,2025-01-11
OBS-00000592,PT-000111,ENC-0000299,718-7,Hemoglobin,14.5,g/dL,2025-01-12
OBS-00000593,PT-000111,ENC-0000299,2339-0,Glucose,230.3,mg/dL,2025-01-12
OBS-00000594,PT-000112,ENC-0000300,8462-4,Diastolic blood pressure,103.6,mmHg,2026-03-28
OBS-00000595,PT-000112,ENC-0000300,8480-6,Systolic blood pressure,174.4,mmHg,2026-03-28
OBS-00000596,PT-000112,ENC-0000300,718-7,Hemoglobin,9.0,g/dL,2026-03-28
OBS-00000597,PT-000112,ENC-0000301,718-7,Hemoglobin,15.5,g/dL,2025-06-18
OBS-00000598,PT-000112,ENC-0000301,718-7,Hemoglobin,14.7,g/dL,2025-06-18
OBS-00000599,PT-000112,ENC-0000301,2339-0,Glucose,78.2,mg/dL,2025-06-18
OBS-00000600,PT-000113,ENC-0000302,8462-4,Diastolic blood pressure,96.9,mmHg,2025-05-31
OBS-00000601,PT-000113,ENC-0000302,718-7,Hemoglobin,11.7,g/dL,2025-05-31
OBS-00000602,PT-000114,ENC-0000303,2339-0,Glucose,171.3,mg/dL,2025-06-16
OBS-00000603,PT-000114,ENC-0000303,2160-0,Creatinine,2.5,mg/dL,2025-06-16
OBS-00000604,PT-000114,ENC-0000303,8480-6,Systolic blood pressure,115.5,mmHg,2025-06-16
OBS-00000605,PT-000114,ENC-0000304,2160-0,Creatinine,0.7,mg/dL,2024-09-19
OBS-00000606,PT-000115,ENC-0000305,8462-4,Diastolic blood pressure,75.8,mmHg,2024-12-26
OBS-00000607,PT-000115,ENC-0000306,4548-4,Hemoglobin A1c,5.6,%,2026-06-17
OBS-00000608,PT-000115,ENC-0000306,718-7,Hemoglobin,9.4,g/dL,2026-06-17
OBS-00000609,PT-000115,ENC-0000307,8462-4,Diastolic blood pressure,58.3,mmHg,2024-11-25
OBS-00000610,PT-000115,ENC-0000307,4548-4,Hemoglobin A1c,12.0,%,2024-11-25
OBS-00000611,PT-000115,ENC-0000307,8480-6,Systolic blood pressure,135.0,mmHg,2024-11-25
OBS-00000612,PT-000115,ENC-0000308,8462-4,Diastolic blood pressure,78.1,mmHg,2025-06-09
OBS-00000613,PT-000115,ENC-0000308,2339-0,Glucose,230.6,mg/dL,2025-06-09
OBS-00000614,PT-000115,ENC-0000308,2160-0,Creatinine,0.8,mg/dL,2025-06-09
OBS-00000615,PT-000116,ENC-0000309,2160-0,Creatinine,0.7,mg/dL,2024-12-20
OBS-00000616,PT-000116,ENC-0000309,8480-6,Systolic blood pressure,179.2,mmHg,2024-12-20
OBS-00000617,PT-000117,ENC-0000310,2339-0,Glucose,193.6,mg/dL,2026-08-15
OBS-00000618,PT-000117,ENC-0000310,8480-6,Systolic blood pressure,105.1,mmHg,2026-08-15
OBS-00000619,PT-000117,ENC-0000311,8462-4,Diastolic blood pressure,87.8,mmHg,2024-11-04
OBS-00000620,PT-000117,ENC-0000312,2160-0,Creatinine,2.5,mg/dL,2024-11-30
OBS-00000621,PT-000117,ENC-0000313,2339-0,Glucose,156.5,mg/dL,2026-04-08
OBS-00000622,PT-000117,ENC-0000313,2339-0,Glucose,254.1,mg/dL,2026-04-08
OBS-00000623,PT-000117,ENC-0000314,8480-6,Systolic blood pressure,139.7,mmHg,2024-09-23
OBS-00000624,PT-000117,ENC-0000314,8462-4,Diastolic blood pressure,75.8,mmHg,2024-09-23
OBS-00000625,PT-000117,ENC-0000314,718-7,Hemoglobin,8.8,g/dL,2024-09-23
OBS-00000626,PT-000118,ENC-0000315,718-7,Hemoglobin,10.8,g/dL,2024-11-14
OBS-00000627,PT-000118,ENC-0000316,718-7,Hemoglobin,10.8,g/dL,2025-12-29
OBS-00000628,PT-000118,ENC-0000317,2339-0,Glucose,301.4,mg/dL,2025-09-17
OBS-00000629,PT-000118,ENC-0000317,8462-4,Diastolic blood pressure,73.6,mmHg,2025-09-17
OBS-00000630,PT-000118,ENC-0000317,4548-4,Hemoglobin A1c,7.6,%,2025-09-17
OBS-00000631,PT-000119,ENC-0000318,718-7,Hemoglobin,8.7,g/dL,2026-01-24
OBS-00000632,PT-000119,ENC-0000318,2160-0,Creatinine,1.7,mg/dL,2026-01-24
OBS-00000633,PT-000119,ENC-0000318,8462-4,Diastolic blood pressure,55.6,mmHg,2026-01-24
OBS-00000634,PT-000119,ENC-0000319,4548-4,Hemoglobin A1c,4.9,%,2026-01-30
OBS-00000635,PT-000119,ENC-0000320,2339-0,Glucose,246.1,mg/dL,2026-03-11
OBS-00000636,PT-000119,ENC-0000320,718-7,Hemoglobin,14.0,g/dL,2026-03-11
OBS-00000637,PT-000119,ENC-0000320,4548-4,Hemoglobin A1c,9.5,%,2026-03-11
OBS-00000638,PT-000120,ENC-0000321,4548-4,Hemoglobin A1c,5.3,%,2026-01-03
OBS-00000639,PT-000120,ENC-0000322,718-7,Hemoglobin,10.4,g/dL,2026-07-26
OBS-00000640,PT-000120,ENC-0000322,8462-4,Diastolic blood pressure,71.7,mmHg,2026-07-26
OBS-00000641,PT-000120,ENC-0000323,4548-4,Hemoglobin A1c,8.7,%,2025-12-10
OBS-00000642,PT-000121,ENC-0000324,718-7,Hemoglobin,8.1,g/dL,2024-12-26
OBS-00000643,PT-000121,ENC-0000324,2160-0,Creatinine,4.4,mg/dL,2024-12-26
OBS-00000644,PT-000121,ENC-0000324,2339-0,Glucose,204.3,mg/dL,2024-12-26
OBS-00000645,PT-000121,ENC-0000325,2160-0,Creatinine,2.4,mg/dL,2025-08-01
OBS-00000646,PT-000121,ENC-0000325,718-7,Hemoglobin,8.4,g/dL,2025-08-01
OBS-00000647,PT-000121,ENC-0000325,8480-6,Systolic blood pressure,132.1,mmHg,2025-08-01
OBS-00000648,PT-000121,ENC-0000326,8480-6,Systolic blood pressure,122.2,mmHg,2026-03-17
OBS-00000649,PT-000121,ENC-0000326,2339-0,Glucose,317.4,mg/dL,2026-03-17
OBS-00000650,PT-000121,ENC-0000326,8480-6,Systolic blood pressure,127.4,mmHg,2026-03-17
OBS-00000651,PT-000122,ENC-0000327,4548-4,Hemoglobin A1c,11.5,%,2026-05-06
OBS-00000652,PT-000122,ENC-0000327,8480-6,Systolic blood pressure,167.7,mmHg,2026-05-06
OBS-00000653,PT-000122,ENC-0000328,4548-4,Hemoglobin A1c,7.2,%,2024-11-19
OBS-00000654,PT-000122,ENC-0000329,4548-4,Hemoglobin A1c,5.9,%,2025-12-21
OBS-00000655,PT-000123,ENC-0000330,8462-4,Diastolic blood pressure,60.7,mmHg,2025-01-10
OBS-00000656,PT-000123,ENC-0000331,8462-4,Diastolic blood pressure,83.0,mmHg,2025-03-17
OBS-00000657,PT-000123,ENC-0000331,8462-4,Diastolic blood pressure,106.8,mmHg,2025-03-17
OBS-00000658,PT-000124,ENC-0000332,8462-4,Diastolic blood pressure,74.2,mmHg,2025-08-08
OBS-00000659,PT-000124,ENC-0000332,8462-4,Diastolic blood pressure,73.7,mmHg,2025-08-08
OBS-00000660,PT-000124,ENC-0000333,8480-6,Systolic blood pressure,149.6,mmHg,2025-07-22
OBS-00000661,PT-000125,ENC-0000334,2160-0,Creatinine,2.6,mg/dL,2025-12-23
OBS-00000662,PT-000125,ENC-0000335,2339-0,Glucose,298.5,mg/dL,2025-01-24
OBS-00000663,PT-000125,ENC-0000335,2160-0,Creatinine,3.9,mg/dL,2025-01-24
OBS-00000664,PT-000125,ENC-0000336,2339-0,Glucose,169.4,mg/dL,2024-12-09
OBS-00000665,PT-000125,ENC-0000337,2160-0,Creatinine,2.6,mg/dL,2025-05-30
OBS-00000666,PT-000125,ENC-0000337,8462-4,Diastolic blood pressure,110.0,mmHg,2025-05-30
OBS-00000667,PT-000125,ENC-0000338,8480-6,Systolic blood pressure,178.4,mmHg,2025-08-10
OBS-00000668,PT-000125,ENC-0000338,2160-0,Creatinine,3.0,mg/dL,2025-08-10
OBS-00000669,PT-000125,ENC-0000338,8480-6,Systolic blood pressure,164.3,mmHg,2025-08-10
OBS-00000670,PT-000126,ENC-0000339,8480-6,Systolic blood pressure,130.6,mmHg,2026-02-06
OBS-00000671,PT-000126,ENC-0000340,8480-6,Systolic blood pressure,175.1,mmHg,2025-08-06
OBS-00000672,PT-000126,ENC-0000340,2160-0,Creatinine,2.0,mg/dL,2025-08-06
OBS-00000673,PT-000126,ENC-0000340,2160-0,Creatinine,4.3,mg/dL,2025-08-06
OBS-00000674,PT-000126,ENC-0000341,8480-6,Systolic blood pressure,182.5,mmHg,2026-04-16
OBS-00000675,PT-000126,ENC-0000341,4548-4,Hemoglobin A1c,12.1,%,2026-04-16
OBS-00000676,PT-000126,ENC-0000341,718-7,Hemoglobin,10.2,g/dL,2026-04-16
OBS-00000677,PT-000126,ENC-0000342,2339-0,Glucose,143.9,mg/dL,2025-12-03
OBS-00000678,PT-000127,ENC-0000343,8462-4,Diastolic blood pressure,91.2,mmHg,2026-02-16
OBS-00000679,PT-000127,ENC-0000343,8480-6,Systolic blood pressure,158.6,mmHg,2026-02-16
OBS-00000680,PT-000127,ENC-0000343,2160-0,Creatinine,2.1,mg/dL,2026-02-16
OBS-00000681,PT-000127,ENC-0000344,8462-4,Diastolic blood pressure,93.1,mmHg,2026-05-07
OBS-00000682,PT-000127,ENC-0000344,4548-4,Hemoglobin A1c,6.5,%,2026-05-07
OBS-00000683,PT-000127,ENC-0000344,8480-6,Systolic blood pressure,106.1,mmHg,2026-05-07
OBS-00000684,PT-000128,ENC-0000345,8480-6,Systolic blood pressure,150.8,mmHg,2026-07-30
OBS-00000685,PT-000128,ENC-0000345,8480-6,Systolic blood pressure,134.5,mmHg,2026-07-30
OBS-00000686,PT-000128,ENC-0000346,8462-4,Diastolic blood pressure,77.0,mmHg,2025-07-27
OBS-00000687,PT-000129,ENC-0000347,8462-4,Diastolic blood pressure,57.1,mmHg,2025-07-09
OBS-00000688,PT-000129,ENC-0000347,4548-4,Hemoglobin A1c,6.3,%,2025-07-09
OBS-00000689,PT-000130,ENC-0000348,8480-6,Systolic blood pressure,140.1,mmHg,2025-12-06
OBS-00000690,PT-000130,ENC-0000348,718-7,Hemoglobin,11.5,g/dL,2025-12-06
OBS-00000691,PT-000130,ENC-0000349,8462-4,Diastolic blood pressure,67.3,mmHg,2026-06-08
OBS-00000692,PT-000130,ENC-0000349,2160-0,Creatinine,2.3,mg/dL,2026-06-08
OBS-00000693,PT-000130,ENC-0000349,2160-0,Creatinine,3.0,mg/dL,2026-06-08
OBS-00000694,PT-000130,ENC-0000350,4548-4,Hemoglobin A1c,9.2,%,2025-11-02
OBS-00000695,PT-000130,ENC-0000350,8480-6,Systolic blood pressure,109.2,mmHg,2025-11-02
OBS-00000696,PT-000130,ENC-0000350,8480-6,Systolic blood pressure,129.8,mmHg,2025-11-02
OBS-00000697,PT-000130,ENC-0000351,2339-0,Glucose,191.7,mg/dL,2026-08-27
OBS-00000698,PT-000130,ENC-0000352,2339-0,Glucose,151.0,mg/dL,2025-09-04
OBS-00000699,PT-000130,ENC-0000352,8462-4,Diastolic blood pressure,65.2,mmHg,2025-09-04
OBS-00000700,PT-000130,ENC-0000352,4548-4,Hemoglobin A1c,9.6,%,2025-09-04
OBS-00000701,PT-000131,ENC-0000353,2160-0,Creatinine,3.4,mg/dL,2025-11-14
OBS-00000702,PT-000131,ENC-0000353,4548-4,Hemoglobin A1c,12.4,%,2025-11-14
OBS-00000703,PT-000131,ENC-0000353,718-7,Hemoglobin,15.9,g/dL,2025-11-14
OBS-00000704,PT-000131,ENC-0000354,8480-6,Systolic blood pressure,102.7,mmHg,2025-03-07
OBS-00000705,PT-000131,ENC-0000354,8462-4,Diastolic blood pressure,65.5,mmHg,2025-03-07
OBS-00000706,PT-000131,ENC-0000355,8480-6,Systolic blood pressure,127.1,mmHg,2026-04-16
OBS-00000707,PT-000132,ENC-0000356,2160-0,Creatinine,4.0,mg/dL,2024-10-24
OBS-00000708,PT-000132,ENC-0000356,718-7,Hemoglobin,14.4,g/dL,2024-10-24
OBS-00000709,PT-000132,ENC-0000357,2160-0,Creatinine,0.7,mg/dL,2026-07-31
OBS-00000710,PT-000132,ENC-0000357,8462-4,Diastolic blood pressure,95.8,mmHg,2026-07-31
OBS-00000711,PT-000132,ENC-0000358,8462-4,Diastolic blood pressure,84.4,mmHg,2025-06-21
OBS-00000712,PT-000132,ENC-0000359,4548-4,Hemoglobin A1c,11.4,%,2025-04-18
OBS-00000713,PT-000132,ENC-0000359,2339-0,Glucose,188.5,mg/dL,2025-04-18
OBS-00000714,PT-000133,ENC-0000360,718-7,Hemoglobin,11.1,g/dL,2025-04-23
OBS-00000715,PT-000133,ENC-0000361,8462-4,Diastolic blood pressure,70.9,mmHg,2025-07-17
OBS-00000716,PT-000133,ENC-0000362,718-7,Hemoglobin,16.8,g/dL,2026-01-24
OBS-00000717,PT-000133,ENC-0000362,4548-4,Hemoglobin A1c,12.5,%,2026-01-24
OBS-00000718,PT-000133,ENC-0000363,4548-4,Hemoglobin A1c,6.5,%,2026-03-07
OBS-00000719,PT-000133,ENC-0000364,8462-4,Diastolic blood pressure,89.1,mmHg,2025-10-29
OBS-00000720,PT-000133,ENC-0000364,2339-0,Glucose,134.9,mg/dL,2025-10-29
OBS-00000721,PT-000133,ENC-0000364,2160-0,Creatinine,1.6,mg/dL,2025-10-29
OBS-00000722,PT-000134,ENC-0000365,8480-6,Systolic blood pressure,111.9,mmHg,2025-03-14
OBS-00000723,PT-000134,ENC-0000365,4548-4,Hemoglobin A1c,8.6,%,2025-03-14
OBS-00000724,PT-000134,ENC-0000366,8462-4,Diastolic blood pressure,79.2,mmHg,2025-10-17
OBS-00000725,PT-000134,ENC-0000366,4548-4,Hemoglobin A1c,11.0,%,2025-10-17
OBS-00000726,PT-000134,ENC-0000367,8462-4,Diastolic blood pressure,80.6,mmHg,2025-01-09
OBS-00000727,PT-000134,ENC-0000367,2160-0,Creatinine,0.8,mg/dL,2025-01-09
OBS-00000728,PT-000135,ENC-0000368,8462-4,Diastolic blood pressure,97.5,mmHg,2026-07-23
OBS-00000729,PT-000135,ENC-0000368,8480-6,Systolic blood pressure,177.0,mmHg,2026-07-23
OBS-00000730,PT-000136,ENC-0000369,718-7,Hemoglobin,11.0,g/dL,2025-05-31
OBS-00000731,PT-000136,ENC-0000369,718-7,Hemoglobin,10.8,g/dL,2025-05-31
OBS-00000732,PT-000136,ENC-0000370,718-7,Hemoglobin,8.4,g/dL,2026-02-24
OBS-00000733,PT-000136,ENC-0000370,8480-6,Systolic blood pressure,115.3,mmHg,2026-02-24
OBS-00000734,PT-000136,ENC-0000370,718-7,Hemoglobin,8.6,g/dL,2026-02-24
OBS-00000735,PT-000137,ENC-0000371,718-7,Hemoglobin,11.8,g/dL,2025-04-03
OBS-00000736,PT-000137,ENC-0000371,718-7,Hemoglobin,12.1,g/dL,2025-04-03
OBS-00000737,PT-000137,ENC-0000371,2339-0,Glucose,261.6,mg/dL,2025-04-03
OBS-00000738,PT-000137,ENC-0000372,718-7,Hemoglobin,15.9,g/dL,2025-10-23
OBS-00000739,PT-000137,ENC-0000373,718-7,Hemoglobin,11.9,g/dL,2025-08-26
OBS-00000740,PT-000137,ENC-0000374,8462-4,Diastolic blood pressure,106.3,mmHg,2025-08-15
OBS-00000741,PT-000138,ENC-0000375,2160-0,Creatinine,3.9,mg/dL,2026-08-08
OBS-00000742,PT-000138,ENC-0000375,2339-0,Glucose,226.7,mg/dL,2026-08-08
OBS-00000743,PT-000138,ENC-0000376,8480-6,Systolic blood pressure,140.3,mmHg,2025-12-28
OBS-00000744,PT-000138,ENC-0000376,8462-4,Diastolic blood pressure,76.3,mmHg,2025-12-28
OBS-00000745,PT-000139,ENC-0000377,4548-4,Hemoglobin A1c,10.6,%,2025-01-07
OBS-00000746,PT-000139,ENC-0000377,4548-4,Hemoglobin A1c,7.1,%,2025-01-07
OBS-00000747,PT-000139,ENC-0000377,2339-0,Glucose,175.1,mg/dL,2025-01-07
OBS-00000748,PT-000139,ENC-0000378,2339-0,Glucose,222.2,mg/dL,2026-06-27
OBS-00000749,PT-000139,ENC-0000378,2339-0,Glucose,181.4,mg/dL,2026-06-27
OBS-00000750,PT-000139,ENC-0000378,2339-0,Glucose,146.0,mg/dL,2026-06-27
OBS-00000751,PT-000139,ENC-0000379,718-7,Hemoglobin,14.1,g/dL,2026-02-17
OBS-00000752,PT-000139,ENC-0000379,8462-4,Diastolic blood pressure,96.3,mmHg,2026-02-17
OBS-00000753,PT-000139,ENC-0000380,4548-4,Hemoglobin A1c,5.2,%,2026-08-18
OBS-00000754,PT-000139,ENC-0000381,2160-0,Creatinine,3.4,mg/dL,2025-09-07
OBS-00000755,PT-000139,ENC-0000381,8480-6,Systolic blood pressure,139.0,mmHg,2025-09-07
OBS-00000756,PT-000139,ENC-0000382,8480-6,Systolic blood pressure,184.8,mmHg,2025-05-12
OBS-00000757,PT-000139,ENC-0000382,4548-4,Hemoglobin A1c,12.0,%,2025-05-12
OBS-00000758,PT-000140,ENC-0000383,2160-0,Creatinine,3.7,mg/dL,2024-10-11
OBS-00000759,PT-000140,ENC-0000383,8480-6,Systolic blood pressure,138.8,mmHg,2024-10-11
OBS-00000760,PT-000140,ENC-0000383,8462-4,Diastolic blood pressure,71.0,mmHg,2024-10-11
OBS-00000761,PT-000140,ENC-0000384,8480-6,Systolic blood pressure,129.0,mmHg,2024-10-17
OBS-00000762,PT-000140,ENC-0000384,8480-6,Systolic blood pressure,148.5,mmHg,2024-10-17
OBS-00000763,PT-000141,ENC-0000385,4548-4,Hemoglobin A1c,7.0,%,2025-07-19
OBS-00000764,PT-000141,ENC-0000386,2339-0,Glucose,155.0,mg/dL,2024-10-24
OBS-00000765,PT-000141,ENC-0000386,4548-4,Hemoglobin A1c,6.8,%,2024-10-24
OBS-00000766,PT-000141,ENC-0000386,2339-0,Glucose,252.5,mg/dL,2024-10-24
OBS-00000767,PT-000141,ENC-0000387,718-7,Hemoglobin,13.9,g/dL,2026-09-09
OBS-00000768,PT-000141,ENC-0000387,718-7,Hemoglobin,15.8,g/dL,2026-09-09
OBS-00000769,PT-000141,ENC-0000388,2339-0,Glucose,141.8,mg/dL,2026-07-25
OBS-00000770,PT-000141,ENC-0000388,2339-0,Glucose,88.2,mg/dL,2026-07-25
OBS-00000771,PT-000141,ENC-0000389,2339-0,Glucose,288.9,mg/dL,2026-05-17
OBS-00000772,PT-000141,ENC-0000389,2160-0,Creatinine,1.4,mg/dL,2026-05-17
OBS-00000773,PT-000141,ENC-0000390,2160-0,Creatinine,3.0,mg/dL,2025-05-26
OBS-00000774,PT-000141,ENC-0000390,2160-0,Creatinine,1.4,mg/dL,2025-05-26
OBS-00000775,PT-000142,ENC-0000391,2160-0,Creatinine,3.9,mg/dL,2026-03-02
OBS-00000776,PT-000142,ENC-0000391,8480-6,Systolic blood pressure,131.4,mmHg,2026-03-02
OBS-00000777,PT-000142,ENC-0000391,8462-4,Diastolic blood pressure,87.4,mmHg,2026-03-02
OBS-00000778,PT-000143,ENC-0000392,718-7,Hemoglobin,15.6,g/dL,2025-02-28
OBS-00000779,PT-000143,ENC-0000392,4548-4,Hemoglobin A1c,5.8,%,2025-02-28
OBS-00000780,PT-000143,ENC-0000392,8462-4,Diastolic blood pressure,105.3,mmHg,2025-02-28
OBS-00000781,PT-000143,ENC-0000393,2160-0,Creatinine,2.0,mg/dL,2026-03-23
OBS-00000782,PT-000143,ENC-0000393,8462-4,Diastolic blood pressure,85.7,mmHg,2026-03-23
OBS-00000783,PT-000143,ENC-0000394,718-7,Hemoglobin,11.8,g/dL,2025-10-19
OBS-00000784,PT-000143,ENC-0000394,8462-4,Diastolic blood pressure,75.0,mmHg,2025-10-19
OBS-00000785,PT-000144,ENC-0000395,8480-6,Systolic blood pressure,99.1,mmHg,2026-01-18
OBS-00000786,PT-000144,ENC-0000396,2339-0,Glucose,306.6,mg/dL,2025-12-22
OBS-00000787,PT-000144,ENC-0000397,4548-4,Hemoglobin A1c,11.4,%,2025-02-15
OBS-00000788,PT-000144,ENC-0000397,718-7,Hemoglobin,12.3,g/dL,2025-02-15
OBS-00000789,PT-000144,ENC-0000397,4548-4,Hemoglobin A1c,6.7,%,2025-02-15
OBS-00000790,PT-000145,ENC-0000398,718-7,Hemoglobin,13.8,g/dL,2025-12-31
OBS-00000791,PT-000145,ENC-0000399,2160-0,Creatinine,3.7,mg/dL,2025-04-12
OBS-00000792,PT-000146,ENC-0000400,8462-4,Diastolic blood pressure,64.6,mmHg,2026-03-14
OBS-00000793,PT-000146,ENC-0000400,8462-4,Diastolic blood pressure,67.9,mmHg,2026-03-14
OBS-00000794,PT-000146,ENC-0000400,8480-6,Systolic blood pressure,138.2,mmHg,2026-03-14
OBS-00000795,PT-000146,ENC-0000401,718-7,Hemoglobin,9.6,g/dL,2025-04-17
OBS-00000796,PT-000146,ENC-0000401,718-7,Hemoglobin,16.6,g/dL,2025-04-17
OBS-00000797,PT-000146,ENC-0000401,2160-0,Creatinine,1.8,mg/dL,2025-04-17
OBS-00000798,PT-000147,ENC-0000402,8480-6,Systolic blood pressure,165.6,mmHg,2026-02-21
OBS-00000799,PT-000148,ENC-0000403,2339-0,Glucose,288.4,mg/dL,2025-05-10
OBS-00000800,PT-000148,ENC-0000403,4548-4,Hemoglobin A1c,5.0,%,2025-05-10
OBS-00000801,PT-000148,ENC-0000403,2160-0,Creatinine,1.2,mg/dL,2025-05-10
OBS-00000802,PT-000148,ENC-0000404,2339-0,Glucose,254.2,mg/dL,2025-03-12
OBS-00000803,PT-000148,ENC-0000404,2339-0,Glucose,267.5,mg/dL,2025-03-12
OBS-00000804,PT-000148,ENC-0000404,4548-4,Hemoglobin A1c,6.5,%,2025-03-12
OBS-00000805,PT-000148,ENC-0000405,8480-6,Systolic blood pressure,144.2,mmHg,2025-10-10
OBS-00000806,PT-000148,ENC-0000405,2339-0,Glucose,189.2,mg/dL,2025-10-10
OBS-00000807,PT-000148,ENC-0000406,2160-0,Creatinine,1.7,mg/dL,2026-08-16
OBS-00000808,PT-000148,ENC-0000406,8462-4,Diastolic blood pressure,77.1,mmHg,2026-08-16
OBS-00000809,PT-000148,ENC-0000407,8462-4,Diastolic blood pressure,69.5,mmHg,2024-09-27
OBS-00000810,PT-000149,ENC-0000408,8480-6,Systolic blood pressure,180.1,mmHg,2026-03-29
OBS-00000811,PT-000149,ENC-0000408,8462-4,Diastolic blood pressure,97.8,mmHg,2026-03-29
OBS-00000812,PT-000149,ENC-0000408,2160-0,Creatinine,4.0,mg/dL,2026-03-29
OBS-00000813,PT-000149,ENC-0000409,4548-4,Hemoglobin A1c,6.6,%,2026-09-05
OBS-00000814,PT-000149,ENC-0000409,718-7,Hemoglobin,16.0,g/dL,2026-09-05
OBS-00000815,PT-000149,ENC-0000410,718-7,Hemoglobin,9.5,g/dL,2025-07-22
OBS-00000816,PT-000149,ENC-0000410,8462-4,Diastolic blood pressure,61.1,mmHg,2025-07-22
OBS-00000817,PT-000149,ENC-0000410,718-7,Hemoglobin,11.2,g/dL,2025-07-22
OBS-00000818,PT-000150,ENC-0000411,2339-0,Glucose,260.2,mg/dL,2026-02-07
OBS-00000819,PT-000151,ENC-0000412,2160-0,Creatinine,3.7,mg/dL,2025-06-15
OBS-00000820,PT-000151,ENC-0000412,2160-0,Creatinine,1.1,mg/dL,2025-06-15
OBS-00000821,PT-000151,ENC-0000412,718-7,Hemoglobin,12.5,g/dL,2025-06-15
OBS-00000822,PT-000151,ENC-0000413,8462-4,Diastolic blood pressure,106.8,mmHg,2024-12-12
OBS-00000823,PT-000151,ENC-0000413,4548-4,Hemoglobin A1c,10.2,%,2024-12-12
OBS-00000824,PT-000151,ENC-0000413,718-7,Hemoglobin,13.6,g/dL,2024-12-12
OBS-00000825,PT-000151,ENC-0000414,2339-0,Glucose,197.7,mg/dL,2025-01-16
OBS-00000826,PT-000151,ENC-0000414,2339-0,Glucose,316.1,mg/dL,2025-01-16
OBS-00000827,PT-000151,ENC-0000415,8462-4,Diastolic blood pressure,92.5,mmHg,2024-10-14
OBS-00000828,PT-000152,ENC-0000416,4548-4,Hemoglobin A1c,6.9,%,2026-09-01
OBS-00000829,PT-000152,ENC-0000416,2339-0,Glucose,143.0,mg/dL,2026-09-01
OBS-00000830,PT-000152,ENC-0000416,4548-4,Hemoglobin A1c,7.6,%,2026-09-01
OBS-00000831,PT-000152,ENC-0000417,4548-4,Hemoglobin A1c,8.7,%,2025-12-03
OBS-00000832,PT-000152,ENC-0000417,4548-4,Hemoglobin A1c,10.9,%,2025-12-03
OBS-00000833,PT-000152,ENC-0000418,4548-4,Hemoglobin A1c,10.0,%,2024-10-29
OBS-00000834,PT-000152,ENC-0000418,2339-0,Glucose,143.5,mg/dL,2024-10-29
OBS-00000835,PT-000152,ENC-0000418,718-7,Hemoglobin,14.6,g/dL,2024-10-29
OBS-00000836,PT-000152,ENC-0000419,8480-6,Systolic blood pressure,126.6,mmHg,2025-04-12
OBS-00000837,PT-000153,ENC-0000420,4548-4,Hemoglobin A1c,5.2,%,2025-11-04
OBS-00000838,PT-000154,ENC-0000421,718-7,Hemoglobin,10.5,g/dL,2025-03-24
OBS-00000839,PT-000154,ENC-0000422,8462-4,Diastolic blood pressure,102.3,mmHg,2026-06-24
OBS-00000840,PT-000154,ENC-0000422,4548-4,Hemoglobin A1c,8.2,%,2026-06-24
OBS-00000841,PT-000154,ENC-0000422,4548-4,Hemoglobin A1c,9.2,%,2026-06-24
OBS-00000842,PT-000154,ENC-0000423,2160-0,Creatinine,3.2,mg/dL,2025-06-03
OBS-00000843,PT-000154,ENC-0000423,4548-4,Hemoglobin A1c,8.3,%,2025-06-03
OBS-00000844,PT-000154,ENC-0000423,2160-0,Creatinine,1.1,mg/dL,2025-06-03
OBS-00000845,PT-000154,ENC-0000424,4548-4,Hemoglobin A1c,11.3,%,2024-12-20
OBS-00000846,PT-000154,ENC-0000424,8480-6,Systolic blood pressure,177.2,mmHg,2024-12-20
OBS-00000847,PT-000154,ENC-0000425,4548-4,Hemoglobin A1c,12.0,%,2025-01-25
OBS-00000848,PT-000154,ENC-0000425,8462-4,Diastolic blood pressure,59.7,mmHg,2025-01-25
OBS-00000849,PT-000154,ENC-0000426,2339-0,Glucose,82.3,mg/dL,2026-06-17
OBS-00000850,PT-000154,ENC-0000426,8480-6,Systolic blood pressure,177.0,mmHg,2026-06-17
OBS-00000851,PT-000155,ENC-0000427,8480-6,Systolic blood pressure,99.0,mmHg,2025-06-17
OBS-00000852,PT-000155,ENC-0000427,4548-4,Hemoglobin A1c,5.1,%,2025-06-17
OBS-00000853,PT-000156,ENC-0000428,2160-0,Creatinine,3.9,mg/dL,2024-10-16
OBS-00000854,PT-000156,ENC-0000428,718-7,Hemoglobin,10.2,g/dL,2024-10-16
OBS-00000855,PT-000156,ENC-0000429,8462-4,Diastolic blood pressure,94.1,mmHg,2026-04-09
OBS-00000856,PT-000156,ENC-0000429,718-7,Hemoglobin,10.5,g/dL,2026-04-09
OBS-00000857,PT-000157,ENC-0000430,2339-0,Glucose,204.0,mg/dL,2024-11-03
OBS-00000858,PT-000157,ENC-0000431,8480-6,Systolic blood pressure,111.6,mmHg,2025-03-16
OBS-00000859,PT-000157,ENC-0000431,8462-4,Diastolic blood pressure,80.6,mmHg,2025-03-16
OBS-00000860,PT-000157,ENC-0000431,4548-4,Hemoglobin A1c,8.7,%,2025-03-16
OBS-00000861,PT-000157,ENC-0000432,2160-0,Creatinine,2.9,mg/dL,2025-11-30
OBS-00000862,PT-000157,ENC-0000432,718-7,Hemoglobin,12.9,g/dL,2025-11-30
OBS-00000863,PT-000157,ENC-0000432,8480-6,Systolic blood pressure,180.5,mmHg,2025-11-30
OBS-00000864,PT-000157,ENC-0000433,2339-0,Glucose,145.0,mg/dL,2025-10-27
OBS-00000865,PT-000157,ENC-0000434,8462-4,Diastolic blood pressure,81.8,mmHg,2025-05-22
OBS-00000866,PT-000157,ENC-0000434,2339-0,Glucose,254.7,mg/dL,2025-05-22
OBS-00000867,PT-000157,ENC-0000434,4548-4,Hemoglobin A1c,10.0,%,2025-05-22
OBS-00000868,PT-000158,ENC-0000435,2160-0,Creatinine,4.0,mg/dL,2025-11-27
OBS-00000869,PT-000158,ENC-0000435,2339-0,Glucose,223.8,mg/dL,2025-11-27
OBS-00000870,PT-000158,ENC-0000436,8462-4,Diastolic blood pressure,83.0,mmHg,2025-03-15
OBS-00000871,PT-000158,ENC-0000436,8480-6,Systolic blood pressure,127.8,mmHg,2025-03-15
OBS-00000872,PT-000158,ENC-0000436,718-7,Hemoglobin,11.1,g/dL,2025-03-15
OBS-00000873,PT-000159,ENC-0000437,2339-0,Glucose,286.9,mg/dL,2025-03-22
OBS-00000874,PT-000159,ENC-0000437,2160-0,Creatinine,2.6,mg/dL,2025-03-22
OBS-00000875,PT-000160,ENC-0000438,718-7,Hemoglobin,10.5,g/dL,2025-11-16
OBS-00000876,PT-000160,ENC-0000438,4548-4,Hemoglobin A1c,11.1,%,2025-11-16
OBS-00000877,PT-000160,ENC-0000438,4548-4,Hemoglobin A1c,5.1,%,2025-11-16
OBS-00000878,PT-000160,ENC-0000439,8462-4,Diastolic blood pressure,90.4,mmHg,2025-04-10
OBS-00000879,PT-000160,ENC-0000439,2160-0,Creatinine,4.3,mg/dL,2025-04-10
OBS-00000880,PT-000160,ENC-0000439,4548-4,Hemoglobin A1c,6.1,%,2025-04-10
OBS-00000881,PT-000161,ENC-0000440,718-7,Hemoglobin,10.6,g/dL,2025-10-15
OBS-00000882,PT-000161,ENC-0000440,8480-6,Systolic blood pressure,113.4,mmHg,2025-10-15
OBS-00000883,PT-000161,ENC-0000440,2160-0,Creatinine,3.7,mg/dL,2025-10-15
OBS-00000884,PT-000162,ENC-0000441,8462-4,Diastolic blood pressure,99.0,mmHg,2026-08-30
OBS-00000885,PT-000162,ENC-0000442,2339-0,Glucose,113.7,mg/dL,2024-09-23
OBS-00000886,PT-000162,ENC-0000442,8462-4,Diastolic blood pressure,63.5,mmHg,2024-09-23
OBS-00000887,PT-000162,ENC-0000442,2160-0,Creatinine,1.3,mg/dL,2024-09-23
OBS-00000888,PT-000163,ENC-0000443,4548-4,Hemoglobin A1c,10.1,%,2025-12-09
OBS-00000889,PT-000163,ENC-0000443,8480-6,Systolic blood pressure,125.6,mmHg,2025-12-09
OBS-00000890,PT-000163,ENC-0000443,718-7,Hemoglobin,12.1,g/dL,2025-12-09
OBS-00000891,PT-000163,ENC-0000444,718-7,Hemoglobin,15.4,g/dL,2025-12-20
OBS-00000892,PT-000164,ENC-0000445,2160-0,Creatinine,4.0,mg/dL,2025-08-19
OBS-00000893,PT-000164,ENC-0000445,8462-4,Diastolic blood pressure,63.9,mmHg,2025-08-19
OBS-00000894,PT-000165,ENC-0000446,8462-4,Diastolic blood pressure,103.4,mmHg,2025-05-28
OBS-00000895,PT-000165,ENC-0000446,8480-6,Systolic blood pressure,137.3,mmHg,2025-05-28
OBS-00000896,PT-000165,ENC-0000446,718-7,Hemoglobin,16.1,g/dL,2025-05-28
OBS-00000897,PT-000165,ENC-0000447,2160-0,Creatinine,2.3,mg/dL,2025-05-18
OBS-00000898,PT-000165,ENC-0000447,718-7,Hemoglobin,11.3,g/dL,2025-05-18
OBS-00000899,PT-000165,ENC-0000448,4548-4,Hemoglobin A1c,5.7,%,2025-10-07
OBS-00000900,PT-000165,ENC-0000449,4548-4,Hemoglobin A1c,12.2,%,2025-04-27
OBS-00000901,PT-000166,ENC-0000450,4548-4,Hemoglobin A1c,6.3,%,2026-01-17
OBS-00000902,PT-000166,ENC-0000450,8480-6,Systolic blood pressure,113.8,mmHg,2026-01-17
OBS-00000903,PT-000166,ENC-0000450,4548-4,Hemoglobin A1c,7.4,%,2026-01-17
OBS-00000904,PT-000166,ENC-0000451,8480-6,Systolic blood pressure,154.4,mmHg,2026-01-29
OBS-00000905,PT-000166,ENC-0000452,2339-0,Glucose,166.2,mg/dL,2026-08-26
OBS-00000906,PT-000166,ENC-0000452,2339-0,Glucose,232.2,mg/dL,2026-08-26
OBS-00000907,PT-000166,ENC-0000452,718-7,Hemoglobin,15.5,g/dL,2026-08-26
OBS-00000908,PT-000167,ENC-0000453,4548-4,Hemoglobin A1c,8.4,%,2026-07-15
OBS-00000909,PT-000167,ENC-0000453,8462-4,Diastolic blood pressure,65.7,mmHg,2026-07-15
OBS-00000910,PT-000167,ENC-0000453,8480-6,Systolic blood pressure,143.4,mmHg,2026-07-15
OBS-00000911,PT-000167,ENC-0000454,2160-0,Creatinine,3.5,mg/dL,2025-04-07
OBS-00000912,PT-000167,ENC-0000454,8462-4,Diastolic blood pressure,100.4,mmHg,2025-04-07
OBS-00000913,PT-000167,ENC-0000454,718-7,Hemoglobin,12.6,g/dL,2025-04-07
OBS-00000914,PT-000167,ENC-0000455,2160-0,Creatinine,3.3,mg/dL,2025-06-20
OBS-00000915,PT-000167,ENC-0000455,8480-6,Systolic blood pressure,181.7,mmHg,2025-06-20
OBS-00000916,PT-000167,ENC-0000455,2339-0,Glucose,254.9,mg/dL,2025-06-20
OBS-00000917,PT-000167,ENC-0000456,8480-6,Systolic blood pressure,146.2,mmHg,2024-11-25
OBS-00000918,PT-000167,ENC-0000457,2160-0,Creatinine,2.2,mg/dL,2025-08-16
OBS-00000919,PT-000168,ENC-0000458,2339-0,Glucose,108.6,mg/dL,2025-03-19
OBS-00000920,PT-000168,ENC-0000458,2339-0,Glucose,255.1,mg/dL,2025-03-19
OBS-00000921,PT-000168,ENC-0000458,8480-6,Systolic blood pressure,165.4,mmHg,2025-03-19
OBS-00000922,PT-000168,ENC-0000459,8462-4,Diastolic blood pressure,69.2,mmHg,2025-02-13
OBS-00000923,PT-000168,ENC-0000459,8462-4,Diastolic blood pressure,82.7,mmHg,2025-02-13
OBS-00000924,PT-000168,ENC-0000459,2160-0,Creatinine,0.8,mg/dL,2025-02-13
OBS-00000925,PT-000168,ENC-0000460,2339-0,Glucose,123.7,mg/dL,2025-09-18
OBS-00000926,PT-000168,ENC-0000460,718-7,Hemoglobin,11.9,g/dL,2025-09-18
OBS-00000927,PT-000169,ENC-0000461,8480-6,Systolic blood pressure,173.0,mmHg,2025-07-18
OBS-00000928,PT-000169,ENC-0000461,4548-4,Hemoglobin A1c,6.0,%,2025-07-18
OBS-00000929,PT-000169,ENC-0000461,718-7,Hemoglobin,15.3,g/dL,2025-07-18
OBS-00000930,PT-000169,ENC-0000462,2339-0,Glucose,101.7,mg/dL,2024-11-24
OBS-00000931,PT-000169,ENC-0000462,8462-4,Diastolic blood pressure,101.1,mmHg,2024-11-24
OBS-00000932,PT-000169,ENC-0000463,8462-4,Diastolic blood pressure,106.0,mmHg,2025-11-13
OBS-00000933,PT-000170,ENC-0000464,718-7,Hemoglobin,10.3,g/dL,2024-10-10
OBS-00000934,PT-000170,ENC-0000464,2160-0,Creatinine,3.2,mg/dL,2024-10-10
OBS-00000935,PT-000170,ENC-0000464,718-7,Hemoglobin,11.0,g/dL,2024-10-10
OBS-00000936,PT-000170,ENC-0000465,2339-0,Glucose,193.1,mg/dL,2026-05-08
OBS-00000937,PT-000170,ENC-0000465,8480-6,Systolic blood pressure,146.7,mmHg,2026-05-08
OBS-00000938,PT-000170,ENC-0000466,718-7,Hemoglobin,13.1,g/dL,2025-01-28
OBS-00000939,PT-000170,ENC-0000467,718-7,Hemoglobin,13.4,g/dL,2025-12-27
OBS-00000940,PT-000170,ENC-0000467,2339-0,Glucose,257.7,mg/dL,2025-12-27
OBS-00000941,PT-000170,ENC-0000468,8462-4,Diastolic blood pressure,67.2,mmHg,2026-06-05
OBS-00000942,PT-000171,ENC-0000469,2160-0,Creatinine,2.7,mg/dL,2024-10-14
OBS-00000943,PT-000171,ENC-0000469,8480-6,Systolic blood pressure,168.0,mmHg,2024-10-14
OBS-00000944,PT-000171,ENC-0000469,2339-0,Glucose,297.3,mg/dL,2024-10-14
OBS-00000945,PT-000172,ENC-0000470,4548-4,Hemoglobin A1c,11.7,%,2025-06-17
OBS-00000946,PT-000172,ENC-0000470,2160-0,Creatinine,0.6,mg/dL,2025-06-17
OBS-00000947,PT-000172,ENC-0000471,8462-4,Diastolic blood pressure,70.1,mmHg,2026-02-17
OBS-00000948,PT-000172,ENC-0000472,2339-0,Glucose,257.7,mg/dL,2026-06-30
OBS-00000949,PT-000172,ENC-0000472,4548-4,Hemoglobin A1c,7.4,%,2026-06-30
OBS-00000950,PT-000172,ENC-0000473,8480-6,Systolic blood pressure,148.7,mmHg,2025-06-11
OBS-00000951,PT-000172,ENC-0000473,8462-4,Diastolic blood pressure,83.4,mmHg,2025-06-11
OBS-00000952,PT-000173,ENC-0000474,2160-0,Creatinine,3.2,mg/dL,2026-02-10
OBS-00000953,PT-000173,ENC-0000474,718-7,Hemoglobin,16.6,g/dL,2026-02-10
OBS-00000954,PT-000174,ENC-0000475,718-7,Hemoglobin,16.5,g/dL,2025-10-13
OBS-00000955,PT-000174,ENC-0000475,2160-0,Creatinine,0.7,mg/dL,2025-10-13
OBS-00000956,PT-000174,ENC-0000475,8480-6,Systolic blood pressure,145.9,mmHg,2025-10-13
OBS-00000957,PT-000174,ENC-0000476,718-7,Hemoglobin,14.7,g/dL,2026-08-02
OBS-00000958,PT-000174,ENC-0000476,718-7,Hemoglobin,9.4,g/dL,2026-08-02
OBS-00000959,PT-000174,ENC-0000477,8462-4,Diastolic blood pressure,67.2,mmHg,2026-01-01
OBS-00000960,PT-000174,ENC-0000477,718-7,Hemoglobin,16.0,g/dL,2026-01-01
OBS-00000961,PT-000175,ENC-0000478,8462-4,Diastolic blood pressure,91.9,mmHg,2025-03-30
OBS-00000962,PT-000175,ENC-0000478,4548-4,Hemoglobin A1c,8.4,%,2025-03-30
OBS-00000963,PT-000175,ENC-0000478,4548-4,Hemoglobin A1c,7.3,%,2025-03-30
OBS-00000964,PT-000176,ENC-0000479,718-7,Hemoglobin,14.0,g/dL,2026-08-08
OBS-00000965,PT-000176,ENC-0000479,8462-4,Diastolic blood pressure,71.4,mmHg,2026-08-08
OBS-00000966,PT-000177,ENC-0000480,8462-4,Diastolic blood pressure,72.0,mmHg,2024-11-21
OBS-00000967,PT-000177,ENC-0000480,8480-6,Systolic blood pressure,107.8,mmHg,2024-11-21
OBS-00000968,PT-000177,ENC-0000480,8480-6,Systolic blood pressure,176.2,mmHg,2024-11-21
OBS-00000969,PT-000177,ENC-0000481,4548-4,Hemoglobin A1c,10.7,%,2026-04-25
OBS-00000970,PT-000177,ENC-0000481,2339-0,Glucose,295.0,mg/dL,2026-04-25
OBS-00000971,PT-000177,ENC-0000482,2160-0,Creatinine,1.2,mg/dL,2025-10-14
OBS-00000972,PT-000177,ENC-0000482,718-7,Hemoglobin,16.8,g/dL,2025-10-14
OBS-00000973,PT-000177,ENC-0000482,718-7,Hemoglobin,10.9,g/dL,2025-10-14
OBS-00000974,PT-000178,ENC-0000483,2339-0,Glucose,131.2,mg/dL,2024-12-04
OBS-00000975,PT-000178,ENC-0000483,2160-0,Creatinine,2.0,mg/dL,2024-12-04
OBS-00000976,PT-000178,ENC-0000484,8480-6,Systolic blood pressure,104.2,mmHg,2026-01-25
OBS-00000977,PT-000178,ENC-0000484,8480-6,Systolic blood pressure,131.9,mmHg,2026-01-25
OBS-00000978,PT-000178,ENC-0000485,2160-0,Creatinine,0.8,mg/dL,2026-05-04
OBS-00000979,PT-000178,ENC-0000485,2160-0,Creatinine,3.8,mg/dL,2026-05-04
OBS-00000980,PT-000178,ENC-0000485,4548-4,Hemoglobin A1c,8.8,%,2026-05-04
OBS-00000981,PT-000178,ENC-0000486,2339-0,Glucose,284.1,mg/dL,2025-07-01
OBS-00000982,PT-000179,ENC-0000487,718-7,Hemoglobin,14.7,g/dL,2024-12-27
OBS-00000983,PT-000179,ENC-0000487,2160-0,Creatinine,2.6,mg/dL,2024-12-27
OBS-00000984,PT-000179,ENC-0000488,4548-4,Hemoglobin A1c,6.2,%,2025-04-14
OBS-00000985,PT-000179,ENC-0000489,2339-0,Glucose,165.3,mg/dL,2026-08-25
OBS-00000986,PT-000179,ENC-0000489,2160-0,Creatinine,3.0,mg/dL,2026-08-25
OBS-00000987,PT-000179,ENC-0000489,8462-4,Diastolic blood pressure,56.8,mmHg,2026-08-25
OBS-00000988,PT-000180,ENC-0000490,2339-0,Glucose,198.3,mg/dL,2026-08-13
OBS-00000989,PT-000180,ENC-0000490,8462-4,Diastolic blood pressure,81.7,mmHg,2026-08-13
OBS-00000990,PT-000180,ENC-0000490,2339-0,Glucose,123.6,mg/dL,2026-08-13
OBS-00000991,PT-000180,ENC-0000491,8480-6,Systolic blood pressure,148.9,mmHg,2025-11-28
OBS-00000992,PT-000180,ENC-0000491,8462-4,Diastolic blood pressure,91.6,mmHg,2025-11-28
OBS-00000993,PT-000180,ENC-0000492,2160-0,Creatinine,2.0,mg/dL,2025-12-27
OBS-00000994,PT-000181,ENC-0000493,8480-6,Systolic blood pressure,154.2,mmHg,2025-03-06
OBS-00000995,PT-000181,ENC-0000493,2339-0,Glucose,178.0,mg/dL,2025-03-06
OBS-00000996,PT-000182,ENC-0000494,718-7,Hemoglobin,13.9,g/dL,2024-12-21
OBS-00000997,PT-000182,ENC-0000494,2160-0,Creatinine,1.7,mg/dL,2024-12-21
OBS-00000998,PT-000182,ENC-0000495,8462-4,Diastolic blood pressure,73.0,mmHg,2026-08-12
OBS-00000999,PT-000182,ENC-0000495,718-7,Hemoglobin,16.0,g/dL,2026-08-12
OBS-00001000,PT-000182,ENC-0000495,718-7,Hemoglobin,8.2,g/dL,2026-08-12
OBS-00001001,PT-000183,ENC-0000496,8480-6,Systolic blood pressure,170.6,mmHg,2026-07-12
OBS-00001002,PT-000183,ENC-0000496,8462-4,Diastolic blood pressure,60.5,mmHg,2026-07-12
OBS-00001003,PT-000183,ENC-0000497,4548-4,Hemoglobin A1c,6.8,%,2026-08-23
OBS-00001004,PT-000183,ENC-0000497,2160-0,Creatinine,4.3,mg/dL,2026-08-23
OBS-00001005,PT-000183,ENC-0000497,8462-4,Diastolic blood pressure,89.9,mmHg,2026-08-23
OBS-00001006,PT-000183,ENC-0000498,2160-0,Creatinine,1.1,mg/dL,2026-01-05
OBS-00001007,PT-000183,ENC-0000498,8462-4,Diastolic blood pressure,86.6,mmHg,2026-01-05
OBS-00001008,PT-000184,ENC-0000499,2339-0,Glucose,218.3,mg/dL,2025-07-29
OBS-00001009,PT-000184,ENC-0000499,4548-4,Hemoglobin A1c,5.4,%,2025-07-29
OBS-00001010,PT-000184,ENC-0000499,2339-0,Glucose,255.7,mg/dL,2025-07-29
OBS-00001011,PT-000185,ENC-0000500,2160-0,Creatinine,1.8,mg/dL,2025-01-03
OBS-00001012,PT-000185,ENC-0000500,718-7,Hemoglobin,9.3,g/dL,2025-01-03
OBS-00001013,PT-000185,ENC-0000501,8480-6,Systolic blood pressure,105.0,mmHg,2026-08-05
OBS-00001014,PT-000185,ENC-0000501,8480-6,Systolic blood pressure,98.1,mmHg,2026-08-05
OBS-00001015,PT-000185,ENC-0000502,4548-4,Hemoglobin A1c,8.9,%,2025-02-11
OBS-00001016,PT-000185,ENC-0000502,2160-0,Creatinine,3.2,mg/dL,2025-02-11
OBS-00001017,PT-000186,ENC-0000503,718-7,Hemoglobin,15.9,g/dL,2025-04-01
OBS-00001018,PT-000186,ENC-0000503,8480-6,Systolic blood pressure,151.0,mmHg,2025-04-01
OBS-00001019,PT-000186,ENC-0000504,2160-0,Creatinine,4.0,mg/dL,2026-04-28
OBS-00001020,PT-000187,ENC-0000505,8480-6,Systolic blood pressure,105.7,mmHg,2025-02-21
OBS-00001021,PT-000187,ENC-0000505,2339-0,Glucose,125.0,mg/dL,2025-02-21
OBS-00001022,PT-000187,ENC-0000505,8462-4,Diastolic blood pressure,87.5,mmHg,2025-02-21
OBS-00001023,PT-000187,ENC-0000506,2160-0,Creatinine,0.8,mg/dL,2025-12-22
OBS-00001024,PT-000188,ENC-0000507,2160-0,Creatinine,3.0,mg/dL,2025-07-02
OBS-00001025,PT-000188,ENC-0000507,2160-0,Creatinine,3.1,mg/dL,2025-07-02
OBS-00001026,PT-000189,ENC-0000508,8462-4,Diastolic blood pressure,64.1,mmHg,2026-09-04
OBS-00001027,PT-000189,ENC-0000508,4548-4,Hemoglobin A1c,7.6,%,2026-09-04
OBS-00001028,PT-000189,ENC-0000509,8480-6,Systolic blood pressure,96.0,mmHg,2026-05-21
OBS-00001029,PT-000189,ENC-0000509,4548-4,Hemoglobin A1c,9.3,%,2026-05-21
OBS-00001030,PT-000189,ENC-0000510,8480-6,Systolic blood pressure,112.0,mmHg,2026-05-23
OBS-00001031,PT-000189,ENC-0000511,8480-6,Systolic blood pressure,114.5,mmHg,2025-07-30
OBS-00001032,PT-000189,ENC-0000512,2160-0,Creatinine,4.1,mg/dL,2026-09-14
OBS-00001033,PT-000189,ENC-0000512,8462-4,Diastolic blood pressure,65.7,mmHg,2026-09-14
OBS-00001034,PT-000190,ENC-0000513,2160-0,Creatinine,3.0,mg/dL,2025-06-26
OBS-00001035,PT-000190,ENC-0000514,2339-0,Glucose,171.8,mg/dL,2025-02-11
OBS-00001036,PT-000190,ENC-0000514,8480-6,Systolic blood pressure,157.6,mmHg,2025-02-11
OBS-00001037,PT-000190,ENC-0000514,8480-6,Systolic blood pressure,117.2,mmHg,2025-02-11
OBS-00001038,PT-000190,ENC-0000515,8462-4,Diastolic blood pressure,98.0,mmHg,2025-06-13
OBS-00001039,PT-000190,ENC-0000515,8480-6,Systolic blood pressure,127.4,mmHg,2025-06-13
OBS-00001040,PT-000190,ENC-0000515,8480-6,Systolic blood pressure,119.6,mmHg,2025-06-13
OBS-00001041,PT-000190,ENC-0000516,2339-0,Glucose,239.0,mg/dL,2025-06-17
OBS-00001042,PT-000190,ENC-0000516,2339-0,Glucose,305.9,mg/dL,2025-06-17
OBS-00001043,PT-000190,ENC-0000516,8480-6,Systolic blood pressure,99.5,mmHg,2025-06-17
OBS-00001044,PT-000190,ENC-0000517,8462-4,Diastolic blood pressure,93.9,mmHg,2026-03-01
OBS-00001045,PT-000190,ENC-0000517,4548-4,Hemoglobin A1c,7.9,%,2026-03-01
OBS-00001046,PT-000190,ENC-0000517,8480-6,Systolic blood pressure,109.4,mmHg,2026-03-01
OBS-00001047,PT-000190,ENC-0000518,2339-0,Glucose,226.8,mg/dL,2025-06-24
OBS-00001048,PT-000191,ENC-0000519,8480-6,Systolic blood pressure,184.8,mmHg,2025-05-14
OBS-00001049,PT-000191,ENC-0000519,4548-4,Hemoglobin A1c,5.9,%,2025-05-14
OBS-00001050,PT-000191,ENC-0000519,4548-4,Hemoglobin A1c,5.2,%,2025-05-14
OBS-00001051,PT-000191,ENC-0000520,4548-4,Hemoglobin A1c,8.0,%,2025-06-11
OBS-00001052,PT-000191,ENC-0000520,2339-0,Glucose,124.4,mg/dL,2025-06-11
OBS-00001053,PT-000192,ENC-0000521,4548-4,Hemoglobin A1c,9.8,%,2024-11-21
OBS-00001054,PT-000193,ENC-0000522,2160-0,Creatinine,3.3,mg/dL,2025-12-31
OBS-00001055,PT-000193,ENC-0000523,8462-4,Diastolic blood pressure,75.1,mmHg,2025-12-07
OBS-00001056,PT-000193,ENC-0000523,2339-0,Glucose,161.5,mg/dL,2025-12-07
OBS-00001057,PT-000193,ENC-0000523,718-7,Hemoglobin,8.1,g/dL,2025-12-07
OBS-00001058,PT-000194,ENC-0000524,2160-0,Creatinine,3.6,mg/dL,2026-01-18
OBS-00001059,PT-000194,ENC-0000524,2339-0,Glucose,111.9,mg/dL,2026-01-18
OBS-00001060,PT-000194,ENC-0000525,2339-0,Glucose,141.7,mg/dL,2026-02-26
OBS-00001061,PT-000194,ENC-0000525,4548-4,Hemoglobin A1c,8.8,%,2026-02-26
OBS-00001062,PT-000194,ENC-0000526,4548-4,Hemoglobin A1c,10.3,%,2025-08-16
OBS-00001063,PT-000194,ENC-0000526,718-7,Hemoglobin,12.9,g/dL,2025-08-16
OBS-00001064,PT-000194,ENC-0000527,2339-0,Glucose,237.6,mg/dL,2025-05-01
OBS-00001065,PT-000194,ENC-0000527,8480-6,Systolic blood pressure,178.2,mmHg,2025-05-01
OBS-00001066,PT-000194,ENC-0000528,8462-4,Diastolic blood pressure,67.6,mmHg,2026-05-27
OBS-00001067,PT-000194,ENC-0000528,8480-6,Systolic blood pressure,133.9,mmHg,2026-05-27
OBS-00001068,PT-000195,ENC-0000529,2160-0,Creatinine,2.2,mg/dL,2026-02-04
OBS-00001069,PT-000195,ENC-0000530,718-7,Hemoglobin,10.1,g/dL,2025-01-28
OBS-00001070,PT-000195,ENC-0000530,8462-4,Diastolic blood pressure,106.5,mmHg,2025-01-28
OBS-00001071,PT-000195,ENC-0000530,2339-0,Glucose,120.3,mg/dL,2025-01-28
OBS-00001072,PT-000196,ENC-0000531,8462-4,Diastolic blood pressure,100.3,mmHg,2026-06-15
OBS-00001073,PT-000196,ENC-0000531,8462-4,Diastolic blood pressure,84.3,mmHg,2026-06-15
OBS-00001074,PT-000196,ENC-0000531,8462-4,Diastolic blood pressure,105.7,mmHg,2026-06-15
OBS-00001075,PT-000196,ENC-0000532,718-7,Hemoglobin,15.9,g/dL,2024-10-28
OBS-00001076,PT-000197,ENC-0000533,718-7,Hemoglobin,16.5,g/dL,2026-05-06
OBS-00001077,PT-000197,ENC-0000533,8462-4,Diastolic blood pressure,85.1,mmHg,2026-05-06
OBS-00001078,PT-000197,ENC-0000534,8462-4,Diastolic blood pressure,89.8,mmHg,2025-04-14
OBS-00001079,PT-000198,ENC-0000535,2160-0,Creatinine,3.7,mg/dL,2025-06-26
OBS-00001080,PT-000198,ENC-0000536,718-7,Hemoglobin,12.4,g/dL,2025-07-06
OBS-00001081,PT-000198,ENC-0000536,2339-0,Glucose,142.2,mg/dL,2025-07-06
OBS-00001082,PT-000198,ENC-0000536,4548-4,Hemoglobin A1c,9.4,%,2025-07-06
OBS-00001083,PT-000198,ENC-0000537,718-7,Hemoglobin,13.2,g/dL,2026-07-06
OBS-00001084,PT-000198,ENC-0000537,8462-4,Diastolic blood pressure,74.7,mmHg,2026-07-06
OBS-00001085,PT-000198,ENC-0000537,2160-0,Creatinine,4.4,mg/dL,2026-07-06
OBS-00001086,PT-000198,ENC-0000538,2160-0,Creatinine,3.5,mg/dL,2025-02-14
OBS-00001087,PT-000198,ENC-0000538,2339-0,Glucose,120.1,mg/dL,2025-02-14
OBS-00001088,PT-000198,ENC-0000538,8480-6,Systolic blood pressure,140.7,mmHg,2025-02-14
OBS-00001089,PT-000198,ENC-0000539,4548-4,Hemoglobin A1c,8.0,%,2024-11-20
OBS-00001090,PT-000198,ENC-0000540,2160-0,Creatinine,3.4,mg/dL,2025-02-14
OBS-00001091,PT-000198,ENC-0000541,2339-0,Glucose,121.9,mg/dL,2025-04-21
OBS-00001092,PT-000198,ENC-0000541,2339-0,Glucose,217.2,mg/dL,2025-04-21
OBS-00001093,PT-000198,ENC-0000542,8462-4,Diastolic blood pressure,108.0,mmHg,2026-07-03
OBS-00001094,PT-000198,ENC-0000542,718-7,Hemoglobin,9.9,g/dL,2026-07-03
OBS-00001095,PT-000199,ENC-0000543,2160-0,Creatinine,2.0,mg/dL,2024-11-06
OBS-00001096,PT-000199,ENC-0000543,2339-0,Glucose,182.0,mg/dL,2024-11-06
OBS-00001097,PT-000199,ENC-0000544,8462-4,Diastolic blood pressure,83.1,mmHg,2025-12-16
OBS-00001098,PT-000199,ENC-0000544,4548-4,Hemoglobin A1c,9.2,%,2025-12-16
OBS-00001099,PT-000199,ENC-0000544,4548-4,Hemoglobin A1c,8.5,%,2025-12-16
OBS-00001100,PT-000200,ENC-0000545,2160-0,Creatinine,3.0,mg/dL,2024-09-29
OBS-00001101,PT-000200,ENC-0000546,2339-0,Glucose,170.8,mg/dL,2025-07-06
OBS-00001102,PT-000200,ENC-0000547,2160-0,Creatinine,3.1,mg/dL,2025-06-04
OBS-00001103,PT-000200,ENC-0000547,2339-0,Glucose,252.9,mg/dL,2025-06-04
OBS-00001104,PT-000201,ENC-0000548,4548-4,Hemoglobin A1c,4.9,%,2024-09-27
OBS-00001105,PT-000201,ENC-0000548,2160-0,Creatinine,4.2,mg/dL,2024-09-27
OBS-00001106,PT-000201,ENC-0000549,8462-4,Diastolic blood pressure,104.3,mmHg,2025-08-20
OBS-00001107,PT-000201,ENC-0000550,718-7,Hemoglobin,12.5,g/dL,2026-03-05
OBS-00001108,PT-000201,ENC-0000551,4548-4,Hemoglobin A1c,5.7,%,2024-09-21
OBS-00001109,PT-000201,ENC-0000551,8480-6,Systolic blood pressure,177.7,mmHg,2024-09-21
OBS-00001110,PT-000201,ENC-0000552,718-7,Hemoglobin,8.8,g/dL,2025-02-02
OBS-00001111,PT-000202,ENC-0000553,8462-4,Diastolic blood pressure,62.6,mmHg,2024-10-28
OBS-00001112,PT-000202,ENC-0000553,2339-0,Glucose,221.8,mg/dL,2024-10-28
OBS-00001113,PT-000203,ENC-0000554,8480-6,Systolic blood pressure,96.9,mmHg,2024-11-18
OBS-00001114,PT-000203,ENC-0000555,8480-6,Systolic blood pressure,174.6,mmHg,2026-01-23
OBS-00001115,PT-000203,ENC-0000555,718-7,Hemoglobin,15.3,g/dL,2026-01-23
OBS-00001116,PT-000204,ENC-0000556,8462-4,Diastolic blood pressure,89.1,mmHg,2024-09-20
OBS-00001117,PT-000204,ENC-0000556,8462-4,Diastolic blood pressure,75.7,mmHg,2024-09-20
OBS-00001118,PT-000204,ENC-0000557,718-7,Hemoglobin,11.0,g/dL,2025-12-01
OBS-00001119,PT-000204,ENC-0000557,2339-0,Glucose,126.1,mg/dL,2025-12-01
OBS-00001120,PT-000205,ENC-0000558,8480-6,Systolic blood pressure,121.8,mmHg,2026-09-02
OBS-00001121,PT-000205,ENC-0000559,4548-4,Hemoglobin A1c,11.7,%,2025-11-07
OBS-00001122,PT-000205,ENC-0000559,2160-0,Creatinine,3.1,mg/dL,2025-11-07
OBS-00001123,PT-000205,ENC-0000560,2160-0,Creatinine,2.5,mg/dL,2025-04-28
OBS-00001124,PT-000205,ENC-0000560,4548-4,Hemoglobin A1c,12.1,%,2025-04-28
OBS-00001125,PT-000205,ENC-0000560,8462-4,Diastolic blood pressure,105.0,mmHg,2025-04-28
OBS-00001126,PT-000206,ENC-0000561,2339-0,Glucose,94.9,mg/dL,2026-08-16
OBS-00001127,PT-000206,ENC-0000561,4548-4,Hemoglobin A1c,10.6,%,2026-08-16
OBS-00001128,PT-000206,ENC-0000562,4548-4,Hemoglobin A1c,11.5,%,2026-02-20
OBS-00001129,PT-000206,ENC-0000563,2160-0,Creatinine,3.4,mg/dL,2025-05-03
OBS-00001130,PT-000206,ENC-0000563,4548-4,Hemoglobin A1c,12.1,%,2025-05-03
OBS-00001131,PT-000206,ENC-0000563,4548-4,Hemoglobin A1c,6.9,%,2025-05-03
OBS-00001132,PT-000207,ENC-0000564,718-7,Hemoglobin,11.4,g/dL,2025-06-21
OBS-00001133,PT-000207,ENC-0000565,4548-4,Hemoglobin A1c,8.9,%,2025-10-20
OBS-00001134,PT-000207,ENC-0000565,8480-6,Systolic blood pressure,120.5,mmHg,2025-10-20
OBS-00001135,PT-000207,ENC-0000566,2339-0,Glucose,204.4,mg/dL,2025-07-20
OBS-00001136,PT-000207,ENC-0000567,8462-4,Diastolic blood pressure,85.0,mmHg,2026-06-20
OBS-00001137,PT-000207,ENC-0000568,718-7,Hemoglobin,9.2,g/dL,2025-09-13
OBS-00001138,PT-000207,ENC-0000568,2339-0,Glucose,287.5,mg/dL,2025-09-13
OBS-00001139,PT-000207,ENC-0000568,4548-4,Hemoglobin A1c,5.6,%,2025-09-13
OBS-00001140,PT-000207,ENC-0000569,718-7,Hemoglobin,10.9,g/dL,2025-03-22
OBS-00001141,PT-000207,ENC-0000569,8462-4,Diastolic blood pressure,59.1,mmHg,2025-03-22
OBS-00001142,PT-000208,ENC-0000570,8480-6,Systolic blood pressure,157.5,mmHg,2025-05-22
OBS-00001143,PT-000208,ENC-0000570,718-7,Hemoglobin,16.6,g/dL,2025-05-22
OBS-00001144,PT-000208,ENC-0000570,8480-6,Systolic blood pressure,177.0,mmHg,2025-05-22
OBS-00001145,PT-000208,ENC-0000571,2160-0,Creatinine,2.6,mg/dL,2025-09-10
OBS-00001146,PT-000208,ENC-0000571,718-7,Hemoglobin,12.5,g/dL,2025-09-10
OBS-00001147,PT-000209,ENC-0000572,2339-0,Glucose,278.0,mg/dL,2026-08-15
OBS-00001148,PT-000209,ENC-0000572,8480-6,Systolic blood pressure,184.1,mmHg,2026-08-15
OBS-00001149,PT-000209,ENC-0000572,8480-6,Systolic blood pressure,147.3,mmHg,2026-08-15
OBS-00001150,PT-000209,ENC-0000573,2339-0,Glucose,123.6,mg/dL,2025-03-05
OBS-00001151,PT-000209,ENC-0000573,718-7,Hemoglobin,13.1,g/dL,2025-03-05
OBS-00001152,PT-000209,ENC-0000573,8480-6,Systolic blood pressure,130.2,mmHg,2025-03-05
OBS-00001153,PT-000210,ENC-0000574,2339-0,Glucose,127.3,mg/dL,2024-12-23
OBS-00001154,PT-000210,ENC-0000575,4548-4,Hemoglobin A1c,8.8,%,2025-03-24
OBS-00001155,PT-000210,ENC-0000575,2339-0,Glucose,238.9,mg/dL,2025-03-24
OBS-00001156,PT-000211,ENC-0000576,2339-0,Glucose,116.6,mg/dL,2025-07-28
OBS-00001157,PT-000211,ENC-0000576,2160-0,Creatinine,2.5,mg/dL,2025-07-28
OBS-00001158,PT-000211,ENC-0000577,718-7,Hemoglobin,11.8,g/dL,2025-07-25
OBS-00001159,PT-000211,ENC-0000578,2339-0,Glucose,199.0,mg/dL,2025-05-29
OBS-00001160,PT-000211,ENC-0000578,2339-0,Glucose,91.8,mg/dL,2025-05-29
OBS-00001161,PT-000212,ENC-0000579,2160-0,Creatinine,1.8,mg/dL,2026-06-26
OBS-00001162,PT-000212,ENC-0000580,8462-4,Diastolic blood pressure,63.4,mmHg,2026-05-10
OBS-00001163,PT-000212,ENC-0000580,4548-4,Hemoglobin A1c,6.1,%,2026-05-10
OBS-00001164,PT-000212,ENC-0000581,2339-0,Glucose,151.7,mg/dL,2026-04-01
OBS-00001165,PT-000212,ENC-0000581,8480-6,Systolic blood pressure,99.8,mmHg,2026-04-01
OBS-00001166,PT-000212,ENC-0000582,718-7,Hemoglobin,14.5,g/dL,2026-03-09
OBS-00001167,PT-000213,ENC-0000583,8480-6,Systolic blood pressure,118.0,mmHg,2026-01-24
OBS-00001168,PT-000214,ENC-0000584,4548-4,Hemoglobin A1c,11.5,%,2025-07-19
OBS-00001169,PT-000214,ENC-0000585,2160-0,Creatinine,3.2,mg/dL,2026-07-12
OBS-00001170,PT-000214,ENC-0000585,8462-4,Diastolic blood pressure,86.7,mmHg,2026-07-12
OBS-00001171,PT-000214,ENC-0000585,8462-4,Diastolic blood pressure,98.3,mmHg,2026-07-12
OBS-00001172,PT-000215,ENC-0000586,2339-0,Glucose,290.1,mg/dL,2025-10-19
OBS-00001173,PT-000215,ENC-0000586,2160-0,Creatinine,4.5,mg/dL,2025-10-19
OBS-00001174,PT-000215,ENC-0000586,8462-4,Diastolic blood pressure,103.9,mmHg,2025-10-19
OBS-00001175,PT-000216,ENC-0000587,4548-4,Hemoglobin A1c,7.9,%,2025-06-06
OBS-00001176,PT-000216,ENC-0000588,8480-6,Systolic blood pressure,147.6,mmHg,2025-01-11
OBS-00001177,PT-000216,ENC-0000588,2160-0,Creatinine,2.7,mg/dL,2025-01-11
OBS-00001178,PT-000216,ENC-0000588,8480-6,Systolic blood pressure,99.6,mmHg,2025-01-11
OBS-00001179,PT-000216,ENC-0000589,2160-0,Creatinine,3.2,mg/dL,2024-10-07
OBS-00001180,PT-000216,ENC-0000589,8480-6,Systolic blood pressure,127.8,mmHg,2024-10-07
OBS-00001181,PT-000216,ENC-0000590,8462-4,Diastolic blood pressure,74.5,mmHg,2025-08-22
OBS-00001182,PT-000216,ENC-0000591,4548-4,Hemoglobin A1c,10.9,%,2025-06-24
OBS-00001183,PT-000216,ENC-0000591,718-7,Hemoglobin,16.4,g/dL,2025-06-24
OBS-00001184,PT-000216,ENC-0000592,2160-0,Creatinine,3.3,mg/dL,2025-09-30
OBS-00001185,PT-000216,ENC-0000592,8462-4,Diastolic blood pressure,63.1,mmHg,2025-09-30
OBS-00001186,PT-000217,ENC-0000593,8480-6,Systolic blood pressure,156.6,mmHg,2024-11-24
OBS-00001187,PT-000217,ENC-0000593,2160-0,Creatinine,2.1,mg/dL,2024-11-24
OBS-00001188,PT-000217,ENC-0000594,4548-4,Hemoglobin A1c,5.0,%,2025-02-26
OBS-00001189,PT-000217,ENC-0000594,2160-0,Creatinine,2.0,mg/dL,2025-02-26
OBS-00001190,PT-000217,ENC-0000594,2160-0,Creatinine,2.5,mg/dL,2025-02-26
OBS-00001191,PT-000218,ENC-0000595,8462-4,Diastolic blood pressure,84.5,mmHg,2026-04-23
OBS-00001192,PT-000218,ENC-0000595,8480-6,Systolic blood pressure,106.1,mmHg,2026-04-23
OBS-00001193,PT-000218,ENC-0000596,8480-6,Systolic blood pressure,168.3,mmHg,2025-03-18
OBS-00001194,PT-000218,ENC-0000596,718-7,Hemoglobin,10.8,g/dL,2025-03-18
OBS-00001195,PT-000218,ENC-0000597,4548-4,Hemoglobin A1c,4.9,%,2026-08-14
OBS-00001196,PT-000219,ENC-0000598,4548-4,Hemoglobin A1c,11.2,%,2026-07-06
OBS-00001197,PT-000219,ENC-0000598,2160-0,Creatinine,2.0,mg/dL,2026-07-06
OBS-00001198,PT-000219,ENC-0000599,2160-0,Creatinine,3.7,mg/dL,2025-01-26
OBS-00001199,PT-000219,ENC-0000600,8462-4,Diastolic blood pressure,78.5,mmHg,2026-01-08
OBS-00001200,PT-000219,ENC-0000600,2339-0,Glucose,161.2,mg/dL,2026-01-08
OBS-00001201,PT-000220,ENC-0000601,4548-4,Hemoglobin A1c,8.3,%,2026-09-15
OBS-00001202,PT-000220,ENC-0000602,2160-0,Creatinine,2.9,mg/dL,2025-06-28
OBS-00001203,PT-000220,ENC-0000602,2339-0,Glucose,309.8,mg/dL,2025-06-28
OBS-00001204,PT-000220,ENC-0000602,8480-6,Systolic blood pressure,123.6,mmHg,2025-06-28
OBS-00001205,PT-000221,ENC-0000603,8462-4,Diastolic blood pressure,69.1,mmHg,2025-12-11
OBS-00001206,PT-000221,ENC-0000604,2339-0,Glucose,150.6,mg/dL,2025-12-11
OBS-00001207,PT-000222,ENC-0000605,2339-0,Glucose,244.3,mg/dL,2025-08-16
OBS-00001208,PT-000222,ENC-0000605,8462-4,Diastolic blood pressure,55.1,mmHg,2025-08-16
OBS-00001209,PT-000222,ENC-0000605,718-7,Hemoglobin,13.4,g/dL,2025-08-16
OBS-00001210,PT-000223,ENC-0000606,718-7,Hemoglobin,14.4,g/dL,2025-05-28
OBS-00001211,PT-000223,ENC-0000607,8480-6,Systolic blood pressure,113.8,mmHg,2026-01-19
OBS-00001212,PT-000223,ENC-0000608,8480-6,Systolic blood pressure,155.0,mmHg,2025-10-18
OBS-00001213,PT-000223,ENC-0000609,4548-4,Hemoglobin A1c,11.6,%,2025-12-03
OBS-00001214,PT-000223,ENC-0000609,2160-0,Creatinine,1.5,mg/dL,2025-12-03
OBS-00001215,PT-000223,ENC-0000609,8462-4,Diastolic blood pressure,104.4,mmHg,2025-12-03
OBS-00001216,PT-000224,ENC-0000610,2339-0,Glucose,82.1,mg/dL,2025-02-22
OBS-00001217,PT-000224,ENC-0000610,2339-0,Glucose,269.0,mg/dL,2025-02-22
OBS-00001218,PT-000224,ENC-0000610,8462-4,Diastolic blood pressure,65.9,mmHg,2025-02-22
OBS-00001219,PT-000225,ENC-0000611,8480-6,Systolic blood pressure,121.9,mmHg,2025-01-21
OBS-00001220,PT-000225,ENC-0000611,8480-6,Systolic blood pressure,176.1,mmHg,2025-01-21
OBS-00001221,PT-000225,ENC-0000611,718-7,Hemoglobin,13.4,g/dL,2025-01-21
OBS-00001222,PT-000226,ENC-0000612,718-7,Hemoglobin,11.3,g/dL,2025-06-25
OBS-00001223,PT-000226,ENC-0000613,8480-6,Systolic blood pressure,112.3,mmHg,2025-11-17
OBS-00001224,PT-000226,ENC-0000613,8480-6,Systolic blood pressure,181.2,mmHg,2025-11-17
OBS-00001225,PT-000227,ENC-0000614,4548-4,Hemoglobin A1c,12.4,%,2025-03-18
OBS-00001226,PT-000227,ENC-0000614,8480-6,Systolic blood pressure,154.2,mmHg,2025-03-18
OBS-00001227,PT-000227,ENC-0000615,8462-4,Diastolic blood pressure,82.9,mmHg,2026-02-12
OBS-00001228,PT-000227,ENC-0000616,8462-4,Diastolic blood pressure,65.6,mmHg,2025-06-21
OBS-00001229,PT-000227,ENC-0000616,2339-0,Glucose,214.8,mg/dL,2025-06-21
OBS-00001230,PT-000227,ENC-0000616,718-7,Hemoglobin,11.9,g/dL,2025-06-21
OBS-00001231,PT-000227,ENC-0000617,2339-0,Glucose,153.8,mg/dL,2026-07-04
OBS-00001232,PT-000227,ENC-0000617,2339-0,Glucose,166.4,mg/dL,2026-07-04
OBS-00001233,PT-000227,ENC-0000617,718-7,Hemoglobin,11.8,g/dL,2026-07-04
OBS-00001234,PT-000227,ENC-0000618,2160-0,Creatinine,4.1,mg/dL,2024-10-06
OBS-00001235,PT-000228,ENC-0000619,8462-4,Diastolic blood pressure,96.6,mmHg,2026-07-21
OBS-00001236,PT-000228,ENC-0000619,4548-4,Hemoglobin A1c,5.8,%,2026-07-21
OBS-00001237,PT-000229,ENC-0000620,4548-4,Hemoglobin A1c,10.2,%,2026-02-18
OBS-00001238,PT-000229,ENC-0000620,2160-0,Creatinine,3.0,mg/dL,2026-02-18
OBS-00001239,PT-000229,ENC-0000620,8480-6,Systolic blood pressure,112.4,mmHg,2026-02-18
OBS-00001240,PT-000230,ENC-0000621,2339-0,Glucose,222.9,mg/dL,2026-07-19
OBS-00001241,PT-000230,ENC-0000622,8462-4,Diastolic blood pressure,60.3,mmHg,2024-12-25
OBS-00001242,PT-000230,ENC-0000622,8480-6,Systolic blood pressure,97.0,mmHg,2024-12-25
OBS-00001243,PT-000230,ENC-0000623,8480-6,Systolic blood pressure,160.1,mmHg,2025-08-06
OBS-00001244,PT-000230,ENC-0000623,2160-0,Creatinine,3.3,mg/dL,2025-08-06
OBS-00001245,PT-000230,ENC-0000623,2160-0,Creatinine,3.4,mg/dL,2025-08-06
OBS-00001246,PT-000231,ENC-0000624,8462-4,Diastolic blood pressure,75.5,mmHg,2026-08-07
OBS-00001247,PT-000231,ENC-0000624,8462-4,Diastolic blood pressure,66.7,mmHg,2026-08-07
OBS-00001248,PT-000231,ENC-0000624,718-7,Hemoglobin,12.5,g/dL,2026-08-07
OBS-00001249,PT-000231,ENC-0000625,8480-6,Systolic blood pressure,120.8,mmHg,2026-03-13
OBS-00001250,PT-000231,ENC-0000625,2339-0,Glucose,279.0,mg/dL,2026-03-13
OBS-00001251,PT-000231,ENC-0000625,2160-0,Creatinine,1.7,mg/dL,2026-03-13
OBS-00001252,PT-000231,ENC-0000626,2339-0,Glucose,231.7,mg/dL,2026-04-16
OBS-00001253,PT-000231,ENC-0000626,8462-4,Diastolic blood pressure,82.9,mmHg,2026-04-16
OBS-00001254,PT-000232,ENC-0000627,2160-0,Creatinine,1.5,mg/dL,2026-06-11
OBS-00001255,PT-000232,ENC-0000627,718-7,Hemoglobin,11.9,g/dL,2026-06-11
OBS-00001256,PT-000232,ENC-0000627,718-7,Hemoglobin,13.7,g/dL,2026-06-11
OBS-00001257,PT-000232,ENC-0000628,8462-4,Diastolic blood pressure,98.2,mmHg,2026-04-18
OBS-00001258,PT-000232,ENC-0000628,8462-4,Diastolic blood pressure,66.7,mmHg,2026-04-18
OBS-00001259,PT-000232,ENC-0000629,8480-6,Systolic blood pressure,129.3,mmHg,2025-03-26
OBS-00001260,PT-000232,ENC-0000629,8462-4,Diastolic blood pressure,92.9,mmHg,2025-03-26
OBS-00001261,PT-000232,ENC-0000630,4548-4,Hemoglobin A1c,11.8,%,2025-11-17
OBS-00001262,PT-000233,ENC-0000631,2339-0,Glucose,248.3,mg/dL,2025-06-13
OBS-00001263,PT-000233,ENC-0000632,8480-6,Systolic blood pressure,95.6,mmHg,2025-01-06
OBS-00001264,PT-000233,ENC-0000632,8480-6,Systolic blood pressure,163.0,mmHg,2025-01-06
OBS-00001265,PT-000233,ENC-0000632,4548-4,Hemoglobin A1c,8.0,%,2025-01-06
OBS-00001266,PT-000233,ENC-0000633,2160-0,Creatinine,1.7,mg/dL,2026-03-31
OBS-00001267,PT-000233,ENC-0000633,8462-4,Diastolic blood pressure,107.1,mmHg,2026-03-31
OBS-00001268,PT-000234,ENC-0000634,718-7,Hemoglobin,11.7,g/dL,2025-11-23
OBS-00001269,PT-000235,ENC-0000635,2160-0,Creatinine,2.0,mg/dL,2025-08-04
OBS-00001270,PT-000235,ENC-0000635,4548-4,Hemoglobin A1c,7.8,%,2025-08-04
OBS-00001271,PT-000235,ENC-0000636,718-7,Hemoglobin,12.5,g/dL,2026-06-26
OBS-00001272,PT-000235,ENC-0000636,718-7,Hemoglobin,12.5,g/dL,2026-06-26
OBS-00001273,PT-000235,ENC-0000636,8480-6,Systolic blood pressure,97.9,mmHg,2026-06-26
OBS-00001274,PT-000235,ENC-0000637,2160-0,Creatinine,1.4,mg/dL,2025-07-07
OBS-00001275,PT-000235,ENC-0000637,718-7,Hemoglobin,9.8,g/dL,2025-07-07
OBS-00001276,PT-000236,ENC-0000638,8462-4,Diastolic blood pressure,81.2,mmHg,2025-04-29
OBS-00001277,PT-000236,ENC-0000638,2160-0,Creatinine,1.2,mg/dL,2025-04-29
OBS-00001278,PT-000236,ENC-0000639,4548-4,Hemoglobin A1c,11.3,%,2026-03-08
OBS-00001279,PT-000236,ENC-0000639,2160-0,Creatinine,3.4,mg/dL,2026-03-08
OBS-00001280,PT-000236,ENC-0000639,8480-6,Systolic blood pressure,177.4,mmHg,2026-03-08
OBS-00001281,PT-000236,ENC-0000640,718-7,Hemoglobin,10.3,g/dL,2024-09-19
OBS-00001282,PT-000236,ENC-0000640,8480-6,Systolic blood pressure,157.7,mmHg,2024-09-19
OBS-00001283,PT-000236,ENC-0000640,4548-4,Hemoglobin A1c,9.5,%,2024-09-19
OBS-00001284,PT-000236,ENC-0000641,718-7,Hemoglobin,14.4,g/dL,2025-08-06
OBS-00001285,PT-000236,ENC-0000641,8462-4,Diastolic blood pressure,96.2,mmHg,2025-08-06
OBS-00001286,PT-000236,ENC-0000641,4548-4,Hemoglobin A1c,5.1,%,2025-08-06
OBS-00001287,PT-000236,ENC-0000642,2160-0,Creatinine,4.3,mg/dL,2026-05-20
OBS-00001288,PT-000236,ENC-0000643,2339-0,Glucose,280.4,mg/dL,2024-12-06
OBS-00001289,PT-000237,ENC-0000644,718-7,Hemoglobin,11.4,g/dL,2026-07-11
OBS-00001290,PT-000237,ENC-0000645,8480-6,Systolic blood pressure,176.6,mmHg,2025-09-04
OBS-00001291,PT-000237,ENC-0000645,8462-4,Diastolic blood pressure,60.6,mmHg,2025-09-04
OBS-00001292,PT-000237,ENC-0000645,2160-0,Creatinine,0.8,mg/dL,2025-09-04
OBS-00001293,PT-000237,ENC-0000646,8480-6,Systolic blood pressure,135.1,mmHg,2024-12-09
OBS-00001294,PT-000237,ENC-0000647,4548-4,Hemoglobin A1c,10.7,%,2026-03-07
OBS-00001295,PT-000237,ENC-0000647,718-7,Hemoglobin,14.4,g/dL,2026-03-07
OBS-00001296,PT-000237,ENC-0000647,2339-0,Glucose,293.6,mg/dL,2026-03-07
OBS-00001297,PT-000237,ENC-0000648,2339-0,Glucose,117.8,mg/dL,2024-12-26
OBS-00001298,PT-000237,ENC-0000648,2339-0,Glucose,97.8,mg/dL,2024-12-26
OBS-00001299,PT-000238,ENC-0000649,2160-0,Creatinine,3.8,mg/dL,2025-12-21
OBS-00001300,PT-000238,ENC-0000649,2339-0,Glucose,172.6,mg/dL,2025-12-21
OBS-00001301,PT-000238,ENC-0000649,718-7,Hemoglobin,8.4,g/dL,2025-12-21
OBS-00001302,PT-000239,ENC-0000650,8462-4,Diastolic blood pressure,62.5,mmHg,2025-04-24
OBS-00001303,PT-000239,ENC-0000650,8480-6,Systolic blood pressure,153.6,mmHg,2025-04-24
OBS-00001304,PT-000239,ENC-0000650,8480-6,Systolic blood pressure,132.0,mmHg,2025-04-24
OBS-00001305,PT-000239,ENC-0000651,8480-6,Systolic blood pressure,113.8,mmHg,2025-08-30
OBS-00001306,PT-000239,ENC-0000651,8462-4,Diastolic blood pressure,109.9,mmHg,2025-08-30
OBS-00001307,PT-000239,ENC-0000651,8480-6,Systolic blood pressure,128.7,mmHg,2025-08-30
OBS-00001308,PT-000240,ENC-0000652,8462-4,Diastolic blood pressure,96.8,mmHg,2026-04-29
OBS-00001309,PT-000240,ENC-0000652,718-7,Hemoglobin,10.5,g/dL,2026-04-29
OBS-00001310,PT-000240,ENC-0000652,4548-4,Hemoglobin A1c,8.5,%,2026-04-29
OBS-00001311,PT-000240,ENC-0000653,2160-0,Creatinine,4.3,mg/dL,2025-06-21
OBS-00001312,PT-000240,ENC-0000653,4548-4,Hemoglobin A1c,9.6,%,2025-06-21
OBS-00001313,PT-000240,ENC-0000653,2160-0,Creatinine,1.9,mg/dL,2025-06-21
OBS-00001314,PT-000240,ENC-0000654,8480-6,Systolic blood pressure,149.0,mmHg,2025-03-07
OBS-00001315,PT-000240,ENC-0000655,718-7,Hemoglobin,15.8,g/dL,2026-05-16
OBS-00001316,PT-000240,ENC-0000655,4548-4,Hemoglobin A1c,11.4,%,2026-05-16
OBS-00001317,PT-000240,ENC-0000656,4548-4,Hemoglobin A1c,9.9,%,2024-11-20
OBS-00001318,PT-000241,ENC-0000657,8480-6,Systolic blood pressure,180.5,mmHg,2025-10-09
OBS-00001319,PT-000241,ENC-0000657,8480-6,Systolic blood pressure,126.7,mmHg,2025-10-09
OBS-00001320,PT-000241,ENC-0000658,2339-0,Glucose,267.8,mg/dL,2026-08-20
OBS-00001321,PT-000241,ENC-0000659,2339-0,Glucose,99.4,mg/dL,2026-04-05
OBS-00001322,PT-000241,ENC-0000659,718-7,Hemoglobin,13.2,g/dL,2026-04-05
OBS-00001323,PT-000242,ENC-0000660,4548-4,Hemoglobin A1c,6.1,%,2025-03-13
OBS-00001324,PT-000242,ENC-0000660,8462-4,Diastolic blood pressure,95.1,mmHg,2025-03-13
OBS-00001325,PT-000242,ENC-0000660,718-7,Hemoglobin,15.9,g/dL,2025-03-13
OBS-00001326,PT-000242,ENC-0000661,2160-0,Creatinine,3.0,mg/dL,2025-05-26
OBS-00001327,PT-000242,ENC-0000661,718-7,Hemoglobin,12.0,g/dL,2025-05-26
OBS-00001328,PT-000242,ENC-0000661,4548-4,Hemoglobin A1c,8.6,%,2025-05-26
OBS-00001329,PT-000242,ENC-0000662,8462-4,Diastolic blood pressure,73.2,mmHg,2025-05-21
OBS-00001330,PT-000242,ENC-0000662,718-7,Hemoglobin,10.0,g/dL,2025-05-21
OBS-00001331,PT-000243,ENC-0000663,2160-0,Creatinine,2.8,mg/dL,2025-02-24
OBS-00001332,PT-000243,ENC-0000663,8462-4,Diastolic blood pressure,71.7,mmHg,2025-02-24
OBS-00001333,PT-000243,ENC-0000664,2160-0,Creatinine,0.7,mg/dL,2026-01-25
OBS-00001334,PT-000243,ENC-0000664,8462-4,Diastolic blood pressure,86.6,mmHg,2026-01-25
OBS-00001335,PT-000243,ENC-0000664,2160-0,Creatinine,2.8,mg/dL,2026-01-25
OBS-00001336,PT-000243,ENC-0000665,8480-6,Systolic blood pressure,132.1,mmHg,2024-11-17
OBS-00001337,PT-000244,ENC-0000666,4548-4,Hemoglobin A1c,8.5,%,2026-04-25
OBS-00001338,PT-000244,ENC-0000666,8462-4,Diastolic blood pressure,104.9,mmHg,2026-04-25
OBS-00001339,PT-000244,ENC-0000666,8480-6,Systolic blood pressure,166.4,mmHg,2026-04-25
OBS-00001340,PT-000244,ENC-0000667,8480-6,Systolic blood pressure,168.0,mmHg,2026-07-12
OBS-00001341,PT-000244,ENC-0000667,2160-0,Creatinine,3.0,mg/dL,2026-07-12
OBS-00001342,PT-000244,ENC-0000668,2160-0,Creatinine,4.1,mg/dL,2026-07-21
OBS-00001343,PT-000244,ENC-0000668,718-7,Hemoglobin,12.8,g/dL,2026-07-21
OBS-00001344,PT-000244,ENC-0000668,2160-0,Creatinine,2.4,mg/dL,2026-07-21
OBS-00001345,PT-000244,ENC-0000669,4548-4,Hemoglobin A1c,6.9,%,2026-02-28
OBS-00001346,PT-000244,ENC-0000669,8480-6,Systolic blood pressure,151.4,mmHg,2026-02-28
OBS-00001347,PT-000244,ENC-0000669,718-7,Hemoglobin,12.9,g/dL,2026-02-28
OBS-00001348,PT-000245,ENC-0000670,2160-0,Creatinine,3.9,mg/dL,2025-01-04
OBS-00001349,PT-000245,ENC-0000670,8480-6,Systolic blood pressure,166.0,mmHg,2025-01-04
OBS-00001350,PT-000245,ENC-0000671,4548-4,Hemoglobin A1c,8.5,%,2024-11-12
OBS-00001351,PT-000245,ENC-0000671,4548-4,Hemoglobin A1c,12.5,%,2024-11-12
OBS-00001352,PT-000245,ENC-0000672,8480-6,Systolic blood pressure,118.1,mmHg,2026-06-13
OBS-00001353,PT-000245,ENC-0000673,4548-4,Hemoglobin A1c,9.4,%,2025-09-24
OBS-00001354,PT-000245,ENC-0000673,8462-4,Diastolic blood pressure,63.5,mmHg,2025-09-24
OBS-00001355,PT-000245,ENC-0000673,2160-0,Creatinine,4.2,mg/dL,2025-09-24
OBS-00001356,PT-000246,ENC-0000674,4548-4,Hemoglobin A1c,11.6,%,2025-11-30
OBS-00001357,PT-000246,ENC-0000675,8480-6,Systolic blood pressure,124.7,mmHg,2026-06-17
OBS-00001358,PT-000246,ENC-0000676,8480-6,Systolic blood pressure,148.2,mmHg,2025-12-07
OBS-00001359,PT-000246,ENC-0000676,2160-0,Creatinine,3.4,mg/dL,2025-12-07
OBS-00001360,PT-000246,ENC-0000677,2160-0,Creatinine,1.8,mg/dL,2026-01-05
OBS-00001361,PT-000246,ENC-0000677,8462-4,Diastolic blood pressure,102.4,mmHg,2026-01-05
OBS-00001362,PT-000247,ENC-0000678,718-7,Hemoglobin,9.5,g/dL,2024-09-19
OBS-00001363,PT-000247,ENC-0000678,2160-0,Creatinine,3.7,mg/dL,2024-09-19
OBS-00001364,PT-000247,ENC-0000678,2160-0,Creatinine,0.8,mg/dL,2024-09-19
OBS-00001365,PT-000248,ENC-0000679,2160-0,Creatinine,4.4,mg/dL,2026-08-20
OBS-00001366,PT-000248,ENC-0000679,2339-0,Glucose,136.7,mg/dL,2026-08-20
OBS-00001367,PT-000248,ENC-0000679,2339-0,Glucose,159.2,mg/dL,2026-08-20
OBS-00001368,PT-000248,ENC-0000680,8462-4,Diastolic blood pressure,94.4,mmHg,2026-04-13
OBS-00001369,PT-000248,ENC-0000680,8480-6,Systolic blood pressure,124.4,mmHg,2026-04-13
OBS-00001370,PT-000249,ENC-0000681,2160-0,Creatinine,3.4,mg/dL,2025-03-12
OBS-00001371,PT-000249,ENC-0000681,2339-0,Glucose,205.5,mg/dL,2025-03-12
OBS-00001372,PT-000249,ENC-0000682,8480-6,Systolic blood pressure,139.2,mmHg,2026-06-14
OBS-00001373,PT-000250,ENC-0000683,2160-0,Creatinine,3.4,mg/dL,2024-12-29
OBS-00001374,PT-000250,ENC-0000683,2160-0,Creatinine,1.0,mg/dL,2024-12-29
OBS-00001375,PT-000250,ENC-0000684,2160-0,Creatinine,3.0,mg/dL,2024-11-21
OBS-00001376,PT-000250,ENC-0000685,718-7,Hemoglobin,12.4,g/dL,2025-07-16
OBS-00001377,PT-000250,ENC-0000685,718-7,Hemoglobin,15.9,g/dL,2025-07-16
OBS-00001378,PT-000250,ENC-0000685,8462-4,Diastolic blood pressure,74.8,mmHg,2025-07-16
OBS-00001379,PT-000250,ENC-0000686,8480-6,Systolic blood pressure,148.8,mmHg,2026-09-19
OBS-00001380,PT-000250,ENC-0000686,8462-4,Diastolic blood pressure,81.4,mmHg,2026-09-19
OBS-00001381,PT-000250,ENC-0000687,8480-6,Systolic blood pressure,154.7,mmHg,2025-04-22
OBS-00001382,PT-000251,ENC-0000688,4548-4,Hemoglobin A1c,6.0,%,2025-12-30
OBS-00001383,PT-000251,ENC-0000688,718-7,Hemoglobin,13.1,g/dL,2025-12-30
OBS-00001384,PT-000251,ENC-0000689,4548-4,Hemoglobin A1c,6.8,%,2026-05-02
OBS-00001385,PT-000251,ENC-0000689,4548-4,Hemoglobin A1c,4.9,%,2026-05-02
OBS-00001386,PT-000251,ENC-0000689,2339-0,Glucose,258.5,mg/dL,2026-05-02
OBS-00001387,PT-000251,ENC-0000690,2160-0,Creatinine,4.3,mg/dL,2026-02-06
OBS-00001388,PT-000251,ENC-0000691,8462-4,Diastolic blood pressure,64.4,mmHg,2025-07-31
OBS-00001389,PT-000251,ENC-0000691,8480-6,Systolic blood pressure,148.0,mmHg,2025-07-31
OBS-00001390,PT-000251,ENC-0000691,2339-0,Glucose,146.7,mg/dL,2025-07-31
OBS-00001391,PT-000251,ENC-0000692,8462-4,Diastolic blood pressure,97.4,mmHg,2025-07-02
OBS-00001392,PT-000251,ENC-0000692,2160-0,Creatinine,4.1,mg/dL,2025-07-02
OBS-00001393,PT-000251,ENC-0000692,2160-0,Creatinine,4.1,mg/dL,2025-07-02
OBS-00001394,PT-000251,ENC-0000693,8462-4,Diastolic blood pressure,76.4,mmHg,2026-09-04
OBS-00001395,PT-000251,ENC-0000693,8480-6,Systolic blood pressure,116.4,mmHg,2026-09-04
OBS-00001396,PT-000251,ENC-0000693,8462-4,Diastolic blood pressure,84.1,mmHg,2026-09-04
OBS-00001397,PT-000251,ENC-0000694,8462-4,Diastolic blood pressure,99.9,mmHg,2025-03-23
OBS-00001398,PT-000252,ENC-0000695,8480-6,Systolic blood pressure,151.3,mmHg,2026-07-13
OBS-00001399,PT-000252,ENC-0000695,8480-6,Systolic blood pressure,151.8,mmHg,2026-07-13
OBS-00001400,PT-000252,ENC-0000695,718-7,Hemoglobin,16.4,g/dL,2026-07-13
OBS-00001401,PT-000252,ENC-0000696,2160-0,Creatinine,1.9,mg/dL,2025-07-16
OBS-00001402,PT-000252,ENC-0000696,718-7,Hemoglobin,11.4,g/dL,2025-07-16
OBS-00001403,PT-000252,ENC-0000696,4548-4,Hemoglobin A1c,8.0,%,2025-07-16
OBS-00001404,PT-000252,ENC-0000697,2160-0,Creatinine,1.1,mg/dL,2025-12-15
OBS-00001405,PT-000252,ENC-0000698,2339-0,Glucose,109.6,mg/dL,2025-08-30
OBS-00001406,PT-000252,ENC-0000699,2160-0,Creatinine,4.3,mg/dL,2025-03-02
OBS-00001407,PT-000252,ENC-0000699,4548-4,Hemoglobin A1c,5.9,%,2025-03-02
OBS-00001408,PT-000252,ENC-0000699,8462-4,Diastolic blood pressure,88.4,mmHg,2025-03-02
OBS-00001409,PT-000253,ENC-0000700,2339-0,Glucose,253.5,mg/dL,2025-04-02
OBS-00001410,PT-000253,ENC-0000700,8462-4,Diastolic blood pressure,94.3,mmHg,2025-04-02
OBS-00001411,PT-000253,ENC-0000701,718-7,Hemoglobin,12.8,g/dL,2025-11-19
OBS-00001412,PT-000254,ENC-0000702,2160-0,Creatinine,2.8,mg/dL,2025-04-28
OBS-00001413,PT-000254,ENC-0000703,2160-0,Creatinine,0.9,mg/dL,2026-08-20
OBS-00001414,PT-000254,ENC-0000703,8480-6,Systolic blood pressure,147.3,mmHg,2026-08-20
OBS-00001415,PT-000255,ENC-0000704,8462-4,Diastolic blood pressure,105.1,mmHg,2025-10-16
OBS-00001416,PT-000255,ENC-0000705,4548-4,Hemoglobin A1c,11.3,%,2026-07-27
OBS-00001417,PT-000255,ENC-0000705,4548-4,Hemoglobin A1c,12.2,%,2026-07-27
OBS-00001418,PT-000255,ENC-0000705,4548-4,Hemoglobin A1c,6.8,%,2026-07-27
OBS-00001419,PT-000255,ENC-0000706,718-7,Hemoglobin,11.6,g/dL,2025-03-18
OBS-00001420,PT-000255,ENC-0000707,2339-0,Glucose,78.6,mg/dL,2026-03-10
OBS-00001421,PT-000255,ENC-0000708,718-7,Hemoglobin,9.2,g/dL,2025-10-18
OBS-00001422,PT-000255,ENC-0000708,8480-6,Systolic blood pressure,140.3,mmHg,2025-10-18
OBS-00001423,PT-000255,ENC-0000708,2339-0,Glucose,219.3,mg/dL,2025-10-18
OBS-00001424,PT-000255,ENC-0000709,2339-0,Glucose,232.2,mg/dL,2025-04-16
OBS-00001425,PT-000255,ENC-0000709,718-7,Hemoglobin,10.9,g/dL,2025-04-16
OBS-00001426,PT-000256,ENC-0000710,2160-0,Creatinine,3.8,mg/dL,2025-04-23
OBS-00001427,PT-000256,ENC-0000710,8462-4,Diastolic blood pressure,57.7,mmHg,2025-04-23
OBS-00001428,PT-000256,ENC-0000711,718-7,Hemoglobin,12.3,g/dL,2024-12-26
OBS-00001429,PT-000256,ENC-0000712,718-7,Hemoglobin,14.7,g/dL,2026-09-09
OBS-00001430,PT-000257,ENC-0000713,8462-4,Diastolic blood pressure,95.0,mmHg,2025-07-29
OBS-00001431,PT-000257,ENC-0000713,2160-0,Creatinine,4.1,mg/dL,2025-07-29
OBS-00001432,PT-000257,ENC-0000714,8462-4,Diastolic blood pressure,101.9,mmHg,2026-03-14
OBS-00001433,PT-000257,ENC-0000714,4548-4,Hemoglobin A1c,9.9,%,2026-03-14
OBS-00001434,PT-000257,ENC-0000714,8480-6,Systolic blood pressure,133.0,mmHg,2026-03-14
OBS-00001435,PT-000258,ENC-0000715,718-7,Hemoglobin,14.6,g/dL,2026-08-26
OBS-00001436,PT-000258,ENC-0000715,718-7,Hemoglobin,15.2,g/dL,2026-08-26
OBS-00001437,PT-000258,ENC-0000716,8462-4,Diastolic blood pressure,80.2,mmHg,2025-10-06
OBS-00001438,PT-000258,ENC-0000717,718-7,Hemoglobin,9.4,g/dL,2025-08-10
OBS-00001439,PT-000258,ENC-0000717,4548-4,Hemoglobin A1c,11.0,%,2025-08-10
OBS-00001440,PT-000258,ENC-0000718,8462-4,Diastolic blood pressure,55.9,mmHg,2026-07-15
OBS-00001441,PT-000258,ENC-0000718,2160-0,Creatinine,0.7,mg/dL,2026-07-15
OBS-00001442,PT-000258,ENC-0000718,8480-6,Systolic blood pressure,162.4,mmHg,2026-07-15
OBS-00001443,PT-000258,ENC-0000719,2339-0,Glucose,225.0,mg/dL,2025-12-17
OBS-00001444,PT-000258,ENC-0000719,718-7,Hemoglobin,10.6,g/dL,2025-12-17
OBS-00001445,PT-000258,ENC-0000720,718-7,Hemoglobin,12.4,g/dL,2025-08-10
OBS-00001446,PT-000258,ENC-0000720,2160-0,Creatinine,1.2,mg/dL,2025-08-10
OBS-00001447,PT-000258,ENC-0000720,8462-4,Diastolic blood pressure,64.8,mmHg,2025-08-10
OBS-00001448,PT-000259,ENC-0000721,4548-4,Hemoglobin A1c,10.8,%,2025-07-30
OBS-00001449,PT-000259,ENC-0000721,2160-0,Creatinine,3.1,mg/dL,2025-07-30
OBS-00001450,PT-000259,ENC-0000722,8462-4,Diastolic blood pressure,107.4,mmHg,2025-06-25
OBS-00001451,PT-000259,ENC-0000722,718-7,Hemoglobin,11.1,g/dL,2025-06-25
OBS-00001452,PT-000259,ENC-0000723,2339-0,Glucose,116.3,mg/dL,2026-02-16
OBS-00001453,PT-000259,ENC-0000723,8480-6,Systolic blood pressure,143.4,mmHg,2026-02-16
OBS-00001454,PT-000260,ENC-0000724,2160-0,Creatinine,4.3,mg/dL,2026-05-23
OBS-00001455,PT-000260,ENC-0000725,4548-4,Hemoglobin A1c,6.4,%,2024-12-28
OBS-00001456,PT-000260,ENC-0000725,718-7,Hemoglobin,8.4,g/dL,2024-12-28
OBS-00001457,PT-000260,ENC-0000725,8462-4,Diastolic blood pressure,104.7,mmHg,2024-12-28
OBS-00001458,PT-000260,ENC-0000726,2339-0,Glucose,127.2,mg/dL,2025-11-04
OBS-00001459,PT-000260,ENC-0000727,4548-4,Hemoglobin A1c,6.2,%,2025-11-09
OBS-00001460,PT-000260,ENC-0000727,8480-6,Systolic blood pressure,115.1,mmHg,2025-11-09
OBS-00001461,PT-000260,ENC-0000728,2339-0,Glucose,118.1,mg/dL,2026-02-04
OBS-00001462,PT-000260,ENC-0000728,2160-0,Creatinine,4.0,mg/dL,2026-02-04
OBS-00001463,PT-000261,ENC-0000729,8480-6,Systolic blood pressure,146.7,mmHg,2025-05-26
OBS-00001464,PT-000261,ENC-0000729,8462-4,Diastolic blood pressure,103.8,mmHg,2025-05-26
OBS-00001465,PT-000262,ENC-0000730,8480-6,Systolic blood pressure,118.6,mmHg,2025-11-29
OBS-00001466,PT-000262,ENC-0000730,4548-4,Hemoglobin A1c,9.7,%,2025-11-29
OBS-00001467,PT-000262,ENC-0000730,2339-0,Glucose,309.0,mg/dL,2025-11-29
OBS-00001468,PT-000262,ENC-0000731,8480-6,Systolic blood pressure,158.7,mmHg,2025-04-04
OBS-00001469,PT-000262,ENC-0000731,2339-0,Glucose,144.3,mg/dL,2025-04-04
OBS-00001470,PT-000262,ENC-0000732,2160-0,Creatinine,1.7,mg/dL,2025-09-26
OBS-00001471,PT-000263,ENC-0000733,2339-0,Glucose,101.6,mg/dL,2025-05-03
OBS-00001472,PT-000263,ENC-0000733,8480-6,Systolic blood pressure,136.2,mmHg,2025-05-03
OBS-00001473,PT-000263,ENC-0000734,718-7,Hemoglobin,12.2,g/dL,2024-11-20
OBS-00001474,PT-000263,ENC-0000734,8480-6,Systolic blood pressure,173.0,mmHg,2024-11-20
OBS-00001475,PT-000263,ENC-0000735,2160-0,Creatinine,1.6,mg/dL,2026-05-11
OBS-00001476,PT-000263,ENC-0000735,2160-0,Creatinine,3.9,mg/dL,2026-05-11
OBS-00001477,PT-000263,ENC-0000736,8480-6,Systolic blood pressure,140.4,mmHg,2026-05-13
OBS-00001478,PT-000263,ENC-0000736,4548-4,Hemoglobin A1c,7.4,%,2026-05-13
OBS-00001479,PT-000263,ENC-0000736,4548-4,Hemoglobin A1c,9.5,%,2026-05-13
OBS-00001480,PT-000264,ENC-0000737,718-7,Hemoglobin,10.2,g/dL,2025-01-13
OBS-00001481,PT-000264,ENC-0000737,2160-0,Creatinine,2.6,mg/dL,2025-01-13
OBS-00001482,PT-000264,ENC-0000737,718-7,Hemoglobin,11.7,g/dL,2025-01-13
OBS-00001483,PT-000264,ENC-0000738,8462-4,Diastolic blood pressure,95.7,mmHg,2025-02-16
OBS-00001484,PT-000265,ENC-0000739,718-7,Hemoglobin,8.3,g/dL,2025-12-16
OBS-00001485,PT-000265,ENC-0000739,8462-4,Diastolic blood pressure,65.1,mmHg,2025-12-16
OBS-00001486,PT-000265,ENC-0000739,8480-6,Systolic blood pressure,112.7,mmHg,2025-12-16
OBS-00001487,PT-000265,ENC-0000740,8480-6,Systolic blood pressure,144.1,mmHg,2026-05-08
OBS-00001488,PT-000265,ENC-0000740,8480-6,Systolic blood pressure,108.4,mmHg,2026-05-08
OBS-00001489,PT-000265,ENC-0000741,718-7,Hemoglobin,15.3,g/dL,2026-05-10
OBS-00001490,PT-000265,ENC-0000741,8462-4,Diastolic blood pressure,68.6,mmHg,2026-05-10
OBS-00001491,PT-000265,ENC-0000741,718-7,Hemoglobin,11.7,g/dL,2026-05-10
OBS-00001492,PT-000266,ENC-0000742,4548-4,Hemoglobin A1c,12.0,%,2025-04-20
OBS-00001493,PT-000266,ENC-0000742,2339-0,Glucose,259.6,mg/dL,2025-04-20
OBS-00001494,PT-000266,ENC-0000743,2339-0,Glucose,125.5,mg/dL,2026-08-18
OBS-00001495,PT-000266,ENC-0000743,4548-4,Hemoglobin A1c,10.3,%,2026-08-18
OBS-00001496,PT-000266,ENC-0000744,2339-0,Glucose,192.7,mg/dL,2026-08-11
OBS-00001497,PT-000267,ENC-0000745,2160-0,Creatinine,2.6,mg/dL,2025-07-07
OBS-00001498,PT-000268,ENC-0000746,2160-0,Creatinine,3.9,mg/dL,2026-03-28
OBS-00001499,PT-000268,ENC-0000747,4548-4,Hemoglobin A1c,5.8,%,2026-09-02
OBS-00001500,PT-000268,ENC-0000748,4548-4,Hemoglobin A1c,7.9,%,2026-06-15
OBS-00001501,PT-000268,ENC-0000748,4548-4,Hemoglobin A1c,7.5,%,2026-06-15
OBS-00001502,PT-000268,ENC-0000749,8480-6,Systolic blood pressure,156.6,mmHg,2025-01-31
OBS-00001503,PT-000268,ENC-0000749,4548-4,Hemoglobin A1c,6.4,%,2025-01-31
OBS-00001504,PT-000268,ENC-0000749,718-7,Hemoglobin,15.9,g/dL,2025-01-31
OBS-00001505,PT-000269,ENC-0000750,2160-0,Creatinine,1.3,mg/dL,2025-10-29
OBS-00001506,PT-000270,ENC-0000751,8480-6,Systolic blood pressure,153.7,mmHg,2026-06-08
OBS-00001507,PT-000270,ENC-0000751,2160-0,Creatinine,4.4,mg/dL,2026-06-08
OBS-00001508,PT-000270,ENC-0000751,8462-4,Diastolic blood pressure,79.4,mmHg,2026-06-08
OBS-00001509,PT-000271,ENC-0000752,4548-4,Hemoglobin A1c,12.0,%,2025-08-07
OBS-00001510,PT-000271,ENC-0000752,2339-0,Glucose,233.6,mg/dL,2025-08-07
OBS-00001511,PT-000271,ENC-0000753,4548-4,Hemoglobin A1c,8.4,%,2026-09-13
OBS-00001512,PT-000271,ENC-0000753,2339-0,Glucose,74.0,mg/dL,2026-09-13
OBS-00001513,PT-000271,ENC-0000754,8480-6,Systolic blood pressure,151.6,mmHg,2025-08-26
OBS-00001514,PT-000272,ENC-0000755,718-7,Hemoglobin,16.9,g/dL,2025-03-25
OBS-00001515,PT-000272,ENC-0000755,8480-6,Systolic blood pressure,102.8,mmHg,2025-03-25
OBS-00001516,PT-000272,ENC-0000755,8480-6,Systolic blood pressure,124.3,mmHg,2025-03-25
OBS-00001517,PT-000272,ENC-0000756,2160-0,Creatinine,3.6,mg/dL,2026-02-21
OBS-00001518,PT-000272,ENC-0000756,8480-6,Systolic blood pressure,177.7,mmHg,2026-02-21
OBS-00001519,PT-000272,ENC-0000756,8480-6,Systolic blood pressure,180.8,mmHg,2026-02-21
OBS-00001520,PT-000273,ENC-0000757,4548-4,Hemoglobin A1c,8.2,%,2024-12-16
OBS-00001521,PT-000273,ENC-0000757,2339-0,Glucose,317.0,mg/dL,2024-12-16
OBS-00001522,PT-000273,ENC-0000758,2160-0,Creatinine,4.2,mg/dL,2025-01-07
OBS-00001523,PT-000273,ENC-0000758,8462-4,Diastolic blood pressure,85.9,mmHg,2025-01-07
OBS-00001524,PT-000273,ENC-0000758,2339-0,Glucose,187.0,mg/dL,2025-01-07
OBS-00001525,PT-000273,ENC-0000759,4548-4,Hemoglobin A1c,8.2,%,2025-05-05
OBS-00001526,PT-000273,ENC-0000759,718-7,Hemoglobin,14.7,g/dL,2025-05-05
OBS-00001527,PT-000273,ENC-0000759,718-7,Hemoglobin,13.0,g/dL,2025-05-05
OBS-00001528,PT-000274,ENC-0000760,8480-6,Systolic blood pressure,124.9,mmHg,2025-04-08
OBS-00001529,PT-000274,ENC-0000760,8480-6,Systolic blood pressure,107.7,mmHg,2025-04-08
OBS-00001530,PT-000275,ENC-0000761,718-7,Hemoglobin,11.3,g/dL,2025-02-17
OBS-00001531,PT-000275,ENC-0000761,4548-4,Hemoglobin A1c,6.2,%,2025-02-17
OBS-00001532,PT-000275,ENC-0000762,718-7,Hemoglobin,14.3,g/dL,2026-08-25
OBS-00001533,PT-000275,ENC-0000763,2339-0,Glucose,103.6,mg/dL,2026-02-03
OBS-00001534,PT-000275,ENC-0000763,2160-0,Creatinine,4.0,mg/dL,2026-02-03
OBS-00001535,PT-000276,ENC-0000764,8462-4,Diastolic blood pressure,80.5,mmHg,2025-02-20
OBS-00001536,PT-000276,ENC-0000764,2339-0,Glucose,95.4,mg/dL,2025-02-20
OBS-00001537,PT-000276,ENC-0000765,4548-4,Hemoglobin A1c,10.2,%,2026-09-05
OBS-00001538,PT-000276,ENC-0000765,718-7,Hemoglobin,12.3,g/dL,2026-09-05
OBS-00001539,PT-000276,ENC-0000765,8480-6,Systolic blood pressure,127.1,mmHg,2026-09-05
OBS-00001540,PT-000276,ENC-0000766,2160-0,Creatinine,3.3,mg/dL,2026-01-21
OBS-00001541,PT-000277,ENC-0000767,718-7,Hemoglobin,14.3,g/dL,2026-03-23
OBS-00001542,PT-000277,ENC-0000768,4548-4,Hemoglobin A1c,11.8,%,2025-05-25
OBS-00001543,PT-000277,ENC-0000769,2160-0,Creatinine,2.8,mg/dL,2025-02-28
OBS-00001544,PT-000278,ENC-0000770,2160-0,Creatinine,3.3,mg/dL,2026-03-27
OBS-00001545,PT-000278,ENC-0000770,8480-6,Systolic blood pressure,152.3,mmHg,2026-03-27
OBS-00001546,PT-000279,ENC-0000771,8480-6,Systolic blood pressure,125.6,mmHg,2025-10-31
OBS-00001547,PT-000279,ENC-0000772,8480-6,Systolic blood pressure,184.4,mmHg,2025-02-15
OBS-00001548,PT-000279,ENC-0000772,8480-6,Systolic blood pressure,159.3,mmHg,2025-02-15
OBS-00001549,PT-000279,ENC-0000772,2160-0,Creatinine,2.7,mg/dL,2025-02-15
OBS-00001550,PT-000279,ENC-0000773,2339-0,Glucose,100.4,mg/dL,2026-02-09
OBS-00001551,PT-000279,ENC-0000773,8480-6,Systolic blood pressure,166.9,mmHg,2026-02-09
OBS-00001552,PT-000279,ENC-0000774,718-7,Hemoglobin,10.8,g/dL,2024-10-23
OBS-00001553,PT-000279,ENC-0000774,4548-4,Hemoglobin A1c,10.2,%,2024-10-23
OBS-00001554,PT-000279,ENC-0000774,2160-0,Creatinine,0.9,mg/dL,2024-10-23
OBS-00001555,PT-000279,ENC-0000775,2339-0,Glucose,90.1,mg/dL,2026-04-01
OBS-00001556,PT-000279,ENC-0000775,2160-0,Creatinine,3.8,mg/dL,2026-04-01
OBS-00001557,PT-000280,ENC-0000776,2339-0,Glucose,249.3,mg/dL,2026-05-25
OBS-00001558,PT-000280,ENC-0000776,2160-0,Creatinine,0.9,mg/dL,2026-05-25
OBS-00001559,PT-000281,ENC-0000777,2160-0,Creatinine,1.4,mg/dL,2024-12-04
OBS-00001560,PT-000281,ENC-0000777,8480-6,Systolic blood pressure,175.5,mmHg,2024-12-04
OBS-00001561,PT-000281,ENC-0000778,8480-6,Systolic blood pressure,157.9,mmHg,2025-01-12
OBS-00001562,PT-000281,ENC-0000778,8462-4,Diastolic blood pressure,85.9,mmHg,2025-01-12
OBS-00001563,PT-000281,ENC-0000778,8462-4,Diastolic blood pressure,108.9,mmHg,2025-01-12
OBS-00001564,PT-000281,ENC-0000779,8462-4,Diastolic blood pressure,99.3,mmHg,2026-04-10
OBS-00001565,PT-000281,ENC-0000779,8480-6,Systolic blood pressure,176.7,mmHg,2026-04-10
OBS-00001566,PT-000281,ENC-0000779,8462-4,Diastolic blood pressure,70.1,mmHg,2026-04-10
OBS-00001567,PT-000281,ENC-0000780,2160-0,Creatinine,2.9,mg/dL,2026-06-15
OBS-00001568,PT-000281,ENC-0000780,2160-0,Creatinine,1.7,mg/dL,2026-06-15
OBS-00001569,PT-000281,ENC-0000781,718-7,Hemoglobin,15.6,g/dL,2024-10-24
OBS-00001570,PT-000281,ENC-0000781,4548-4,Hemoglobin A1c,7.7,%,2024-10-24
OBS-00001571,PT-000282,ENC-0000782,4548-4,Hemoglobin A1c,5.6,%,2026-03-13
OBS-00001572,PT-000283,ENC-0000783,4548-4,Hemoglobin A1c,9.7,%,2026-03-22
OBS-00001573,PT-000283,ENC-0000784,8462-4,Diastolic blood pressure,95.9,mmHg,2026-01-03
OBS-00001574,PT-000284,ENC-0000785,718-7,Hemoglobin,13.3,g/dL,2026-02-20
OBS-00001575,PT-000284,ENC-0000785,718-7,Hemoglobin,13.2,g/dL,2026-02-20
OBS-00001576,PT-000284,ENC-0000786,2160-0,Creatinine,4.2,mg/dL,2025-05-03
OBS-00001577,PT-000284,ENC-0000786,8462-4,Diastolic blood pressure,68.2,mmHg,2025-05-03
OBS-00001578,PT-000284,ENC-0000786,2339-0,Glucose,120.6,mg/dL,2025-05-03
OBS-00001579,PT-000284,ENC-0000787,718-7,Hemoglobin,10.6,g/dL,2025-05-03
OBS-00001580,PT-000284,ENC-0000787,4548-4,Hemoglobin A1c,6.5,%,2025-05-03
OBS-00001581,PT-000285,ENC-0000788,2339-0,Glucose,189.2,mg/dL,2026-01-24
OBS-00001582,PT-000285,ENC-0000788,8480-6,Systolic blood pressure,120.7,mmHg,2026-01-24
OBS-00001583,PT-000285,ENC-0000789,2160-0,Creatinine,3.8,mg/dL,2025-04-13
OBS-00001584,PT-000286,ENC-0000790,718-7,Hemoglobin,9.7,g/dL,2025-10-12
OBS-00001585,PT-000286,ENC-0000790,8462-4,Diastolic blood pressure,101.2,mmHg,2025-10-12
OBS-00001586,PT-000286,ENC-0000790,2339-0,Glucose,263.3,mg/dL,2025-10-12
OBS-00001587,PT-000287,ENC-0000791,8462-4,Diastolic blood pressure,89.8,mmHg,2025-08-02
OBS-00001588,PT-000287,ENC-0000792,8480-6,Systolic blood pressure,104.1,mmHg,2025-12-28
OBS-00001589,PT-000287,ENC-0000793,718-7,Hemoglobin,11.0,g/dL,2024-11-03
OBS-00001590,PT-000287,ENC-0000793,8462-4,Diastolic blood pressure,71.0,mmHg,2024-11-03
OBS-00001591,PT-000287,ENC-0000793,2160-0,Creatinine,4.2,mg/dL,2024-11-03
OBS-00001592,PT-000288,ENC-0000794,2339-0,Glucose,70.1,mg/dL,2025-04-30
OBS-00001593,PT-000288,ENC-0000794,4548-4,Hemoglobin A1c,10.1,%,2025-04-30
OBS-00001594,PT-000288,ENC-0000795,4548-4,Hemoglobin A1c,8.6,%,2024-11-06
OBS-00001595,PT-000288,ENC-0000795,2160-0,Creatinine,0.7,mg/dL,2024-11-06
OBS-00001596,PT-000289,ENC-0000796,2339-0,Glucose,75.1,mg/dL,2026-01-03
OBS-00001597,PT-000289,ENC-0000796,4548-4,Hemoglobin A1c,11.2,%,2026-01-03
OBS-00001598,PT-000289,ENC-0000797,8462-4,Diastolic blood pressure,94.4,mmHg,2025-05-27
OBS-00001599,PT-000290,ENC-0000798,718-7,Hemoglobin,12.5,g/dL,2025-02-18
OBS-00001600,PT-000290,ENC-0000798,2160-0,Creatinine,4.0,mg/dL,2025-02-18
OBS-00001601,PT-000290,ENC-0000798,8480-6,Systolic blood pressure,107.7,mmHg,2025-02-18
OBS-00001602,PT-000290,ENC-0000799,718-7,Hemoglobin,9.3,g/dL,2025-01-27
OBS-00001603,PT-000290,ENC-0000800,2339-0,Glucose,192.3,mg/dL,2026-08-15
OBS-00001604,PT-000290,ENC-0000800,8462-4,Diastolic blood pressure,79.4,mmHg,2026-08-15
OBS-00001605,PT-000290,ENC-0000800,2339-0,Glucose,229.4,mg/dL,2026-08-15
OBS-00001606,PT-000291,ENC-0000801,8480-6,Systolic blood pressure,105.1,mmHg,2024-09-30
OBS-00001607,PT-000291,ENC-0000801,4548-4,Hemoglobin A1c,6.3,%,2024-09-30
OBS-00001608,PT-000291,ENC-0000802,2160-0,Creatinine,4.0,mg/dL,2025-12-21
OBS-00001609,PT-000291,ENC-0000803,2339-0,Glucose,194.4,mg/dL,2026-08-29
OBS-00001610,PT-000291,ENC-0000803,8480-6,Systolic blood pressure,184.4,mmHg,2026-08-29
OBS-00001611,PT-000291,ENC-0000803,4548-4,Hemoglobin A1c,8.6,%,2026-08-29
OBS-00001612,PT-000291,ENC-0000804,4548-4,Hemoglobin A1c,8.1,%,2025-10-27
OBS-00001613,PT-000291,ENC-0000804,718-7,Hemoglobin,15.9,g/dL,2025-10-27
OBS-00001614,PT-000291,ENC-0000804,718-7,Hemoglobin,8.6,g/dL,2025-10-27
OBS-00001615,PT-000292,ENC-0000805,2339-0,Glucose,72.8,mg/dL,2025-12-02
OBS-00001616,PT-000292,ENC-0000805,2160-0,Creatinine,2.4,mg/dL,2025-12-02
OBS-00001617,PT-000292,ENC-0000805,718-7,Hemoglobin,13.2,g/dL,2025-12-02
OBS-00001618,PT-000293,ENC-0000806,2160-0,Creatinine,3.4,mg/dL,2026-06-04
OBS-00001619,PT-000293,ENC-0000806,718-7,Hemoglobin,15.4,g/dL,2026-06-04
OBS-00001620,PT-000293,ENC-0000806,4548-4,Hemoglobin A1c,7.6,%,2026-06-04
OBS-00001621,PT-000293,ENC-0000807,8480-6,Systolic blood pressure,148.3,mmHg,2025-12-25
OBS-00001622,PT-000293,ENC-0000807,8480-6,Systolic blood pressure,95.5,mmHg,2025-12-25
OBS-00001623,PT-000293,ENC-0000808,8480-6,Systolic blood pressure,105.6,mmHg,2026-02-22
OBS-00001624,PT-000293,ENC-0000808,718-7,Hemoglobin,9.4,g/dL,2026-02-22
OBS-00001625,PT-000294,ENC-0000809,4548-4,Hemoglobin A1c,10.9,%,2025-08-02
OBS-00001626,PT-000294,ENC-0000809,8480-6,Systolic blood pressure,141.7,mmHg,2025-08-02
OBS-00001627,PT-000294,ENC-0000810,2160-0,Creatinine,3.1,mg/dL,2026-01-21
OBS-00001628,PT-000294,ENC-0000810,8480-6,Systolic blood pressure,125.2,mmHg,2026-01-21
OBS-00001629,PT-000295,ENC-0000811,8480-6,Systolic blood pressure,126.7,mmHg,2025-05-20
OBS-00001630,PT-000295,ENC-0000811,2339-0,Glucose,154.2,mg/dL,2025-05-20
OBS-00001631,PT-000295,ENC-0000811,718-7,Hemoglobin,13.6,g/dL,2025-05-20
OBS-00001632,PT-000295,ENC-0000812,8480-6,Systolic blood pressure,106.7,mmHg,2026-07-11
OBS-00001633,PT-000295,ENC-0000812,2160-0,Creatinine,4.0,mg/dL,2026-07-11
OBS-00001634,PT-000295,ENC-0000812,2339-0,Glucose,130.2,mg/dL,2026-07-11
OBS-00001635,PT-000295,ENC-0000813,4548-4,Hemoglobin A1c,11.2,%,2025-12-03
OBS-00001636,PT-000296,ENC-0000814,718-7,Hemoglobin,13.5,g/dL,2025-11-11
OBS-00001637,PT-000296,ENC-0000814,4548-4,Hemoglobin A1c,12.4,%,2025-11-11
OBS-00001638,PT-000296,ENC-0000814,4548-4,Hemoglobin A1c,8.4,%,2025-11-11
OBS-00001639,PT-000296,ENC-0000815,4548-4,Hemoglobin A1c,9.3,%,2026-08-09
OBS-00001640,PT-000296,ENC-0000815,4548-4,Hemoglobin A1c,9.4,%,2026-08-09
OBS-00001641,PT-000296,ENC-0000816,8480-6,Systolic blood pressure,144.0,mmHg,2025-05-13
OBS-00001642,PT-000296,ENC-0000816,8480-6,Systolic blood pressure,127.7,mmHg,2025-05-13
OBS-00001643,PT-000296,ENC-0000816,2339-0,Glucose,181.5,mg/dL,2025-05-13
OBS-00001644,PT-000296,ENC-0000817,2339-0,Glucose,316.4,mg/dL,2025-03-15
OBS-00001645,PT-000297,ENC-0000818,8462-4,Diastolic blood pressure,68.1,mmHg,2026-07-17
OBS-00001646,PT-000297,ENC-0000818,718-7,Hemoglobin,8.7,g/dL,2026-07-17
OBS-00001647,PT-000297,ENC-0000818,718-7,Hemoglobin,12.2,g/dL,2026-07-17
OBS-00001648,PT-000297,ENC-0000819,8480-6,Systolic blood pressure,99.5,mmHg,2026-03-24
OBS-00001649,PT-000297,ENC-0000819,2339-0,Glucose,146.0,mg/dL,2026-03-24
OBS-00001650,PT-000297,ENC-0000820,2160-0,Creatinine,4.2,mg/dL,2026-06-06
OBS-00001651,PT-000298,ENC-0000821,2339-0,Glucose,257.0,mg/dL,2024-10-11
OBS-00001652,PT-000298,ENC-0000821,4548-4,Hemoglobin A1c,9.4,%,2024-10-11
OBS-00001653,PT-000298,ENC-0000821,8462-4,Diastolic blood pressure,80.3,mmHg,2024-10-11
OBS-00001654,PT-000298,ENC-0000822,4548-4,Hemoglobin A1c,8.7,%,2025-10-30
OBS-00001655,PT-000298,ENC-0000822,8462-4,Diastolic blood pressure,58.5,mmHg,2025-10-30
OBS-00001656,PT-000298,ENC-0000822,2339-0,Glucose,318.7,mg/dL,2025-10-30
OBS-00001657,PT-000298,ENC-0000823,2339-0,Glucose,234.4,mg/dL,2025-01-10
OBS-00001658,PT-000298,ENC-0000823,4548-4,Hemoglobin A1c,8.2,%,2025-01-10
OBS-00001659,PT-000298,ENC-0000823,8480-6,Systolic blood pressure,180.3,mmHg,2025-01-10
OBS-00001660,PT-000298,ENC-0000824,4548-4,Hemoglobin A1c,6.9,%,2026-09-10
OBS-00001661,PT-000298,ENC-0000824,8480-6,Systolic blood pressure,98.0,mmHg,2026-09-10
OBS-00001662,PT-000298,ENC-0000824,2339-0,Glucose,249.4,mg/dL,2026-09-10
OBS-00001663,PT-000298,ENC-0000825,4548-4,Hemoglobin A1c,5.4,%,2026-04-18
OBS-00001664,PT-000298,ENC-0000826,2339-0,Glucose,127.3,mg/dL,2026-02-02
OBS-00001665,PT-000299,ENC-0000827,2160-0,Creatinine,2.0,mg/dL,2025-04-28
OBS-00001666,PT-000299,ENC-0000828,2339-0,Glucose,249.0,mg/dL,2026-04-06
OBS-00001667,PT-000299,ENC-0000829,2339-0,Glucose,295.6,mg/dL,2026-01-05
OBS-00001668,PT-000299,ENC-0000829,718-7,Hemoglobin,16.0,g/dL,2026-01-05
OBS-00001669,PT-000299,ENC-0000829,2160-0,Creatinine,2.4,mg/dL,2026-01-05
OBS-00001670,PT-000300,ENC-0000830,8480-6,Systolic blood pressure,168.1,mmHg,2025-03-23
OBS-00001671,PT-000300,ENC-0000830,2339-0,Glucose,258.5,mg/dL,2025-03-23
OBS-00001672,PT-000300,ENC-0000830,8462-4,Diastolic blood pressure,85.6,mmHg,2025-03-23
OBS-00001673,PT-000300,ENC-0000831,4548-4,Hemoglobin A1c,8.0,%,2025-06-28
OBS-00001674,PT-000300,ENC-0000832,4548-4,Hemoglobin A1c,12.2,%,2025-01-04
OBS-00001675,PT-000300,ENC-0000832,8480-6,Systolic blood pressure,101.3,mmHg,2025-01-04
OBS-00001676,PT-000300,ENC-0000832,8462-4,Diastolic blood pressure,77.3,mmHg,2025-01-04
OBS-00001677,PT-000300,ENC-0000833,4548-4,Hemoglobin A1c,9.0,%,2026-01-10
OBS-00001678,PT-000300,ENC-0000833,2160-0,Creatinine,4.3,mg/dL,2026-01-10
OBS-00001679,PT-000300,ENC-0000833,4548-4,Hemoglobin A1c,7.8,%,2026-01-10
OBS-00001680,PT-000300,ENC-0000834,4548-4,Hemoglobin A1c,11.8,%,2025-02-27
OBS-00001681,PT-000300,ENC-0000834,8480-6,Systolic blood pressure,150.4,mmHg,2025-02-27
OBS-00001682,PT-000300,ENC-0000834,2339-0,Glucose,281.6,mg/dL,2025-02-27
OBS-00001683,PT-000301,ENC-0000835,2339-0,Glucose,294.0,mg/dL,2026-06-21
OBS-00001684,PT-000301,ENC-0000835,2339-0,Glucose,122.3,mg/dL,2026-06-21
OBS-00001685,PT-000301,ENC-0000835,8462-4,Diastolic blood pressure,66.0,mmHg,2026-06-21
OBS-00001686,PT-000302,ENC-0000836,718-7,Hemoglobin,9.1,g/dL,2026-05-18
OBS-00001687,PT-000302,ENC-0000836,2160-0,Creatinine,2.7,mg/dL,2026-05-18
OBS-00001688,PT-000302,ENC-0000836,8462-4,Diastolic blood pressure,79.4,mmHg,2026-05-18
OBS-00001689,PT-000303,ENC-0000837,8480-6,Systolic blood pressure,149.0,mmHg,2026-07-07
OBS-00001690,PT-000303,ENC-0000838,718-7,Hemoglobin,8.0,g/dL,2025-03-14
OBS-00001691,PT-000303,ENC-0000838,4548-4,Hemoglobin A1c,9.0,%,2025-03-14
OBS-00001692,PT-000304,ENC-0000839,718-7,Hemoglobin,8.7,g/dL,2024-11-27
OBS-00001693,PT-000305,ENC-0000840,4548-4,Hemoglobin A1c,10.4,%,2025-05-15
OBS-00001694,PT-000305,ENC-0000840,2339-0,Glucose,166.0,mg/dL,2025-05-15
OBS-00001695,PT-000305,ENC-0000841,2160-0,Creatinine,4.3,mg/dL,2026-02-19
OBS-00001696,PT-000305,ENC-0000841,8480-6,Systolic blood pressure,152.2,mmHg,2026-02-19
OBS-00001697,PT-000305,ENC-0000841,718-7,Hemoglobin,12.2,g/dL,2026-02-19
OBS-00001698,PT-000305,ENC-0000842,718-7,Hemoglobin,10.7,g/dL,2026-01-28
OBS-00001699,PT-000305,ENC-0000843,8480-6,Systolic blood pressure,141.8,mmHg,2024-11-25
OBS-00001700,PT-000305,ENC-0000843,2160-0,Creatinine,4.0,mg/dL,2024-11-25
OBS-00001701,PT-000305,ENC-0000844,4548-4,Hemoglobin A1c,6.3,%,2025-10-19
OBS-00001702,PT-000305,ENC-0000844,4548-4,Hemoglobin A1c,5.4,%,2025-10-19
OBS-00001703,PT-000305,ENC-0000844,2339-0,Glucose,133.2,mg/dL,2025-10-19
OBS-00001704,PT-000306,ENC-0000845,718-7,Hemoglobin,10.2,g/dL,2025-08-09
OBS-00001705,PT-000306,ENC-0000845,8462-4,Diastolic blood pressure,68.7,mmHg,2025-08-09
OBS-00001706,PT-000306,ENC-0000845,4548-4,Hemoglobin A1c,9.0,%,2025-08-09
OBS-00001707,PT-000307,ENC-0000846,2339-0,Glucose,193.7,mg/dL,2026-01-12
OBS-00001708,PT-000307,ENC-0000846,2339-0,Glucose,120.6,mg/dL,2026-01-12
OBS-00001709,PT-000307,ENC-0000846,2160-0,Creatinine,1.2,mg/dL,2026-01-12
OBS-00001710,PT-000308,ENC-0000847,4548-4,Hemoglobin A1c,9.1,%,2025-10-30
OBS-00001711,PT-000308,ENC-0000847,8480-6,Systolic blood pressure,141.7,mmHg,2025-10-30
OBS-00001712,PT-000308,ENC-0000847,8480-6,Systolic blood pressure,168.2,mmHg,2025-10-30
OBS-00001713,PT-000308,ENC-0000848,4548-4,Hemoglobin A1c,8.6,%,2025-06-04
OBS-00001714,PT-000308,ENC-0000848,2160-0,Creatinine,1.0,mg/dL,2025-06-04
OBS-00001715,PT-000309,ENC-0000849,8480-6,Systolic blood pressure,147.8,mmHg,2026-04-30
OBS-00001716,PT-000309,ENC-0000849,718-7,Hemoglobin,16.9,g/dL,2026-04-30
OBS-00001717,PT-000309,ENC-0000850,2160-0,Creatinine,1.6,mg/dL,2025-11-27
OBS-00001718,PT-000309,ENC-0000850,2160-0,Creatinine,2.9,mg/dL,2025-11-27
OBS-00001719,PT-000309,ENC-0000851,718-7,Hemoglobin,11.5,g/dL,2025-08-03
OBS-00001720,PT-000309,ENC-0000851,2339-0,Glucose,152.8,mg/dL,2025-08-03
OBS-00001721,PT-000309,ENC-0000852,718-7,Hemoglobin,14.3,g/dL,2026-02-19
OBS-00001722,PT-000309,ENC-0000852,4548-4,Hemoglobin A1c,11.1,%,2026-02-19
OBS-00001723,PT-000309,ENC-0000853,4548-4,Hemoglobin A1c,5.6,%,2026-03-02
OBS-00001724,PT-000309,ENC-0000853,2160-0,Creatinine,2.0,mg/dL,2026-03-02
OBS-00001725,PT-000310,ENC-0000854,4548-4,Hemoglobin A1c,10.4,%,2025-02-11
OBS-00001726,PT-000310,ENC-0000854,2160-0,Creatinine,3.4,mg/dL,2025-02-11
OBS-00001727,PT-000310,ENC-0000854,8462-4,Diastolic blood pressure,59.2,mmHg,2025-02-11
OBS-00001728,PT-000310,ENC-0000855,8480-6,Systolic blood pressure,112.3,mmHg,2026-06-28
OBS-00001729,PT-000310,ENC-0000855,8462-4,Diastolic blood pressure,72.8,mmHg,2026-06-28
OBS-00001730,PT-000310,ENC-0000856,2339-0,Glucose,265.3,mg/dL,2026-04-02
OBS-00001731,PT-000310,ENC-0000856,718-7,Hemoglobin,15.7,g/dL,2026-04-02
OBS-00001732,PT-000310,ENC-0000857,8480-6,Systolic blood pressure,167.1,mmHg,2025-12-22
OBS-00001733,PT-000310,ENC-0000857,2339-0,Glucose,130.1,mg/dL,2025-12-22
OBS-00001734,PT-000311,ENC-0000858,8480-6,Systolic blood pressure,179.4,mmHg,2025-05-08
OBS-00001735,PT-000311,ENC-0000859,2160-0,Creatinine,2.8,mg/dL,2025-07-27
OBS-00001736,PT-000312,ENC-0000860,8462-4,Diastolic blood pressure,56.6,mmHg,2026-08-29
OBS-00001737,PT-000312,ENC-0000860,4548-4,Hemoglobin A1c,12.3,%,2026-08-29
OBS-00001738,PT-000312,ENC-0000861,4548-4,Hemoglobin A1c,6.7,%,2024-12-04
OBS-00001739,PT-000312,ENC-0000862,8480-6,Systolic blood pressure,177.0,mmHg,2025-09-27
OBS-00001740,PT-000312,ENC-0000862,4548-4,Hemoglobin A1c,7.7,%,2025-09-27
OBS-00001741,PT-000313,ENC-0000863,8462-4,Diastolic blood pressure,58.9,mmHg,2026-08-05
OBS-00001742,PT-000313,ENC-0000863,2339-0,Glucose,227.3,mg/dL,2026-08-05
OBS-00001743,PT-000314,ENC-0000864,8480-6,Systolic blood pressure,169.1,mmHg,2026-02-13
OBS-00001744,PT-000314,ENC-0000865,2339-0,Glucose,85.4,mg/dL,2026-02-11
OBS-00001745,PT-000314,ENC-0000865,8462-4,Diastolic blood pressure,59.0,mmHg,2026-02-11
OBS-00001746,PT-000314,ENC-0000866,2160-0,Creatinine,1.4,mg/dL,2026-02-08
OBS-00001747,PT-000314,ENC-0000866,2160-0,Creatinine,2.2,mg/dL,2026-02-08
OBS-00001748,PT-000314,ENC-0000866,2339-0,Glucose,83.9,mg/dL,2026-02-08
OBS-00001749,PT-000314,ENC-0000867,2160-0,Creatinine,1.3,mg/dL,2025-07-03
OBS-00001750,PT-000314,ENC-0000867,8480-6,Systolic blood pressure,142.0,mmHg,2025-07-03
OBS-00001751,PT-000315,ENC-0000868,8462-4,Diastolic blood pressure,65.9,mmHg,2025-02-07
OBS-00001752,PT-000315,ENC-0000869,2160-0,Creatinine,2.3,mg/dL,2026-06-20
OBS-00001753,PT-000316,ENC-0000870,8480-6,Systolic blood pressure,115.4,mmHg,2025-11-05
OBS-00001754,PT-000316,ENC-0000871,4548-4,Hemoglobin A1c,8.4,%,2026-03-21
OBS-00001755,PT-000316,ENC-0000871,4548-4,Hemoglobin A1c,5.1,%,2026-03-21
OBS-00001756,PT-000316,ENC-0000871,2160-0,Creatinine,0.7,mg/dL,2026-03-21
OBS-00001757,PT-000317,ENC-0000872,4548-4,Hemoglobin A1c,6.6,%,2025-06-22
OBS-00001758,PT-000317,ENC-0000872,2339-0,Glucose,299.7,mg/dL,2025-06-22
OBS-00001759,PT-000318,ENC-0000873,2160-0,Creatinine,2.9,mg/dL,2025-12-24
OBS-00001760,PT-000318,ENC-0000873,718-7,Hemoglobin,12.7,g/dL,2025-12-24
OBS-00001761,PT-000319,ENC-0000874,4548-4,Hemoglobin A1c,11.8,%,2025-02-09
OBS-00001762,PT-000319,ENC-0000874,2160-0,Creatinine,1.2,mg/dL,2025-02-09
OBS-00001763,PT-000319,ENC-0000874,4548-4,Hemoglobin A1c,8.0,%,2025-02-09
OBS-00001764,PT-000319,ENC-0000875,2339-0,Glucose,189.0,mg/dL,2026-06-01
OBS-00001765,PT-000319,ENC-0000876,4548-4,Hemoglobin A1c,10.2,%,2025-08-30
OBS-00001766,PT-000319,ENC-0000877,8480-6,Systolic blood pressure,127.5,mmHg,2024-09-26
OBS-00001767,PT-000319,ENC-0000877,4548-4,Hemoglobin A1c,11.9,%,2024-09-26
OBS-00001768,PT-000319,ENC-0000878,2160-0,Creatinine,1.5,mg/dL,2025-01-27
OBS-00001769,PT-000320,ENC-0000879,718-7,Hemoglobin,9.0,g/dL,2025-03-08
OBS-00001770,PT-000320,ENC-0000879,2160-0,Creatinine,2.0,mg/dL,2025-03-08
OBS-00001771,PT-000320,ENC-0000880,718-7,Hemoglobin,10.6,g/dL,2024-12-19
OBS-00001772,PT-000320,ENC-0000880,8462-4,Diastolic blood pressure,91.9,mmHg,2024-12-19
OBS-00001773,PT-000320,ENC-0000881,2160-0,Creatinine,3.5,mg/dL,2025-03-09
OBS-00001774,PT-000321,ENC-0000882,718-7,Hemoglobin,8.3,g/dL,2025-10-03
OBS-00001775,PT-000321,ENC-0000882,718-7,Hemoglobin,11.4,g/dL,2025-10-03
OBS-00001776,PT-000321,ENC-0000883,2160-0,Creatinine,4.2,mg/dL,2025-06-13
OBS-00001777,PT-000321,ENC-0000883,8480-6,Systolic blood pressure,136.9,mmHg,2025-06-13
OBS-00001778,PT-000321,ENC-0000884,2339-0,Glucose,246.7,mg/dL,2025-03-27
OBS-00001779,PT-000321,ENC-0000884,2160-0,Creatinine,1.7,mg/dL,2025-03-27
OBS-00001780,PT-000322,ENC-0000885,2339-0,Glucose,172.6,mg/dL,2025-10-18
OBS-00001781,PT-000322,ENC-0000885,2339-0,Glucose,135.2,mg/dL,2025-10-18
OBS-00001782,PT-000322,ENC-0000886,8462-4,Diastolic blood pressure,101.3,mmHg,2025-11-24
OBS-00001783,PT-000322,ENC-0000887,8480-6,Systolic blood pressure,106.6,mmHg,2025-07-19
OBS-00001784,PT-000322,ENC-0000888,4548-4,Hemoglobin A1c,7.9,%,2026-09-07
OBS-00001785,PT-000322,ENC-0000888,8480-6,Systolic blood pressure,109.3,mmHg,2026-09-07
OBS-00001786,PT-000322,ENC-0000889,2160-0,Creatinine,2.6,mg/dL,2026-04-20
OBS-00001787,PT-000322,ENC-0000889,2160-0,Creatinine,1.4,mg/dL,2026-04-20
OBS-00001788,PT-000323,ENC-0000890,4548-4,Hemoglobin A1c,9.6,%,2025-06-28
OBS-00001789,PT-000324,ENC-0000891,8462-4,Diastolic blood pressure,59.9,mmHg,2025-10-28
OBS-00001790,PT-000324,ENC-0000891,8480-6,Systolic blood pressure,155.8,mmHg,2025-10-28
OBS-00001791,PT-000324,ENC-0000892,2160-0,Creatinine,0.9,mg/dL,2025-07-21
OBS-00001792,PT-000324,ENC-0000893,2339-0,Glucose,165.0,mg/dL,2025-11-26
OBS-00001793,PT-000324,ENC-0000893,8480-6,Systolic blood pressure,100.7,mmHg,2025-11-26
OBS-00001794,PT-000324,ENC-0000893,2160-0,Creatinine,1.6,mg/dL,2025-11-26
OBS-00001795,PT-000324,ENC-0000894,4548-4,Hemoglobin A1c,11.0,%,2025-09-08
OBS-00001796,PT-000324,ENC-0000894,8480-6,Systolic blood pressure,178.8,mmHg,2025-09-08
OBS-00001797,PT-000325,ENC-0000895,2339-0,Glucose,73.9,mg/dL,2026-03-05
OBS-00001798,PT-000325,ENC-0000895,8462-4,Diastolic blood pressure,92.0,mmHg,2026-03-05
OBS-00001799,PT-000326,ENC-0000896,4548-4,Hemoglobin A1c,8.9,%,2026-01-19
OBS-00001800,PT-000326,ENC-0000896,718-7,Hemoglobin,8.7,g/dL,2026-01-19
OBS-00001801,PT-000327,ENC-0000897,8480-6,Systolic blood pressure,148.4,mmHg,2026-04-21
OBS-00001802,PT-000328,ENC-0000898,2339-0,Glucose,258.8,mg/dL,2026-01-31
OBS-00001803,PT-000328,ENC-0000898,718-7,Hemoglobin,13.3,g/dL,2026-01-31
OBS-00001804,PT-000328,ENC-0000899,4548-4,Hemoglobin A1c,10.3,%,2026-01-02
OBS-00001805,PT-000329,ENC-0000900,4548-4,Hemoglobin A1c,11.8,%,2026-05-19
OBS-00001806,PT-000329,ENC-0000900,4548-4,Hemoglobin A1c,5.7,%,2026-05-19
OBS-00001807,PT-000329,ENC-0000900,4548-4,Hemoglobin A1c,7.6,%,2026-05-19
OBS-00001808,PT-000329,ENC-0000901,4548-4,Hemoglobin A1c,9.7,%,2025-05-11
OBS-00001809,PT-000329,ENC-0000901,4548-4,Hemoglobin A1c,7.7,%,2025-05-11
OBS-00001810,PT-000329,ENC-0000901,718-7,Hemoglobin,10.2,g/dL,2025-05-11
OBS-00001811,PT-000330,ENC-0000902,2160-0,Creatinine,4.4,mg/dL,2026-06-23
OBS-00001812,PT-000330,ENC-0000903,718-7,Hemoglobin,11.5,g/dL,2025-11-20
OBS-00001813,PT-000330,ENC-0000904,2339-0,Glucose,110.2,mg/dL,2026-05-04
OBS-00001814,PT-000330,ENC-0000904,718-7,Hemoglobin,16.0,g/dL,2026-05-04
OBS-00001815,PT-000331,ENC-0000905,2160-0,Creatinine,2.7,mg/dL,2026-05-26
OBS-00001816,PT-000332,ENC-0000906,2160-0,Creatinine,4.1,mg/dL,2025-05-20
OBS-00001817,PT-000332,ENC-0000906,2339-0,Glucose,213.9,mg/dL,2025-05-20
OBS-00001818,PT-000332,ENC-0000906,2160-0,Creatinine,2.9,mg/dL,2025-05-20
OBS-00001819,PT-000333,ENC-0000907,718-7,Hemoglobin,8.9,g/dL,2025-02-27
OBS-00001820,PT-000333,ENC-0000907,2160-0,Creatinine,4.0,mg/dL,2025-02-27
OBS-00001821,PT-000333,ENC-0000908,8462-4,Diastolic blood pressure,93.6,mmHg,2025-09-12
OBS-00001822,PT-000333,ENC-0000908,2160-0,Creatinine,2.4,mg/dL,2025-09-12
OBS-00001823,PT-000334,ENC-0000909,718-7,Hemoglobin,13.0,g/dL,2025-11-02
OBS-00001824,PT-000334,ENC-0000909,8462-4,Diastolic blood pressure,89.5,mmHg,2025-11-02
OBS-00001825,PT-000334,ENC-0000909,718-7,Hemoglobin,14.2,g/dL,2025-11-02
OBS-00001826,PT-000334,ENC-0000910,4548-4,Hemoglobin A1c,6.8,%,2026-09-10
OBS-00001827,PT-000334,ENC-0000910,2339-0,Glucose,223.8,mg/dL,2026-09-10
OBS-00001828,PT-000334,ENC-0000910,718-7,Hemoglobin,10.8,g/dL,2026-09-10
OBS-00001829,PT-000334,ENC-0000911,2339-0,Glucose,185.2,mg/dL,2026-05-03
OBS-00001830,PT-000334,ENC-0000911,8480-6,Systolic blood pressure,146.7,mmHg,2026-05-03
OBS-00001831,PT-000334,ENC-0000911,2160-0,Creatinine,1.4,mg/dL,2026-05-03
OBS-00001832,PT-000335,ENC-0000912,4548-4,Hemoglobin A1c,12.2,%,2026-03-04
OBS-00001833,PT-000335,ENC-0000912,718-7,Hemoglobin,13.1,g/dL,2026-03-04
OBS-00001834,PT-000335,ENC-0000912,2160-0,Creatinine,4.4,mg/dL,2026-03-04
OBS-00001835,PT-000336,ENC-0000913,2160-0,Creatinine,3.5,mg/dL,2026-08-01
OBS-00001836,PT-000336,ENC-0000913,4548-4,Hemoglobin A1c,10.1,%,2026-08-01
OBS-00001837,PT-000336,ENC-0000914,8480-6,Systolic blood pressure,106.2,mmHg,2026-03-03
OBS-00001838,PT-000336,ENC-0000914,4548-4,Hemoglobin A1c,7.1,%,2026-03-03
OBS-00001839,PT-000336,ENC-0000914,4548-4,Hemoglobin A1c,10.9,%,2026-03-03
OBS-00001840,PT-000336,ENC-0000915,8462-4,Diastolic blood pressure,90.9,mmHg,2025-03-22
OBS-00001841,PT-000336,ENC-0000916,2339-0,Glucose,84.3,mg/dL,2025-10-19
OBS-00001842,PT-000336,ENC-0000916,2160-0,Creatinine,1.8,mg/dL,2025-10-19
OBS-00001843,PT-000337,ENC-0000917,8462-4,Diastolic blood pressure,103.4,mmHg,2024-09-18
OBS-00001844,PT-000337,ENC-0000917,718-7,Hemoglobin,8.2,g/dL,2024-09-18
OBS-00001845,PT-000337,ENC-0000918,2339-0,Glucose,275.4,mg/dL,2026-05-28
OBS-00001846,PT-000337,ENC-0000918,2339-0,Glucose,245.4,mg/dL,2026-05-28
OBS-00001847,PT-000337,ENC-0000919,2160-0,Creatinine,1.4,mg/dL,2025-08-10
OBS-00001848,PT-000337,ENC-0000920,8480-6,Systolic blood pressure,176.9,mmHg,2025-04-10
OBS-00001849,PT-000337,ENC-0000920,718-7,Hemoglobin,11.9,g/dL,2025-04-10
OBS-00001850,PT-000338,ENC-0000921,4548-4,Hemoglobin A1c,11.4,%,2025-10-23
OBS-00001851,PT-000338,ENC-0000921,8462-4,Diastolic blood pressure,94.8,mmHg,2025-10-23
OBS-00001852,PT-000338,ENC-0000921,8480-6,Systolic blood pressure,129.5,mmHg,2025-10-23
OBS-00001853,PT-000338,ENC-0000922,8462-4,Diastolic blood pressure,70.0,mmHg,2025-07-23
OBS-00001854,PT-000338,ENC-0000922,2339-0,Glucose,164.7,mg/dL,2025-07-23
OBS-00001855,PT-000338,ENC-0000923,8480-6,Systolic blood pressure,175.5,mmHg,2026-04-10
OBS-00001856,PT-000338,ENC-0000923,4548-4,Hemoglobin A1c,12.4,%,2026-04-10
OBS-00001857,PT-000338,ENC-0000924,2160-0,Creatinine,1.2,mg/dL,2024-10-08
OBS-00001858,PT-000339,ENC-0000925,8480-6,Systolic blood pressure,106.8,mmHg,2026-05-20
OBS-00001859,PT-000339,ENC-0000925,2160-0,Creatinine,3.8,mg/dL,2026-05-20
OBS-00001860,PT-000340,ENC-0000926,8480-6,Systolic blood pressure,165.5,mmHg,2025-01-23
OBS-00001861,PT-000340,ENC-0000926,4548-4,Hemoglobin A1c,8.4,%,2025-01-23
OBS-00001862,PT-000340,ENC-0000926,4548-4,Hemoglobin A1c,6.0,%,2025-01-23
OBS-00001863,PT-000341,ENC-0000927,2160-0,Creatinine,1.2,mg/dL,2025-02-24
OBS-00001864,PT-000341,ENC-0000927,718-7,Hemoglobin,8.0,g/dL,2025-02-24
OBS-00001865,PT-000341,ENC-0000927,718-7,Hemoglobin,10.5,g/dL,2025-02-24
OBS-00001866,PT-000342,ENC-0000928,8480-6,Systolic blood pressure,140.4,mmHg,2024-11-16
OBS-00001867,PT-000342,ENC-0000928,718-7,Hemoglobin,15.0,g/dL,2024-11-16
OBS-00001868,PT-000342,ENC-0000929,4548-4,Hemoglobin A1c,6.9,%,2025-11-09
OBS-00001869,PT-000342,ENC-0000929,8480-6,Systolic blood pressure,101.7,mmHg,2025-11-09
OBS-00001870,PT-000342,ENC-0000929,8480-6,Systolic blood pressure,133.8,mmHg,2025-11-09
OBS-00001871,PT-000343,ENC-0000930,4548-4,Hemoglobin A1c,9.8,%,2025-01-30
OBS-00001872,PT-000343,ENC-0000930,2339-0,Glucose,266.7,mg/dL,2025-01-30
OBS-00001873,PT-000343,ENC-0000931,718-7,Hemoglobin,16.9,g/dL,2024-12-28
OBS-00001874,PT-000343,ENC-0000931,8462-4,Diastolic blood pressure,109.1,mmHg,2024-12-28
OBS-00001875,PT-000343,ENC-0000931,2160-0,Creatinine,1.4,mg/dL,2024-12-28
OBS-00001876,PT-000343,ENC-0000932,718-7,Hemoglobin,13.6,g/dL,2025-10-17
OBS-00001877,PT-000343,ENC-0000932,718-7,Hemoglobin,10.5,g/dL,2025-10-17
OBS-00001878,PT-000343,ENC-0000932,718-7,Hemoglobin,12.6,g/dL,2025-10-17
OBS-00001879,PT-000344,ENC-0000933,718-7,Hemoglobin,15.2,g/dL,2026-09-12
OBS-00001880,PT-000344,ENC-0000933,8462-4,Diastolic blood pressure,82.6,mmHg,2026-09-12
OBS-00001881,PT-000345,ENC-0000934,2160-0,Creatinine,1.8,mg/dL,2025-05-19
OBS-00001882,PT-000345,ENC-0000934,4548-4,Hemoglobin A1c,10.7,%,2025-05-19
OBS-00001883,PT-000345,ENC-0000934,2160-0,Creatinine,1.3,mg/dL,2025-05-19
OBS-00001884,PT-000345,ENC-0000935,718-7,Hemoglobin,13.9,g/dL,2026-05-21
OBS-00001885,PT-000345,ENC-0000935,2160-0,Creatinine,4.0,mg/dL,2026-05-21
OBS-00001886,PT-000345,ENC-0000936,2160-0,Creatinine,2.9,mg/dL,2025-04-26
OBS-00001887,PT-000345,ENC-0000936,2339-0,Glucose,130.9,mg/dL,2025-04-26
OBS-00001888,PT-000345,ENC-0000936,8462-4,Diastolic blood pressure,105.7,mmHg,2025-04-26
OBS-00001889,PT-000345,ENC-0000937,2160-0,Creatinine,4.3,mg/dL,2024-09-28
OBS-00001890,PT-000346,ENC-0000938,4548-4,Hemoglobin A1c,11.2,%,2025-01-27
OBS-00001891,PT-000347,ENC-0000939,8462-4,Diastolic blood pressure,67.3,mmHg,2026-02-15
OBS-00001892,PT-000347,ENC-0000939,2339-0,Glucose,189.3,mg/dL,2026-02-15
OBS-00001893,PT-000347,ENC-0000940,2339-0,Glucose,257.5,mg/dL,2025-12-04
OBS-00001894,PT-000347,ENC-0000941,2339-0,Glucose,140.9,mg/dL,2024-11-28
OBS-00001895,PT-000347,ENC-0000942,8462-4,Diastolic blood pressure,65.4,mmHg,2025-09-12
OBS-00001896,PT-000347,ENC-0000943,4548-4,Hemoglobin A1c,11.0,%,2026-03-17
OBS-00001897,PT-000347,ENC-0000943,8480-6,Systolic blood pressure,114.3,mmHg,2026-03-17
OBS-00001898,PT-000347,ENC-0000943,2339-0,Glucose,99.1,mg/dL,2026-03-17
OBS-00001899,PT-000348,ENC-0000944,2160-0,Creatinine,3.8,mg/dL,2025-06-03
OBS-00001900,PT-000348,ENC-0000944,4548-4,Hemoglobin A1c,7.8,%,2025-06-03
OBS-00001901,PT-000348,ENC-0000945,8480-6,Systolic blood pressure,170.9,mmHg,2024-12-28
OBS-00001902,PT-000348,ENC-0000945,2339-0,Glucose,175.9,mg/dL,2024-12-28
OBS-00001903,PT-000348,ENC-0000945,2160-0,Creatinine,0.9,mg/dL,2024-12-28
OBS-00001904,PT-000348,ENC-0000946,2339-0,Glucose,84.7,mg/dL,2026-04-04
OBS-00001905,PT-000348,ENC-0000946,8480-6,Systolic blood pressure,95.4,mmHg,2026-04-04
OBS-00001906,PT-000348,ENC-0000946,4548-4,Hemoglobin A1c,7.3,%,2026-04-04
OBS-00001907,PT-000348,ENC-0000947,2160-0,Creatinine,1.4,mg/dL,2026-07-17
OBS-00001908,PT-000348,ENC-0000947,8480-6,Systolic blood pressure,133.6,mmHg,2026-07-17
OBS-00001909,PT-000349,ENC-0000948,2339-0,Glucose,178.1,mg/dL,2026-07-24
OBS-00001910,PT-000349,ENC-0000949,2160-0,Creatinine,4.3,mg/dL,2026-02-19
OBS-00001911,PT-000349,ENC-0000949,8480-6,Systolic blood pressure,95.4,mmHg,2026-02-19
OBS-00001912,PT-000350,ENC-0000950,4548-4,Hemoglobin A1c,7.8,%,2025-10-07
OBS-00001913,PT-000350,ENC-0000951,8480-6,Systolic blood pressure,140.2,mmHg,2025-08-12
OBS-00001914,PT-000350,ENC-0000951,718-7,Hemoglobin,14.9,g/dL,2025-08-12
OBS-00001915,PT-000351,ENC-0000952,2339-0,Glucose,249.0,mg/dL,2025-11-20
OBS-00001916,PT-000351,ENC-0000952,8462-4,Diastolic blood pressure,92.8,mmHg,2025-11-20
OBS-00001917,PT-000351,ENC-0000953,2339-0,Glucose,199.6,mg/dL,2025-11-08
OBS-00001918,PT-000351,ENC-0000953,718-7,Hemoglobin,14.2,g/dL,2025-11-08
OBS-00001919,PT-000351,ENC-0000954,8462-4,Diastolic blood pressure,85.3,mmHg,2025-01-09
OBS-00001920,PT-000351,ENC-0000955,2160-0,Creatinine,2.1,mg/dL,2026-05-16
OBS-00001921,PT-000351,ENC-0000955,8462-4,Diastolic blood pressure,57.3,mmHg,2026-05-16
OBS-00001922,PT-000352,ENC-0000956,8480-6,Systolic blood pressure,142.2,mmHg,2024-11-04
OBS-00001923,PT-000352,ENC-0000956,718-7,Hemoglobin,9.4,g/dL,2024-11-04
OBS-00001924,PT-000352,ENC-0000956,2339-0,Glucose,279.2,mg/dL,2024-11-04
OBS-00001925,PT-000352,ENC-0000957,8462-4,Diastolic blood pressure,77.7,mmHg,2025-05-24
OBS-00001926,PT-000352,ENC-0000957,4548-4,Hemoglobin A1c,11.8,%,2025-05-24
OBS-00001927,PT-000352,ENC-0000957,4548-4,Hemoglobin A1c,6.1,%,2025-05-24
OBS-00001928,PT-000352,ENC-0000958,2339-0,Glucose,138.2,mg/dL,2025-09-13
OBS-00001929,PT-000352,ENC-0000958,8480-6,Systolic blood pressure,107.1,mmHg,2025-09-13
OBS-00001930,PT-000352,ENC-0000958,8462-4,Diastolic blood pressure,87.0,mmHg,2025-09-13
OBS-00001931,PT-000352,ENC-0000959,8480-6,Systolic blood pressure,129.2,mmHg,2026-08-04
OBS-00001932,PT-000352,ENC-0000960,2160-0,Creatinine,1.7,mg/dL,2025-06-27
OBS-00001933,PT-000352,ENC-0000961,718-7,Hemoglobin,10.7,g/dL,2026-04-12
OBS-00001934,PT-000352,ENC-0000961,8480-6,Systolic blood pressure,145.1,mmHg,2026-04-12
OBS-00001935,PT-000353,ENC-0000962,8480-6,Systolic blood pressure,178.9,mmHg,2025-09-26
OBS-00001936,PT-000353,ENC-0000962,8480-6,Systolic blood pressure,103.6,mmHg,2025-09-26
OBS-00001937,PT-000353,ENC-0000963,2339-0,Glucose,301.4,mg/dL,2025-09-17
OBS-00001938,PT-000354,ENC-0000964,2160-0,Creatinine,4.1,mg/dL,2026-06-10
OBS-00001939,PT-000354,ENC-0000964,4548-4,Hemoglobin A1c,8.9,%,2026-06-10
OBS-00001940,PT-000354,ENC-0000964,4548-4,Hemoglobin A1c,9.8,%,2026-06-10
OBS-00001941,PT-000355,ENC-0000965,4548-4,Hemoglobin A1c,10.5,%,2025-08-05
OBS-00001942,PT-000355,ENC-0000965,718-7,Hemoglobin,15.7,g/dL,2025-08-05
OBS-00001943,PT-000355,ENC-0000965,2339-0,Glucose,101.4,mg/dL,2025-08-05
OBS-00001944,PT-000356,ENC-0000966,2160-0,Creatinine,2.0,mg/dL,2025-11-20
OBS-00001945,PT-000356,ENC-0000966,718-7,Hemoglobin,12.3,g/dL,2025-11-20
OBS-00001946,PT-000356,ENC-0000966,4548-4,Hemoglobin A1c,6.3,%,2025-11-20
OBS-00001947,PT-000356,ENC-0000967,2160-0,Creatinine,1.6,mg/dL,2025-02-02
OBS-00001948,PT-000356,ENC-0000967,4548-4,Hemoglobin A1c,10.1,%,2025-02-02
OBS-00001949,PT-000356,ENC-0000967,2160-0,Creatinine,0.9,mg/dL,2025-02-02
OBS-00001950,PT-000356,ENC-0000968,8462-4,Diastolic blood pressure,76.9,mmHg,2026-04-24
OBS-00001951,PT-000356,ENC-0000969,2339-0,Glucose,212.2,mg/dL,2025-11-06
OBS-00001952,PT-000356,ENC-0000969,718-7,Hemoglobin,9.3,g/dL,2025-11-06
OBS-00001953,PT-000356,ENC-0000969,2339-0,Glucose,196.2,mg/dL,2025-11-06
OBS-00001954,PT-000356,ENC-0000970,8480-6,Systolic blood pressure,175.8,mmHg,2026-08-29
OBS-00001955,PT-000356,ENC-0000970,8480-6,Systolic blood pressure,104.4,mmHg,2026-08-29
OBS-00001956,PT-000357,ENC-0000971,8480-6,Systolic blood pressure,146.2,mmHg,2026-05-29
OBS-00001957,PT-000357,ENC-0000972,718-7,Hemoglobin,15.1,g/dL,2025-05-12
OBS-00001958,PT-000357,ENC-0000972,718-7,Hemoglobin,8.7,g/dL,2025-05-12
OBS-00001959,PT-000358,ENC-0000973,718-7,Hemoglobin,13.3,g/dL,2026-04-04
OBS-00001960,PT-000358,ENC-0000973,2339-0,Glucose,175.3,mg/dL,2026-04-04
OBS-00001961,PT-000358,ENC-0000973,2160-0,Creatinine,1.3,mg/dL,2026-04-04
OBS-00001962,PT-000358,ENC-0000974,2339-0,Glucose,284.3,mg/dL,2026-04-21
OBS-00001963,PT-000358,ENC-0000974,8462-4,Diastolic blood pressure,107.2,mmHg,2026-04-21
OBS-00001964,PT-000358,ENC-0000975,718-7,Hemoglobin,16.7,g/dL,2025-01-09
OBS-00001965,PT-000359,ENC-0000976,4548-4,Hemoglobin A1c,5.0,%,2025-09-26
OBS-00001966,PT-000359,ENC-0000977,8462-4,Diastolic blood pressure,81.7,mmHg,2024-11-01
OBS-00001967,PT-000359,ENC-0000977,8480-6,Systolic blood pressure,128.3,mmHg,2024-11-01
OBS-00001968,PT-000359,ENC-0000977,2160-0,Creatinine,0.6,mg/dL,2024-11-01
OBS-00001969,PT-000359,ENC-0000978,718-7,Hemoglobin,12.1,g/dL,2025-07-22
OBS-00001970,PT-000359,ENC-0000979,8462-4,Diastolic blood pressure,57.5,mmHg,2024-11-26
OBS-00001971,PT-000359,ENC-0000979,8462-4,Diastolic blood pressure,56.4,mmHg,2024-11-26
OBS-00001972,PT-000360,ENC-0000980,718-7,Hemoglobin,15.4,g/dL,2025-04-29
OBS-00001973,PT-000360,ENC-0000980,8480-6,Systolic blood pressure,122.8,mmHg,2025-04-29
OBS-00001974,PT-000360,ENC-0000981,2160-0,Creatinine,3.5,mg/dL,2026-09-11
OBS-00001975,PT-000360,ENC-0000981,2339-0,Glucose,256.0,mg/dL,2026-09-11
OBS-00001976,PT-000360,ENC-0000981,2339-0,Glucose,170.7,mg/dL,2026-09-11
OBS-00001977,PT-000360,ENC-0000982,2160-0,Creatinine,2.6,mg/dL,2025-06-24
OBS-00001978,PT-000360,ENC-0000982,8462-4,Diastolic blood pressure,107.5,mmHg,2025-06-24
OBS-00001979,PT-000360,ENC-0000983,8480-6,Systolic blood pressure,175.7,mmHg,2025-11-15
OBS-00001980,PT-000361,ENC-0000984,2339-0,Glucose,130.1,mg/dL,2025-10-19
OBS-00001981,PT-000362,ENC-0000985,718-7,Hemoglobin,13.8,g/dL,2026-05-23
OBS-00001982,PT-000363,ENC-0000986,2160-0,Creatinine,1.5,mg/dL,2024-10-02
OBS-00001983,PT-000363,ENC-0000986,2339-0,Glucose,194.9,mg/dL,2024-10-02
OBS-00001984,PT-000363,ENC-0000987,8480-6,Systolic blood pressure,142.1,mmHg,2025-11-03
OBS-00001985,PT-000363,ENC-0000987,8462-4,Diastolic blood pressure,87.1,mmHg,2025-11-03
OBS-00001986,PT-000364,ENC-0000988,8480-6,Systolic blood pressure,172.5,mmHg,2026-01-20
OBS-00001987,PT-000364,ENC-0000988,4548-4,Hemoglobin A1c,9.3,%,2026-01-20
OBS-00001988,PT-000364,ENC-0000989,2160-0,Creatinine,2.3,mg/dL,2025-12-07
OBS-00001989,PT-000364,ENC-0000990,718-7,Hemoglobin,13.7,g/dL,2026-08-04
OBS-00001990,PT-000364,ENC-0000990,4548-4,Hemoglobin A1c,6.6,%,2026-08-04
OBS-00001991,PT-000364,ENC-0000990,2339-0,Glucose,235.2,mg/dL,2026-08-04
OBS-00001992,PT-000364,ENC-0000991,8462-4,Diastolic blood pressure,89.6,mmHg,2025-04-10
OBS-00001993,PT-000364,ENC-0000991,4548-4,Hemoglobin A1c,10.6,%,2025-04-10
OBS-00001994,PT-000364,ENC-0000992,2339-0,Glucose,306.1,mg/dL,2026-04-30
OBS-00001995,PT-000364,ENC-0000992,8480-6,Systolic blood pressure,170.6,mmHg,2026-04-30
OBS-00001996,PT-000365,ENC-0000993,2160-0,Creatinine,2.4,mg/dL,2024-11-29
OBS-00001997,PT-000365,ENC-0000993,2160-0,Creatinine,3.6,mg/dL,2024-11-29
OBS-00001998,PT-000365,ENC-0000994,718-7,Hemoglobin,9.3,g/dL,2026-07-17
OBS-00001999,PT-000365,ENC-0000995,718-7,Hemoglobin,9.5,g/dL,2025-07-10
OBS-00002000,PT-000365,ENC-0000995,8480-6,Systolic blood pressure,138.5,mmHg,2025-07-10
OBS-00002001,PT-000365,ENC-0000996,8480-6,Systolic blood pressure,152.7,mmHg,2025-05-09
OBS-00002002,PT-000365,ENC-0000996,2160-0,Creatinine,1.6,mg/dL,2025-05-09
OBS-00002003,PT-000365,ENC-0000997,4548-4,Hemoglobin A1c,7.4,%,2026-07-20
OBS-00002004,PT-000365,ENC-0000998,718-7,Hemoglobin,12.5,g/dL,2026-01-02
OBS-00002005,PT-000365,ENC-0000998,2339-0,Glucose,271.5,mg/dL,2026-01-02
OBS-00002006,PT-000366,ENC-0000999,8462-4,Diastolic blood pressure,85.7,mmHg,2024-12-20
OBS-00002007,PT-000366,ENC-0000999,4548-4,Hemoglobin A1c,7.5,%,2024-12-20
OBS-00002008,PT-000366,ENC-0000999,2339-0,Glucose,113.5,mg/dL,2024-12-20
OBS-00002009,PT-000366,ENC-0001000,8462-4,Diastolic blood pressure,84.2,mmHg,2024-09-27
OBS-00002010,PT-000366,ENC-0001000,2160-0,Creatinine,3.4,mg/dL,2024-09-27
OBS-00002011,PT-000366,ENC-0001001,2339-0,Glucose,274.6,mg/dL,2026-05-06
OBS-00002012,PT-000366,ENC-0001002,4548-4,Hemoglobin A1c,9.6,%,2026-09-08
OBS-00002013,PT-000366,ENC-0001002,4548-4,Hemoglobin A1c,5.8,%,2026-09-08
OBS-00002014,PT-000366,ENC-0001002,2339-0,Glucose,73.5,mg/dL,2026-09-08
OBS-00002015,PT-000366,ENC-0001003,4548-4,Hemoglobin A1c,6.9,%,2024-09-25
OBS-00002016,PT-000366,ENC-0001003,4548-4,Hemoglobin A1c,7.0,%,2024-09-25
OBS-00002017,PT-000366,ENC-0001004,2339-0,Glucose,148.1,mg/dL,2026-05-24
OBS-00002018,PT-000366,ENC-0001004,4548-4,Hemoglobin A1c,10.7,%,2026-05-24
OBS-00002019,PT-000367,ENC-0001005,8462-4,Diastolic blood pressure,76.5,mmHg,2026-08-05
OBS-00002020,PT-000367,ENC-0001005,8480-6,Systolic blood pressure,145.8,mmHg,2026-08-05
OBS-00002021,PT-000367,ENC-0001005,8462-4,Diastolic blood pressure,86.3,mmHg,2026-08-05
OBS-00002022,PT-000367,ENC-0001006,8480-6,Systolic blood pressure,128.3,mmHg,2024-11-18
OBS-00002023,PT-000367,ENC-0001006,8462-4,Diastolic blood pressure,92.9,mmHg,2024-11-18
OBS-00002024,PT-000367,ENC-0001007,8462-4,Diastolic blood pressure,76.8,mmHg,2025-03-19
OBS-00002025,PT-000367,ENC-0001007,8480-6,Systolic blood pressure,107.5,mmHg,2025-03-19
OBS-00002026,PT-000368,ENC-0001008,8462-4,Diastolic blood pressure,67.3,mmHg,2025-03-22
OBS-00002027,PT-000368,ENC-0001008,4548-4,Hemoglobin A1c,6.6,%,2025-03-22
OBS-00002028,PT-000369,ENC-0001009,4548-4,Hemoglobin A1c,7.1,%,2025-09-25
OBS-00002029,PT-000369,ENC-0001009,2160-0,Creatinine,1.4,mg/dL,2025-09-25
OBS-00002030,PT-000369,ENC-0001009,8480-6,Systolic blood pressure,184.4,mmHg,2025-09-25
OBS-00002031,PT-000369,ENC-0001010,718-7,Hemoglobin,10.1,g/dL,2025-01-25
OBS-00002032,PT-000369,ENC-0001011,2160-0,Creatinine,3.6,mg/dL,2025-08-06
OBS-00002033,PT-000369,ENC-0001011,2160-0,Creatinine,4.0,mg/dL,2025-08-06
OBS-00002034,PT-000370,ENC-0001012,4548-4,Hemoglobin A1c,12.4,%,2024-12-18
OBS-00002035,PT-000370,ENC-0001012,4548-4,Hemoglobin A1c,8.2,%,2024-12-18
OBS-00002036,PT-000371,ENC-0001013,4548-4,Hemoglobin A1c,5.2,%,2025-03-15
OBS-00002037,PT-000371,ENC-0001013,718-7,Hemoglobin,12.0,g/dL,2025-03-15
OBS-00002038,PT-000371,ENC-0001013,8480-6,Systolic blood pressure,146.8,mmHg,2025-03-15
OBS-00002039,PT-000372,ENC-0001014,2160-0,Creatinine,1.9,mg/dL,2026-07-27
OBS-00002040,PT-000372,ENC-0001014,718-7,Hemoglobin,12.6,g/dL,2026-07-27
OBS-00002041,PT-000372,ENC-0001014,8462-4,Diastolic blood pressure,61.5,mmHg,2026-07-27
OBS-00002042,PT-000372,ENC-0001015,4548-4,Hemoglobin A1c,5.3,%,2025-01-09
OBS-00002043,PT-000372,ENC-0001015,8480-6,Systolic blood pressure,115.3,mmHg,2025-01-09
OBS-00002044,PT-000372,ENC-0001016,4548-4,Hemoglobin A1c,9.1,%,2026-07-09
OBS-00002045,PT-000372,ENC-0001016,4548-4,Hemoglobin A1c,10.4,%,2026-07-09
OBS-00002046,PT-000372,ENC-0001016,4548-4,Hemoglobin A1c,6.0,%,2026-07-09
OBS-00002047,PT-000373,ENC-0001017,4548-4,Hemoglobin A1c,6.6,%,2026-06-11
OBS-00002048,PT-000373,ENC-0001017,718-7,Hemoglobin,14.6,g/dL,2026-06-11
OBS-00002049,PT-000373,ENC-0001018,718-7,Hemoglobin,8.5,g/dL,2026-01-31
OBS-00002050,PT-000373,ENC-0001018,8462-4,Diastolic blood pressure,102.6,mmHg,2026-01-31
OBS-00002051,PT-000373,ENC-0001019,2160-0,Creatinine,4.3,mg/dL,2025-11-28
OBS-00002052,PT-000373,ENC-0001020,2160-0,Creatinine,3.1,mg/dL,2025-04-06
OBS-00002053,PT-000373,ENC-0001021,2339-0,Glucose,175.2,mg/dL,2025-11-11
OBS-00002054,PT-000373,ENC-0001021,2160-0,Creatinine,2.5,mg/dL,2025-11-11
OBS-00002055,PT-000374,ENC-0001022,2339-0,Glucose,314.8,mg/dL,2026-01-28
OBS-00002056,PT-000374,ENC-0001022,2160-0,Creatinine,3.4,mg/dL,2026-01-28
OBS-00002057,PT-000374,ENC-0001023,4548-4,Hemoglobin A1c,10.9,%,2026-02-25
OBS-00002058,PT-000374,ENC-0001024,718-7,Hemoglobin,16.7,g/dL,2025-02-21
OBS-00002059,PT-000374,ENC-0001024,8462-4,Diastolic blood pressure,58.7,mmHg,2025-02-21
OBS-00002060,PT-000374,ENC-0001024,2339-0,Glucose,195.5,mg/dL,2025-02-21
OBS-00002061,PT-000375,ENC-0001025,2339-0,Glucose,105.7,mg/dL,2026-07-14
OBS-00002062,PT-000375,ENC-0001025,4548-4,Hemoglobin A1c,6.1,%,2026-07-14
OBS-00002063,PT-000375,ENC-0001025,718-7,Hemoglobin,15.5,g/dL,2026-07-14
OBS-00002064,PT-000376,ENC-0001026,718-7,Hemoglobin,16.7,g/dL,2024-09-23
OBS-00002065,PT-000376,ENC-0001026,2339-0,Glucose,206.5,mg/dL,2024-09-23
OBS-00002066,PT-000376,ENC-0001026,8462-4,Diastolic blood pressure,75.6,mmHg,2024-09-23
OBS-00002067,PT-000376,ENC-0001027,8462-4,Diastolic blood pressure,63.4,mmHg,2025-07-31
OBS-00002068,PT-000376,ENC-0001027,2339-0,Glucose,230.5,mg/dL,2025-07-31
OBS-00002069,PT-000376,ENC-0001027,718-7,Hemoglobin,10.7,g/dL,2025-07-31
OBS-00002070,PT-000376,ENC-0001028,718-7,Hemoglobin,15.2,g/dL,2026-06-16
OBS-00002071,PT-000377,ENC-0001029,8462-4,Diastolic blood pressure,103.6,mmHg,2026-05-26
OBS-00002072,PT-000377,ENC-0001030,2160-0,Creatinine,3.3,mg/dL,2026-08-26
OBS-00002073,PT-000377,ENC-0001030,8462-4,Diastolic blood pressure,85.4,mmHg,2026-08-26
OBS-00002074,PT-000377,ENC-0001030,8462-4,Diastolic blood pressure,93.1,mmHg,2026-08-26
OBS-00002075,PT-000378,ENC-0001031,8462-4,Diastolic blood pressure,109.9,mmHg,2025-11-26
OBS-00002076,PT-000378,ENC-0001031,2339-0,Glucose,215.0,mg/dL,2025-11-26
OBS-00002077,PT-000378,ENC-0001032,4548-4,Hemoglobin A1c,10.8,%,2025-05-18
OBS-00002078,PT-000378,ENC-0001032,4548-4,Hemoglobin A1c,11.0,%,2025-05-18
OBS-00002079,PT-000378,ENC-0001032,4548-4,Hemoglobin A1c,12.1,%,2025-05-18
OBS-00002080,PT-000379,ENC-0001033,718-7,Hemoglobin,14.8,g/dL,2025-12-10
OBS-00002081,PT-000379,ENC-0001033,8462-4,Diastolic blood pressure,71.3,mmHg,2025-12-10
OBS-00002082,PT-000379,ENC-0001034,8462-4,Diastolic blood pressure,66.2,mmHg,2025-10-26
OBS-00002083,PT-000379,ENC-0001034,718-7,Hemoglobin,11.7,g/dL,2025-10-26
OBS-00002084,PT-000379,ENC-0001034,2160-0,Creatinine,2.6,mg/dL,2025-10-26
OBS-00002085,PT-000379,ENC-0001035,4548-4,Hemoglobin A1c,12.2,%,2025-10-29
OBS-00002086,PT-000379,ENC-0001036,8462-4,Diastolic blood pressure,93.0,mmHg,2024-10-08
OBS-00002087,PT-000379,ENC-0001036,2339-0,Glucose,94.3,mg/dL,2024-10-08
OBS-00002088,PT-000380,ENC-0001037,8462-4,Diastolic blood pressure,81.6,mmHg,2026-02-10
OBS-00002089,PT-000380,ENC-0001037,8480-6,Systolic blood pressure,112.4,mmHg,2026-02-10
OBS-00002090,PT-000380,ENC-0001037,2160-0,Creatinine,2.8,mg/dL,2026-02-10
OBS-00002091,PT-000380,ENC-0001038,2339-0,Glucose,263.3,mg/dL,2024-12-31
OBS-00002092,PT-000380,ENC-0001038,2160-0,Creatinine,2.5,mg/dL,2024-12-31
OBS-00002093,PT-000380,ENC-0001038,2160-0,Creatinine,3.5,mg/dL,2024-12-31
OBS-00002094,PT-000380,ENC-0001039,4548-4,Hemoglobin A1c,11.8,%,2026-07-08
OBS-00002095,PT-000380,ENC-0001040,4548-4,Hemoglobin A1c,8.9,%,2026-02-20
OBS-00002096,PT-000380,ENC-0001040,718-7,Hemoglobin,9.2,g/dL,2026-02-20
OBS-00002097,PT-000380,ENC-0001040,8462-4,Diastolic blood pressure,84.7,mmHg,2026-02-20
OBS-00002098,PT-000380,ENC-0001041,2339-0,Glucose,115.1,mg/dL,2026-09-03
OBS-00002099,PT-000380,ENC-0001041,4548-4,Hemoglobin A1c,8.4,%,2026-09-03
OBS-00002100,PT-000380,ENC-0001041,8480-6,Systolic blood pressure,119.1,mmHg,2026-09-03
OBS-00002101,PT-000380,ENC-0001042,4548-4,Hemoglobin A1c,7.1,%,2025-09-19
OBS-00002102,PT-000380,ENC-0001042,8480-6,Systolic blood pressure,134.4,mmHg,2025-09-19
OBS-00002103,PT-000380,ENC-0001042,718-7,Hemoglobin,15.9,g/dL,2025-09-19
OBS-00002104,PT-000381,ENC-0001043,2339-0,Glucose,288.7,mg/dL,2025-09-01
OBS-00002105,PT-000381,ENC-0001043,2339-0,Glucose,168.9,mg/dL,2025-09-01
OBS-00002106,PT-000381,ENC-0001043,8480-6,Systolic blood pressure,173.5,mmHg,2025-09-01
OBS-00002107,PT-000381,ENC-0001044,8462-4,Diastolic blood pressure,105.1,mmHg,2025-03-19
OBS-00002108,PT-000381,ENC-0001045,2160-0,Creatinine,3.2,mg/dL,2025-12-27
OBS-00002109,PT-000381,ENC-0001046,2339-0,Glucose,275.6,mg/dL,2024-11-10
OBS-00002110,PT-000381,ENC-0001046,8462-4,Diastolic blood pressure,67.1,mmHg,2024-11-10
OBS-00002111,PT-000381,ENC-0001047,4548-4,Hemoglobin A1c,8.7,%,2026-09-04
OBS-00002112,PT-000382,ENC-0001048,8462-4,Diastolic blood pressure,78.2,mmHg,2025-01-25
OBS-00002113,PT-000382,ENC-0001048,8462-4,Diastolic blood pressure,56.1,mmHg,2025-01-25
OBS-00002114,PT-000382,ENC-0001049,2339-0,Glucose,79.5,mg/dL,2024-12-22
OBS-00002115,PT-000382,ENC-0001050,718-7,Hemoglobin,12.0,g/dL,2025-12-31
OBS-00002116,PT-000382,ENC-0001050,8480-6,Systolic blood pressure,159.3,mmHg,2025-12-31
OBS-00002117,PT-000382,ENC-0001050,2160-0,Creatinine,2.6,mg/dL,2025-12-31
OBS-00002118,PT-000383,ENC-0001051,8480-6,Systolic blood pressure,137.7,mmHg,2026-02-25
OBS-00002119,PT-000384,ENC-0001052,8462-4,Diastolic blood pressure,108.0,mmHg,2024-10-18
OBS-00002120,PT-000384,ENC-0001052,8462-4,Diastolic blood pressure,59.6,mmHg,2024-10-18
OBS-00002121,PT-000384,ENC-0001053,4548-4,Hemoglobin A1c,7.4,%,2025-04-01
OBS-00002122,PT-000384,ENC-0001053,2339-0,Glucose,88.1,mg/dL,2025-04-01
OBS-00002123,PT-000384,ENC-0001054,8480-6,Systolic blood pressure,177.8,mmHg,2025-10-15
OBS-00002124,PT-000384,ENC-0001055,4548-4,Hemoglobin A1c,10.3,%,2026-06-25
OBS-00002125,PT-000385,ENC-0001056,4548-4,Hemoglobin A1c,5.1,%,2026-05-30
OBS-00002126,PT-000385,ENC-0001056,2339-0,Glucose,85.1,mg/dL,2026-05-30
OBS-00002127,PT-000385,ENC-0001057,8480-6,Systolic blood pressure,183.2,mmHg,2026-04-22
OBS-00002128,PT-000385,ENC-0001057,4548-4,Hemoglobin A1c,7.4,%,2026-04-22
OBS-00002129,PT-000385,ENC-0001057,2160-0,Creatinine,0.8,mg/dL,2026-04-22
OBS-00002130,PT-000385,ENC-0001058,718-7,Hemoglobin,12.6,g/dL,2025-12-24
OBS-00002131,PT-000385,ENC-0001058,2160-0,Creatinine,2.6,mg/dL,2025-12-24
OBS-00002132,PT-000385,ENC-0001058,8462-4,Diastolic blood pressure,59.6,mmHg,2025-12-24
OBS-00002133,PT-000385,ENC-0001059,718-7,Hemoglobin,16.3,g/dL,2026-01-01
OBS-00002134,PT-000385,ENC-0001059,2160-0,Creatinine,2.5,mg/dL,2026-01-01
OBS-00002135,PT-000385,ENC-0001059,2160-0,Creatinine,2.0,mg/dL,2026-01-01
OBS-00002136,PT-000386,ENC-0001060,2339-0,Glucose,210.7,mg/dL,2026-08-21
OBS-00002137,PT-000386,ENC-0001061,8480-6,Systolic blood pressure,129.1,mmHg,2025-06-24
OBS-00002138,PT-000386,ENC-0001061,8480-6,Systolic blood pressure,132.3,mmHg,2025-06-24
OBS-00002139,PT-000386,ENC-0001062,8462-4,Diastolic blood pressure,73.6,mmHg,2026-07-05
OBS-00002140,PT-000386,ENC-0001063,2339-0,Glucose,122.5,mg/dL,2025-12-26
OBS-00002141,PT-000386,ENC-0001063,4548-4,Hemoglobin A1c,8.1,%,2025-12-26
OBS-00002142,PT-000387,ENC-0001064,8462-4,Diastolic blood pressure,110.0,mmHg,2026-06-08
OBS-00002143,PT-000387,ENC-0001064,8480-6,Systolic blood pressure,148.3,mmHg,2026-06-08
OBS-00002144,PT-000387,ENC-0001064,2160-0,Creatinine,3.6,mg/dL,2026-06-08
OBS-00002145,PT-000388,ENC-0001065,4548-4,Hemoglobin A1c,7.3,%,2025-02-09
OBS-00002146,PT-000388,ENC-0001065,8462-4,Diastolic blood pressure,76.1,mmHg,2025-02-09
OBS-00002147,PT-000388,ENC-0001066,718-7,Hemoglobin,13.4,g/dL,2026-05-30
OBS-00002148,PT-000388,ENC-0001066,718-7,Hemoglobin,16.4,g/dL,2026-05-30
OBS-00002149,PT-000388,ENC-0001067,8462-4,Diastolic blood pressure,63.4,mmHg,2026-08-18
OBS-00002150,PT-000389,ENC-0001068,8462-4,Diastolic blood pressure,57.3,mmHg,2025-06-14
OBS-00002151,PT-000389,ENC-0001068,8462-4,Diastolic blood pressure,76.5,mmHg,2025-06-14
OBS-00002152,PT-000389,ENC-0001069,718-7,Hemoglobin,16.2,g/dL,2025-05-29
OBS-00002153,PT-000389,ENC-0001069,8462-4,Diastolic blood pressure,65.6,mmHg,2025-05-29
OBS-00002154,PT-000389,ENC-0001070,2339-0,Glucose,131.0,mg/dL,2026-08-23
OBS-00002155,PT-000389,ENC-0001070,4548-4,Hemoglobin A1c,6.2,%,2026-08-23
OBS-00002156,PT-000389,ENC-0001070,2160-0,Creatinine,2.3,mg/dL,2026-08-23
OBS-00002157,PT-000390,ENC-0001071,8480-6,Systolic blood pressure,112.1,mmHg,2026-07-13
OBS-00002158,PT-000390,ENC-0001071,718-7,Hemoglobin,10.2,g/dL,2026-07-13
OBS-00002159,PT-000390,ENC-0001072,2339-0,Glucose,213.8,mg/dL,2025-05-22
OBS-00002160,PT-000390,ENC-0001073,2160-0,Creatinine,4.4,mg/dL,2026-07-07
OBS-00002161,PT-000390,ENC-0001073,8462-4,Diastolic blood pressure,101.9,mmHg,2026-07-07
OBS-00002162,PT-000390,ENC-0001073,8480-6,Systolic blood pressure,129.8,mmHg,2026-07-07
OBS-00002163,PT-000390,ENC-0001074,4548-4,Hemoglobin A1c,6.8,%,2025-11-24
OBS-00002164,PT-000391,ENC-0001075,8462-4,Diastolic blood pressure,96.8,mmHg,2025-04-21
OBS-00002165,PT-000391,ENC-0001075,2160-0,Creatinine,1.6,mg/dL,2025-04-21
OBS-00002166,PT-000391,ENC-0001076,8480-6,Systolic blood pressure,161.4,mmHg,2024-12-23
OBS-00002167,PT-000391,ENC-0001076,718-7,Hemoglobin,11.0,g/dL,2024-12-23
OBS-00002168,PT-000391,ENC-0001077,2339-0,Glucose,187.7,mg/dL,2026-05-24
OBS-00002169,PT-000391,ENC-0001077,2339-0,Glucose,277.6,mg/dL,2026-05-24
OBS-00002170,PT-000391,ENC-0001077,8480-6,Systolic blood pressure,136.5,mmHg,2026-05-24
OBS-00002171,PT-000391,ENC-0001078,2339-0,Glucose,71.9,mg/dL,2026-09-07
OBS-00002172,PT-000391,ENC-0001078,8480-6,Systolic blood pressure,143.0,mmHg,2026-09-07
OBS-00002173,PT-000392,ENC-0001079,2160-0,Creatinine,0.7,mg/dL,2026-05-15
OBS-00002174,PT-000392,ENC-0001080,4548-4,Hemoglobin A1c,11.3,%,2025-05-01
OBS-00002175,PT-000392,ENC-0001080,2339-0,Glucose,255.8,mg/dL,2025-05-01
OBS-00002176,PT-000392,ENC-0001081,2160-0,Creatinine,0.9,mg/dL,2025-11-24
OBS-00002177,PT-000392,ENC-0001081,8480-6,Systolic blood pressure,107.1,mmHg,2025-11-24
OBS-00002178,PT-000392,ENC-0001082,2339-0,Glucose,72.7,mg/dL,2026-07-28
OBS-00002179,PT-000392,ENC-0001082,4548-4,Hemoglobin A1c,11.1,%,2026-07-28
OBS-00002180,PT-000392,ENC-0001082,8462-4,Diastolic blood pressure,97.6,mmHg,2026-07-28
OBS-00002181,PT-000392,ENC-0001083,4548-4,Hemoglobin A1c,7.4,%,2025-02-05
OBS-00002182,PT-000392,ENC-0001083,2339-0,Glucose,243.4,mg/dL,2025-02-05
OBS-00002183,PT-000393,ENC-0001084,8480-6,Systolic blood pressure,107.6,mmHg,2024-11-19
OBS-00002184,PT-000393,ENC-0001084,4548-4,Hemoglobin A1c,9.6,%,2024-11-19
OBS-00002185,PT-000393,ENC-0001085,2160-0,Creatinine,0.9,mg/dL,2026-08-06
OBS-00002186,PT-000394,ENC-0001086,2160-0,Creatinine,2.3,mg/dL,2025-03-03
OBS-00002187,PT-000394,ENC-0001087,8462-4,Diastolic blood pressure,60.9,mmHg,2026-04-21
OBS-00002188,PT-000394,ENC-0001087,8462-4,Diastolic blood pressure,97.4,mmHg,2026-04-21
OBS-00002189,PT-000394,ENC-0001087,718-7,Hemoglobin,15.4,g/dL,2026-04-21
OBS-00002190,PT-000395,ENC-0001088,8462-4,Diastolic blood pressure,76.3,mmHg,2025-06-18
OBS-00002191,PT-000395,ENC-0001088,8480-6,Systolic blood pressure,121.7,mmHg,2025-06-18
OBS-00002192,PT-000395,ENC-0001088,718-7,Hemoglobin,13.0,g/dL,2025-06-18
OBS-00002193,PT-000395,ENC-0001089,4548-4,Hemoglobin A1c,5.9,%,2025-07-03
OBS-00002194,PT-000395,ENC-0001090,2160-0,Creatinine,2.6,mg/dL,2025-08-05
OBS-00002195,PT-000395,ENC-0001090,2160-0,Creatinine,3.6,mg/dL,2025-08-05
OBS-00002196,PT-000395,ENC-0001091,8462-4,Diastolic blood pressure,74.1,mmHg,2025-06-15
OBS-00002197,PT-000396,ENC-0001092,2339-0,Glucose,193.6,mg/dL,2025-12-12
OBS-00002198,PT-000396,ENC-0001093,2160-0,Creatinine,2.5,mg/dL,2025-05-13
OBS-00002199,PT-000396,ENC-0001093,4548-4,Hemoglobin A1c,6.4,%,2025-05-13
OBS-00002200,PT-000396,ENC-0001093,2160-0,Creatinine,2.0,mg/dL,2025-05-13
OBS-00002201,PT-000397,ENC-0001094,8462-4,Diastolic blood pressure,76.0,mmHg,2024-10-31
OBS-00002202,PT-000397,ENC-0001094,2339-0,Glucose,102.6,mg/dL,2024-10-31
OBS-00002203,PT-000397,ENC-0001094,718-7,Hemoglobin,10.2,g/dL,2024-10-31
OBS-00002204,PT-000397,ENC-0001095,2339-0,Glucose,132.7,mg/dL,2025-08-03
OBS-00002205,PT-000397,ENC-0001095,2339-0,Glucose,298.0,mg/dL,2025-08-03
OBS-00002206,PT-000397,ENC-0001095,8462-4,Diastolic blood pressure,62.8,mmHg,2025-08-03
OBS-00002207,PT-000397,ENC-0001096,4548-4,Hemoglobin A1c,7.3,%,2025-04-13
OBS-00002208,PT-000397,ENC-0001096,2160-0,Creatinine,2.8,mg/dL,2025-04-13
OBS-00002209,PT-000397,ENC-0001097,718-7,Hemoglobin,9.0,g/dL,2025-09-13
OBS-00002210,PT-000397,ENC-0001098,8462-4,Diastolic blood pressure,71.3,mmHg,2025-01-23
OBS-00002211,PT-000397,ENC-0001098,718-7,Hemoglobin,11.6,g/dL,2025-01-23
OBS-00002212,PT-000398,ENC-0001099,4548-4,Hemoglobin A1c,7.7,%,2025-12-10
OBS-00002213,PT-000398,ENC-0001100,718-7,Hemoglobin,12.2,g/dL,2024-10-14
OBS-00002214,PT-000398,ENC-0001101,8480-6,Systolic blood pressure,115.4,mmHg,2025-02-16
OBS-00002215,PT-000398,ENC-0001102,8480-6,Systolic blood pressure,101.1,mmHg,2026-01-03
OBS-00002216,PT-000398,ENC-0001102,2339-0,Glucose,305.8,mg/dL,2026-01-03
OBS-00002217,PT-000398,ENC-0001103,8462-4,Diastolic blood pressure,55.5,mmHg,2026-01-23
OBS-00002218,PT-000399,ENC-0001104,2160-0,Creatinine,4.0,mg/dL,2024-12-02
OBS-00002219,PT-000399,ENC-0001104,2339-0,Glucose,164.6,mg/dL,2024-12-02
OBS-00002220,PT-000399,ENC-0001105,8462-4,Diastolic blood pressure,87.3,mmHg,2025-08-01
OBS-00002221,PT-000400,ENC-0001106,8462-4,Diastolic blood pressure,105.7,mmHg,2024-09-20
OBS-00002222,PT-000400,ENC-0001106,4548-4,Hemoglobin A1c,7.4,%,2024-09-20
OBS-00002223,PT-000400,ENC-0001106,8462-4,Diastolic blood pressure,98.1,mmHg,2024-09-20
OBS-00002224,PT-000401,ENC-0001107,8462-4,Diastolic blood pressure,91.2,mmHg,2026-07-04
OBS-00002225,PT-000401,ENC-0001108,2160-0,Creatinine,3.1,mg/dL,2024-12-03
OBS-00002226,PT-000401,ENC-0001108,8480-6,Systolic blood pressure,105.2,mmHg,2024-12-03
OBS-00002227,PT-000401,ENC-0001109,8462-4,Diastolic blood pressure,65.2,mmHg,2026-04-29
OBS-00002228,PT-000401,ENC-0001110,8480-6,Systolic blood pressure,126.4,mmHg,2025-11-23
OBS-00002229,PT-000401,ENC-0001110,8480-6,Systolic blood pressure,156.7,mmHg,2025-11-23
OBS-00002230,PT-000402,ENC-0001111,2339-0,Glucose,286.8,mg/dL,2025-12-16
OBS-00002231,PT-000402,ENC-0001111,4548-4,Hemoglobin A1c,8.9,%,2025-12-16
OBS-00002232,PT-000402,ENC-0001111,2160-0,Creatinine,2.2,mg/dL,2025-12-16
OBS-00002233,PT-000402,ENC-0001112,2160-0,Creatinine,3.4,mg/dL,2025-01-07
OBS-00002234,PT-000402,ENC-0001112,8462-4,Diastolic blood pressure,69.0,mmHg,2025-01-07
OBS-00002235,PT-000402,ENC-0001113,718-7,Hemoglobin,10.5,g/dL,2025-04-18
OBS-00002236,PT-000402,ENC-0001114,8480-6,Systolic blood pressure,152.7,mmHg,2025-12-02
OBS-00002237,PT-000403,ENC-0001115,2339-0,Glucose,297.6,mg/dL,2026-06-10
OBS-00002238,PT-000403,ENC-0001115,8462-4,Diastolic blood pressure,82.3,mmHg,2026-06-10
OBS-00002239,PT-000403,ENC-0001115,8462-4,Diastolic blood pressure,105.9,mmHg,2026-06-10
OBS-00002240,PT-000403,ENC-0001116,718-7,Hemoglobin,16.0,g/dL,2026-08-02
OBS-00002241,PT-000403,ENC-0001116,8462-4,Diastolic blood pressure,92.3,mmHg,2026-08-02
OBS-00002242,PT-000404,ENC-0001117,2339-0,Glucose,253.6,mg/dL,2024-09-30
OBS-00002243,PT-000404,ENC-0001117,8462-4,Diastolic blood pressure,83.8,mmHg,2024-09-30
OBS-00002244,PT-000404,ENC-0001117,2339-0,Glucose,179.0,mg/dL,2024-09-30
OBS-00002245,PT-000404,ENC-0001118,2339-0,Glucose,217.4,mg/dL,2025-02-03
OBS-00002246,PT-000404,ENC-0001119,2160-0,Creatinine,3.3,mg/dL,2024-09-21
OBS-00002247,PT-000404,ENC-0001119,2339-0,Glucose,145.8,mg/dL,2024-09-21
OBS-00002248,PT-000404,ENC-0001119,8480-6,Systolic blood pressure,123.4,mmHg,2024-09-21
OBS-00002249,PT-000404,ENC-0001120,718-7,Hemoglobin,16.5,g/dL,2026-08-09
OBS-00002250,PT-000404,ENC-0001120,8462-4,Diastolic blood pressure,106.9,mmHg,2026-08-09
OBS-00002251,PT-000405,ENC-0001121,718-7,Hemoglobin,12.9,g/dL,2026-03-23
OBS-00002252,PT-000405,ENC-0001121,8480-6,Systolic blood pressure,168.7,mmHg,2026-03-23
OBS-00002253,PT-000405,ENC-0001121,8462-4,Diastolic blood pressure,56.6,mmHg,2026-03-23
OBS-00002254,PT-000406,ENC-0001122,4548-4,Hemoglobin A1c,9.6,%,2026-03-11
OBS-00002255,PT-000407,ENC-0001123,8462-4,Diastolic blood pressure,82.3,mmHg,2026-04-27
OBS-00002256,PT-000407,ENC-0001124,718-7,Hemoglobin,10.4,g/dL,2026-06-26
OBS-00002257,PT-000407,ENC-0001124,4548-4,Hemoglobin A1c,5.3,%,2026-06-26
OBS-00002258,PT-000407,ENC-0001124,8462-4,Diastolic blood pressure,83.2,mmHg,2026-06-26
OBS-00002259,PT-000407,ENC-0001125,2339-0,Glucose,251.9,mg/dL,2026-04-22
OBS-00002260,PT-000407,ENC-0001125,4548-4,Hemoglobin A1c,9.5,%,2026-04-22
OBS-00002261,PT-000407,ENC-0001125,718-7,Hemoglobin,14.1,g/dL,2026-04-22
OBS-00002262,PT-000407,ENC-0001126,8480-6,Systolic blood pressure,116.7,mmHg,2026-03-15
OBS-00002263,PT-000407,ENC-0001126,8462-4,Diastolic blood pressure,92.8,mmHg,2026-03-15
OBS-00002264,PT-000407,ENC-0001127,2160-0,Creatinine,1.7,mg/dL,2025-10-12
OBS-00002265,PT-000407,ENC-0001128,8462-4,Diastolic blood pressure,105.8,mmHg,2025-09-17
OBS-00002266,PT-000407,ENC-0001128,8480-6,Systolic blood pressure,169.3,mmHg,2025-09-17
OBS-00002267,PT-000408,ENC-0001129,2339-0,Glucose,306.3,mg/dL,2025-09-12
OBS-00002268,PT-000408,ENC-0001129,4548-4,Hemoglobin A1c,7.2,%,2025-09-12
OBS-00002269,PT-000408,ENC-0001130,8480-6,Systolic blood pressure,161.5,mmHg,2025-07-21
OBS-00002270,PT-000409,ENC-0001131,2339-0,Glucose,168.6,mg/dL,2026-03-12
OBS-00002271,PT-000409,ENC-0001131,2160-0,Creatinine,0.7,mg/dL,2026-03-12
OBS-00002272,PT-000409,ENC-0001132,718-7,Hemoglobin,13.5,g/dL,2025-01-26
OBS-00002273,PT-000409,ENC-0001132,8480-6,Systolic blood pressure,155.6,mmHg,2025-01-26
OBS-00002274,PT-000409,ENC-0001133,2160-0,Creatinine,3.8,mg/dL,2026-04-03
OBS-00002275,PT-000409,ENC-0001134,8480-6,Systolic blood pressure,125.5,mmHg,2025-08-10
OBS-00002276,PT-000409,ENC-0001135,2339-0,Glucose,263.8,mg/dL,2025-12-10
OBS-00002277,PT-000409,ENC-0001135,2339-0,Glucose,272.2,mg/dL,2025-12-10
OBS-00002278,PT-000409,ENC-0001136,4548-4,Hemoglobin A1c,5.9,%,2026-07-22
OBS-00002279,PT-000409,ENC-0001136,8480-6,Systolic blood pressure,125.4,mmHg,2026-07-22
OBS-00002280,PT-000409,ENC-0001137,2339-0,Glucose,298.8,mg/dL,2025-04-21
OBS-00002281,PT-000410,ENC-0001138,2160-0,Creatinine,0.7,mg/dL,2025-07-05
OBS-00002282,PT-000410,ENC-0001138,8462-4,Diastolic blood pressure,104.3,mmHg,2025-07-05
OBS-00002283,PT-000410,ENC-0001139,8462-4,Diastolic blood pressure,64.7,mmHg,2026-03-26
OBS-00002284,PT-000410,ENC-0001139,4548-4,Hemoglobin A1c,9.4,%,2026-03-26
OBS-00002285,PT-000410,ENC-0001140,2160-0,Creatinine,1.5,mg/dL,2025-07-20
OBS-00002286,PT-000410,ENC-0001140,2339-0,Glucose,77.9,mg/dL,2025-07-20
OBS-00002287,PT-000411,ENC-0001141,8462-4,Diastolic blood pressure,61.6,mmHg,2026-01-24
OBS-00002288,PT-000411,ENC-0001142,718-7,Hemoglobin,16.9,g/dL,2025-07-04
OBS-00002289,PT-000411,ENC-0001142,4548-4,Hemoglobin A1c,5.4,%,2025-07-04
OBS-00002290,PT-000412,ENC-0001143,718-7,Hemoglobin,9.4,g/dL,2026-05-15
OBS-00002291,PT-000412,ENC-0001143,2160-0,Creatinine,4.4,mg/dL,2026-05-15
OBS-00002292,PT-000412,ENC-0001143,2339-0,Glucose,139.4,mg/dL,2026-05-15
OBS-00002293,PT-000413,ENC-0001144,8480-6,Systolic blood pressure,142.2,mmHg,2025-05-19
OBS-00002294,PT-000413,ENC-0001144,2339-0,Glucose,84.4,mg/dL,2025-05-19
OBS-00002295,PT-000413,ENC-0001144,718-7,Hemoglobin,9.3,g/dL,2025-05-19
OBS-00002296,PT-000413,ENC-0001145,2160-0,Creatinine,3.8,mg/dL,2026-03-14
OBS-00002297,PT-000413,ENC-0001145,4548-4,Hemoglobin A1c,9.1,%,2026-03-14
OBS-00002298,PT-000413,ENC-0001145,2160-0,Creatinine,1.7,mg/dL,2026-03-14
OBS-00002299,PT-000413,ENC-0001146,8462-4,Diastolic blood pressure,95.4,mmHg,2024-12-15
OBS-00002300,PT-000413,ENC-0001146,2339-0,Glucose,211.1,mg/dL,2024-12-15
OBS-00002301,PT-000413,ENC-0001147,718-7,Hemoglobin,8.0,g/dL,2025-04-23
OBS-00002302,PT-000413,ENC-0001148,2339-0,Glucose,247.4,mg/dL,2025-10-09
OBS-00002303,PT-000413,ENC-0001149,2339-0,Glucose,146.0,mg/dL,2026-08-20
OBS-00002304,PT-000413,ENC-0001149,8462-4,Diastolic blood pressure,74.1,mmHg,2026-08-20
OBS-00002305,PT-000413,ENC-0001149,718-7,Hemoglobin,15.5,g/dL,2026-08-20
OBS-00002306,PT-000414,ENC-0001150,2339-0,Glucose,144.5,mg/dL,2026-02-09
OBS-00002307,PT-000414,ENC-0001150,8480-6,Systolic blood pressure,110.8,mmHg,2026-02-09
OBS-00002308,PT-000414,ENC-0001151,8480-6,Systolic blood pressure,159.2,mmHg,2026-09-13
OBS-00002309,PT-000414,ENC-0001151,4548-4,Hemoglobin A1c,10.7,%,2026-09-13
OBS-00002310,PT-000414,ENC-0001152,4548-4,Hemoglobin A1c,12.4,%,2026-07-13
OBS-00002311,PT-000414,ENC-0001153,2160-0,Creatinine,3.0,mg/dL,2025-06-15
OBS-00002312,PT-000415,ENC-0001154,718-7,Hemoglobin,15.4,g/dL,2025-09-14
OBS-00002313,PT-000415,ENC-0001154,2339-0,Glucose,117.4,mg/dL,2025-09-14
OBS-00002314,PT-000415,ENC-0001154,8462-4,Diastolic blood pressure,59.5,mmHg,2025-09-14
OBS-00002315,PT-000415,ENC-0001155,8462-4,Diastolic blood pressure,70.2,mmHg,2026-07-20
OBS-00002316,PT-000415,ENC-0001156,8462-4,Diastolic blood pressure,82.4,mmHg,2025-09-10
OBS-00002317,PT-000415,ENC-0001156,8480-6,Systolic blood pressure,119.5,mmHg,2025-09-10
OBS-00002318,PT-000415,ENC-0001157,8480-6,Systolic blood pressure,110.1,mmHg,2025-03-23
OBS-00002319,PT-000415,ENC-0001158,8480-6,Systolic blood pressure,117.9,mmHg,2025-05-28
OBS-00002320,PT-000416,ENC-0001159,2160-0,Creatinine,4.3,mg/dL,2026-01-30
OBS-00002321,PT-000416,ENC-0001160,8480-6,Systolic blood pressure,96.9,mmHg,2025-08-14
OBS-00002322,PT-000416,ENC-0001160,2160-0,Creatinine,3.7,mg/dL,2025-08-14
OBS-00002323,PT-000416,ENC-0001161,8480-6,Systolic blood pressure,183.7,mmHg,2025-06-19
OBS-00002324,PT-000416,ENC-0001161,2160-0,Creatinine,2.7,mg/dL,2025-06-19
OBS-00002325,PT-000416,ENC-0001161,2160-0,Creatinine,2.2,mg/dL,2025-06-19
OBS-00002326,PT-000416,ENC-0001162,4548-4,Hemoglobin A1c,10.1,%,2026-06-15
OBS-00002327,PT-000416,ENC-0001162,8480-6,Systolic blood pressure,111.7,mmHg,2026-06-15
OBS-00002328,PT-000417,ENC-0001163,8480-6,Systolic blood pressure,100.8,mmHg,2026-07-18
OBS-00002329,PT-000418,ENC-0001164,4548-4,Hemoglobin A1c,10.4,%,2024-10-07
OBS-00002330,PT-000418,ENC-0001164,2339-0,Glucose,136.8,mg/dL,2024-10-07
OBS-00002331,PT-000418,ENC-0001165,4548-4,Hemoglobin A1c,5.5,%,2024-09-27
OBS-00002332,PT-000418,ENC-0001165,2160-0,Creatinine,3.0,mg/dL,2024-09-27
OBS-00002333,PT-000418,ENC-0001165,8462-4,Diastolic blood pressure,105.0,mmHg,2024-09-27
OBS-00002334,PT-000418,ENC-0001166,4548-4,Hemoglobin A1c,12.4,%,2025-09-30
OBS-00002335,PT-000418,ENC-0001167,2339-0,Glucose,303.3,mg/dL,2025-05-05
OBS-00002336,PT-000418,ENC-0001167,2160-0,Creatinine,3.9,mg/dL,2025-05-05
OBS-00002337,PT-000418,ENC-0001168,718-7,Hemoglobin,8.3,g/dL,2026-06-29
OBS-00002338,PT-000418,ENC-0001168,2160-0,Creatinine,1.9,mg/dL,2026-06-29
OBS-00002339,PT-000419,ENC-0001169,8480-6,Systolic blood pressure,171.5,mmHg,2025-10-22
OBS-00002340,PT-000419,ENC-0001169,8462-4,Diastolic blood pressure,71.3,mmHg,2025-10-22
OBS-00002341,PT-000419,ENC-0001170,2160-0,Creatinine,4.2,mg/dL,2026-06-18
OBS-00002342,PT-000419,ENC-0001171,4548-4,Hemoglobin A1c,9.2,%,2025-04-16
OBS-00002343,PT-000419,ENC-0001172,2339-0,Glucose,110.4,mg/dL,2025-05-12
OBS-00002344,PT-000419,ENC-0001172,2160-0,Creatinine,4.1,mg/dL,2025-05-12
OBS-00002345,PT-000419,ENC-0001172,718-7,Hemoglobin,13.3,g/dL,2025-05-12
OBS-00002346,PT-000420,ENC-0001173,8462-4,Diastolic blood pressure,92.4,mmHg,2026-01-16
OBS-00002347,PT-000420,ENC-0001173,2339-0,Glucose,305.7,mg/dL,2026-01-16
OBS-00002348,PT-000420,ENC-0001174,2160-0,Creatinine,1.2,mg/dL,2026-01-13
OBS-00002349,PT-000420,ENC-0001174,718-7,Hemoglobin,11.1,g/dL,2026-01-13
OBS-00002350,PT-000420,ENC-0001175,2339-0,Glucose,300.5,mg/dL,2025-09-05
OBS-00002351,PT-000420,ENC-0001176,8480-6,Systolic blood pressure,157.3,mmHg,2026-01-15
OBS-00002352,PT-000420,ENC-0001177,4548-4,Hemoglobin A1c,9.2,%,2026-09-10
OBS-00002353,PT-000420,ENC-0001178,8480-6,Systolic blood pressure,115.6,mmHg,2026-04-01
OBS-00002354,PT-000420,ENC-0001178,718-7,Hemoglobin,17.0,g/dL,2026-04-01
OBS-00002355,PT-000420,ENC-0001178,2339-0,Glucose,225.0,mg/dL,2026-04-01
OBS-00002356,PT-000421,ENC-0001179,4548-4,Hemoglobin A1c,4.9,%,2025-12-14
OBS-00002357,PT-000421,ENC-0001179,718-7,Hemoglobin,13.2,g/dL,2025-12-14
OBS-00002358,PT-000421,ENC-0001179,2160-0,Creatinine,0.7,mg/dL,2025-12-14
OBS-00002359,PT-000421,ENC-0001180,4548-4,Hemoglobin A1c,8.0,%,2025-11-02
OBS-00002360,PT-000421,ENC-0001181,2160-0,Creatinine,3.9,mg/dL,2026-02-14
OBS-00002361,PT-000421,ENC-0001181,4548-4,Hemoglobin A1c,8.2,%,2026-02-14
OBS-00002362,PT-000421,ENC-0001181,2160-0,Creatinine,0.9,mg/dL,2026-02-14
OBS-00002363,PT-000421,ENC-0001182,2339-0,Glucose,268.0,mg/dL,2024-12-12
OBS-00002364,PT-000421,ENC-0001182,2160-0,Creatinine,1.2,mg/dL,2024-12-12
OBS-00002365,PT-000422,ENC-0001183,718-7,Hemoglobin,9.9,g/dL,2025-05-16
OBS-00002366,PT-000422,ENC-0001183,2160-0,Creatinine,1.3,mg/dL,2025-05-16
OBS-00002367,PT-000422,ENC-0001184,2160-0,Creatinine,3.2,mg/dL,2026-04-03
OBS-00002368,PT-000422,ENC-0001184,8462-4,Diastolic blood pressure,104.4,mmHg,2026-04-03
OBS-00002369,PT-000422,ENC-0001184,2339-0,Glucose,130.9,mg/dL,2026-04-03
OBS-00002370,PT-000422,ENC-0001185,8480-6,Systolic blood pressure,129.1,mmHg,2025-10-22
OBS-00002371,PT-000423,ENC-0001186,4548-4,Hemoglobin A1c,12.3,%,2025-12-26
OBS-00002372,PT-000423,ENC-0001187,8462-4,Diastolic blood pressure,103.1,mmHg,2025-11-07
OBS-00002373,PT-000423,ENC-0001187,4548-4,Hemoglobin A1c,11.9,%,2025-11-07
OBS-00002374,PT-000424,ENC-0001188,2160-0,Creatinine,4.1,mg/dL,2026-01-12
OBS-00002375,PT-000424,ENC-0001188,718-7,Hemoglobin,11.8,g/dL,2026-01-12
OBS-00002376,PT-000424,ENC-0001189,718-7,Hemoglobin,16.6,g/dL,2025-05-08
OBS-00002377,PT-000424,ENC-0001189,718-7,Hemoglobin,15.4,g/dL,2025-05-08
OBS-00002378,PT-000424,ENC-0001190,2160-0,Creatinine,1.9,mg/dL,2026-09-05
OBS-00002379,PT-000424,ENC-0001190,718-7,Hemoglobin,12.7,g/dL,2026-09-05
OBS-00002380,PT-000425,ENC-0001191,2160-0,Creatinine,2.7,mg/dL,2026-02-16
OBS-00002381,PT-000425,ENC-0001191,2339-0,Glucose,319.6,mg/dL,2026-02-16
OBS-00002382,PT-000425,ENC-0001191,2160-0,Creatinine,0.8,mg/dL,2026-02-16
OBS-00002383,PT-000426,ENC-0001192,4548-4,Hemoglobin A1c,12.4,%,2025-05-11
OBS-00002384,PT-000426,ENC-0001193,4548-4,Hemoglobin A1c,12.0,%,2026-08-14
OBS-00002385,PT-000426,ENC-0001193,8480-6,Systolic blood pressure,174.8,mmHg,2026-08-14
OBS-00002386,PT-000426,ENC-0001193,2339-0,Glucose,178.0,mg/dL,2026-08-14
OBS-00002387,PT-000426,ENC-0001194,2160-0,Creatinine,2.9,mg/dL,2025-04-07
OBS-00002388,PT-000426,ENC-0001195,4548-4,Hemoglobin A1c,8.5,%,2025-03-17
OBS-00002389,PT-000426,ENC-0001195,2339-0,Glucose,104.5,mg/dL,2025-03-17
OBS-00002390,PT-000426,ENC-0001196,4548-4,Hemoglobin A1c,8.4,%,2025-09-21
OBS-00002391,PT-000427,ENC-0001197,8480-6,Systolic blood pressure,180.4,mmHg,2024-12-02
OBS-00002392,PT-000427,ENC-0001197,4548-4,Hemoglobin A1c,5.7,%,2024-12-02
OBS-00002393,PT-000427,ENC-0001198,718-7,Hemoglobin,9.6,g/dL,2025-12-17
OBS-00002394,PT-000427,ENC-0001198,2339-0,Glucose,299.9,mg/dL,2025-12-17
OBS-00002395,PT-000427,ENC-0001198,4548-4,Hemoglobin A1c,9.6,%,2025-12-17
OBS-00002396,PT-000427,ENC-0001199,8480-6,Systolic blood pressure,130.9,mmHg,2026-09-11
OBS-00002397,PT-000428,ENC-0001200,2339-0,Glucose,255.8,mg/dL,2024-10-04
OBS-00002398,PT-000428,ENC-0001201,2160-0,Creatinine,2.2,mg/dL,2025-10-06
OBS-00002399,PT-000428,ENC-0001202,2339-0,Glucose,252.2,mg/dL,2026-04-21
OBS-00002400,PT-000428,ENC-0001202,2160-0,Creatinine,1.0,mg/dL,2026-04-21
OBS-00002401,PT-000428,ENC-0001203,8480-6,Systolic blood pressure,171.3,mmHg,2026-01-19
OBS-00002402,PT-000428,ENC-0001203,2160-0,Creatinine,1.8,mg/dL,2026-01-19
OBS-00002403,PT-000428,ENC-0001203,4548-4,Hemoglobin A1c,6.6,%,2026-01-19
OBS-00002404,PT-000429,ENC-0001204,2339-0,Glucose,274.0,mg/dL,2026-08-01
OBS-00002405,PT-000429,ENC-0001204,718-7,Hemoglobin,10.9,g/dL,2026-08-01
OBS-00002406,PT-000429,ENC-0001204,2339-0,Glucose,81.3,mg/dL,2026-08-01
OBS-00002407,PT-000429,ENC-0001205,2339-0,Glucose,258.2,mg/dL,2025-04-11
OBS-00002408,PT-000429,ENC-0001205,2160-0,Creatinine,2.6,mg/dL,2025-04-11
OBS-00002409,PT-000429,ENC-0001205,8480-6,Systolic blood pressure,144.2,mmHg,2025-04-11
OBS-00002410,PT-000429,ENC-0001206,2160-0,Creatinine,3.0,mg/dL,2026-03-03
OBS-00002411,PT-000429,ENC-0001206,2160-0,Creatinine,4.4,mg/dL,2026-03-03
OBS-00002412,PT-000429,ENC-0001207,4548-4,Hemoglobin A1c,9.7,%,2025-03-03
OBS-00002413,PT-000429,ENC-0001207,718-7,Hemoglobin,14.7,g/dL,2025-03-03
OBS-00002414,PT-000430,ENC-0001208,8462-4,Diastolic blood pressure,100.2,mmHg,2026-01-23
OBS-00002415,PT-000430,ENC-0001208,4548-4,Hemoglobin A1c,11.8,%,2026-01-23
OBS-00002416,PT-000430,ENC-0001208,2160-0,Creatinine,3.8,mg/dL,2026-01-23
OBS-00002417,PT-000430,ENC-0001209,2339-0,Glucose,91.0,mg/dL,2025-01-29
OBS-00002418,PT-000430,ENC-0001209,8480-6,Systolic blood pressure,155.7,mmHg,2025-01-29
OBS-00002419,PT-000430,ENC-0001210,718-7,Hemoglobin,16.4,g/dL,2025-02-18
OBS-00002420,PT-000430,ENC-0001210,4548-4,Hemoglobin A1c,7.5,%,2025-02-18
OBS-00002421,PT-000430,ENC-0001210,2339-0,Glucose,92.3,mg/dL,2025-02-18
OBS-00002422,PT-000430,ENC-0001211,2160-0,Creatinine,4.0,mg/dL,2026-06-16
OBS-00002423,PT-000431,ENC-0001212,8480-6,Systolic blood pressure,157.3,mmHg,2025-01-20
OBS-00002424,PT-000431,ENC-0001213,8480-6,Systolic blood pressure,135.5,mmHg,2026-02-24
OBS-00002425,PT-000431,ENC-0001213,718-7,Hemoglobin,15.9,g/dL,2026-02-24
OBS-00002426,PT-000432,ENC-0001214,718-7,Hemoglobin,16.6,g/dL,2024-12-14
OBS-00002427,PT-000432,ENC-0001215,8480-6,Systolic blood pressure,100.8,mmHg,2026-03-20
OBS-00002428,PT-000432,ENC-0001215,8480-6,Systolic blood pressure,173.5,mmHg,2026-03-20
OBS-00002429,PT-000432,ENC-0001215,4548-4,Hemoglobin A1c,12.1,%,2026-03-20
OBS-00002430,PT-000433,ENC-0001216,4548-4,Hemoglobin A1c,11.1,%,2026-02-09
OBS-00002431,PT-000433,ENC-0001217,718-7,Hemoglobin,9.8,g/dL,2026-07-22
OBS-00002432,PT-000433,ENC-0001217,8462-4,Diastolic blood pressure,76.9,mmHg,2026-07-22
OBS-00002433,PT-000433,ENC-0001218,4548-4,Hemoglobin A1c,9.1,%,2024-11-13
OBS-00002434,PT-000433,ENC-0001218,2339-0,Glucose,95.7,mg/dL,2024-11-13
OBS-00002435,PT-000433,ENC-0001218,8480-6,Systolic blood pressure,96.9,mmHg,2024-11-13
OBS-00002436,PT-000433,ENC-0001219,2339-0,Glucose,249.5,mg/dL,2026-01-03
OBS-00002437,PT-000433,ENC-0001219,718-7,Hemoglobin,14.1,g/dL,2026-01-03
OBS-00002438,PT-000433,ENC-0001219,2160-0,Creatinine,4.3,mg/dL,2026-01-03
OBS-00002439,PT-000434,ENC-0001220,718-7,Hemoglobin,15.4,g/dL,2025-01-12
OBS-00002440,PT-000434,ENC-0001220,8462-4,Diastolic blood pressure,87.6,mmHg,2025-01-12
OBS-00002441,PT-000435,ENC-0001221,4548-4,Hemoglobin A1c,8.4,%,2025-02-17
OBS-00002442,PT-000435,ENC-0001221,8462-4,Diastolic blood pressure,87.6,mmHg,2025-02-17
OBS-00002443,PT-000435,ENC-0001222,4548-4,Hemoglobin A1c,10.6,%,2025-12-15
OBS-00002444,PT-000435,ENC-0001222,8480-6,Systolic blood pressure,126.0,mmHg,2025-12-15
OBS-00002445,PT-000435,ENC-0001222,8480-6,Systolic blood pressure,127.1,mmHg,2025-12-15
OBS-00002446,PT-000435,ENC-0001223,8480-6,Systolic blood pressure,124.3,mmHg,2024-11-17
OBS-00002447,PT-000435,ENC-0001223,2339-0,Glucose,242.7,mg/dL,2024-11-17
OBS-00002448,PT-000435,ENC-0001224,718-7,Hemoglobin,8.3,g/dL,2024-11-05
OBS-00002449,PT-000436,ENC-0001225,2160-0,Creatinine,2.3,mg/dL,2026-01-18
OBS-00002450,PT-000436,ENC-0001225,8462-4,Diastolic blood pressure,68.2,mmHg,2026-01-18
OBS-00002451,PT-000436,ENC-0001226,718-7,Hemoglobin,10.2,g/dL,2025-08-18
OBS-00002452,PT-000436,ENC-0001226,8462-4,Diastolic blood pressure,75.5,mmHg,2025-08-18
OBS-00002453,PT-000436,ENC-0001227,718-7,Hemoglobin,16.5,g/dL,2025-09-11
OBS-00002454,PT-000437,ENC-0001228,2339-0,Glucose,223.6,mg/dL,2025-04-28
OBS-00002455,PT-000437,ENC-0001228,2160-0,Creatinine,1.3,mg/dL,2025-04-28
OBS-00002456,PT-000437,ENC-0001229,8480-6,Systolic blood pressure,161.7,mmHg,2024-09-29
OBS-00002457,PT-000437,ENC-0001230,2339-0,Glucose,244.6,mg/dL,2026-06-06
OBS-00002458,PT-000437,ENC-0001230,2339-0,Glucose,177.8,mg/dL,2026-06-06
OBS-00002459,PT-000437,ENC-0001230,718-7,Hemoglobin,12.2,g/dL,2026-06-06
OBS-00002460,PT-000437,ENC-0001231,2160-0,Creatinine,3.6,mg/dL,2026-01-22
OBS-00002461,PT-000437,ENC-0001231,718-7,Hemoglobin,14.5,g/dL,2026-01-22
OBS-00002462,PT-000437,ENC-0001231,8462-4,Diastolic blood pressure,92.8,mmHg,2026-01-22
OBS-00002463,PT-000438,ENC-0001232,8462-4,Diastolic blood pressure,87.7,mmHg,2026-03-01
OBS-00002464,PT-000438,ENC-0001232,2160-0,Creatinine,0.6,mg/dL,2026-03-01
OBS-00002465,PT-000438,ENC-0001232,4548-4,Hemoglobin A1c,11.9,%,2026-03-01
OBS-00002466,PT-000439,ENC-0001233,2160-0,Creatinine,1.7,mg/dL,2026-03-15
OBS-00002467,PT-000439,ENC-0001233,8462-4,Diastolic blood pressure,76.5,mmHg,2026-03-15
OBS-00002468,PT-000439,ENC-0001234,4548-4,Hemoglobin A1c,9.2,%,2026-08-22
OBS-00002469,PT-000439,ENC-0001234,8480-6,Systolic blood pressure,137.0,mmHg,2026-08-22
OBS-00002470,PT-000439,ENC-0001234,718-7,Hemoglobin,15.7,g/dL,2026-08-22
OBS-00002471,PT-000439,ENC-0001235,8480-6,Systolic blood pressure,126.2,mmHg,2025-11-19
OBS-00002472,PT-000439,ENC-0001236,8462-4,Diastolic blood pressure,89.7,mmHg,2026-04-02
OBS-00002473,PT-000439,ENC-0001237,8480-6,Systolic blood pressure,109.4,mmHg,2025-07-15
OBS-00002474,PT-000439,ENC-0001237,718-7,Hemoglobin,15.8,g/dL,2025-07-15
OBS-00002475,PT-000439,ENC-0001238,718-7,Hemoglobin,15.2,g/dL,2025-08-03
OBS-00002476,PT-000439,ENC-0001238,2339-0,Glucose,280.8,mg/dL,2025-08-03
OBS-00002477,PT-000440,ENC-0001239,8480-6,Systolic blood pressure,168.4,mmHg,2025-06-16
OBS-00002478,PT-000440,ENC-0001239,8480-6,Systolic blood pressure,171.3,mmHg,2025-06-16
OBS-00002479,PT-000440,ENC-0001240,2339-0,Glucose,121.8,mg/dL,2025-08-20
OBS-00002480,PT-000440,ENC-0001241,2339-0,Glucose,78.8,mg/dL,2026-07-16
OBS-00002481,PT-000440,ENC-0001241,8480-6,Systolic blood pressure,172.3,mmHg,2026-07-16
OBS-00002482,PT-000440,ENC-0001241,2160-0,Creatinine,3.8,mg/dL,2026-07-16
OBS-00002483,PT-000440,ENC-0001242,718-7,Hemoglobin,9.6,g/dL,2026-01-20
OBS-00002484,PT-000440,ENC-0001242,2339-0,Glucose,162.3,mg/dL,2026-01-20
OBS-00002485,PT-000440,ENC-0001242,8480-6,Systolic blood pressure,165.3,mmHg,2026-01-20
OBS-00002486,PT-000440,ENC-0001243,8462-4,Diastolic blood pressure,108.1,mmHg,2025-11-14
OBS-00002487,PT-000440,ENC-0001243,718-7,Hemoglobin,8.7,g/dL,2025-11-14
OBS-00002488,PT-000441,ENC-0001244,4548-4,Hemoglobin A1c,10.8,%,2025-03-04
OBS-00002489,PT-000441,ENC-0001244,4548-4,Hemoglobin A1c,9.5,%,2025-03-04
OBS-00002490,PT-000441,ENC-0001244,718-7,Hemoglobin,14.7,g/dL,2025-03-04
OBS-00002491,PT-000441,ENC-0001245,2339-0,Glucose,78.2,mg/dL,2025-08-15
OBS-00002492,PT-000441,ENC-0001246,2339-0,Glucose,314.6,mg/dL,2024-10-14
OBS-00002493,PT-000441,ENC-0001246,4548-4,Hemoglobin A1c,7.2,%,2024-10-14
OBS-00002494,PT-000441,ENC-0001246,2160-0,Creatinine,2.1,mg/dL,2024-10-14
OBS-00002495,PT-000441,ENC-0001247,2339-0,Glucose,318.1,mg/dL,2026-04-14
OBS-00002496,PT-000441,ENC-0001247,718-7,Hemoglobin,10.3,g/dL,2026-04-14
OBS-00002497,PT-000442,ENC-0001248,718-7,Hemoglobin,14.5,g/dL,2024-10-19
OBS-00002498,PT-000443,ENC-0001249,2339-0,Glucose,73.9,mg/dL,2025-01-01
OBS-00002499,PT-000443,ENC-0001249,4548-4,Hemoglobin A1c,7.1,%,2025-01-01
OBS-00002500,PT-000443,ENC-0001250,718-7,Hemoglobin,9.3,g/dL,2025-12-08
OBS-00002501,PT-000443,ENC-0001250,4548-4,Hemoglobin A1c,10.8,%,2025-12-08
OBS-00002502,PT-000443,ENC-0001250,2339-0,Glucose,258.0,mg/dL,2025-12-08
OBS-00002503,PT-000443,ENC-0001251,2160-0,Creatinine,2.7,mg/dL,2026-09-07
OBS-00002504,PT-000443,ENC-0001251,2160-0,Creatinine,0.6,mg/dL,2026-09-07
OBS-00002505,PT-000443,ENC-0001252,8480-6,Systolic blood pressure,111.7,mmHg,2025-12-19
OBS-00002506,PT-000443,ENC-0001253,2339-0,Glucose,152.6,mg/dL,2025-10-14
OBS-00002507,PT-000444,ENC-0001254,2339-0,Glucose,205.8,mg/dL,2026-03-05
OBS-00002508,PT-000444,ENC-0001254,2160-0,Creatinine,1.4,mg/dL,2026-03-05
OBS-00002509,PT-000444,ENC-0001255,2160-0,Creatinine,0.8,mg/dL,2026-01-01
OBS-00002510,PT-000444,ENC-0001255,718-7,Hemoglobin,10.6,g/dL,2026-01-01
OBS-00002511,PT-000444,ENC-0001255,718-7,Hemoglobin,8.6,g/dL,2026-01-01
OBS-00002512,PT-000444,ENC-0001256,718-7,Hemoglobin,15.8,g/dL,2026-04-21
OBS-00002513,PT-000444,ENC-0001256,718-7,Hemoglobin,12.9,g/dL,2026-04-21
OBS-00002514,PT-000444,ENC-0001257,8462-4,Diastolic blood pressure,107.8,mmHg,2026-01-13
OBS-00002515,PT-000444,ENC-0001257,718-7,Hemoglobin,8.5,g/dL,2026-01-13
OBS-00002516,PT-000444,ENC-0001257,2160-0,Creatinine,2.1,mg/dL,2026-01-13
OBS-00002517,PT-000444,ENC-0001258,2160-0,Creatinine,2.5,mg/dL,2026-06-07
OBS-00002518,PT-000444,ENC-0001259,718-7,Hemoglobin,10.8,g/dL,2026-07-13
OBS-00002519,PT-000444,ENC-0001260,2339-0,Glucose,132.1,mg/dL,2026-04-14
OBS-00002520,PT-000444,ENC-0001260,718-7,Hemoglobin,8.8,g/dL,2026-04-14
OBS-00002521,PT-000444,ENC-0001260,4548-4,Hemoglobin A1c,11.0,%,2026-04-14
OBS-00002522,PT-000445,ENC-0001261,2339-0,Glucose,118.8,mg/dL,2024-10-16
OBS-00002523,PT-000445,ENC-0001261,8480-6,Systolic blood pressure,107.3,mmHg,2024-10-16
OBS-00002524,PT-000446,ENC-0001262,8480-6,Systolic blood pressure,177.7,mmHg,2025-06-27
OBS-00002525,PT-000446,ENC-0001262,4548-4,Hemoglobin A1c,6.9,%,2025-06-27
OBS-00002526,PT-000446,ENC-0001262,8480-6,Systolic blood pressure,121.5,mmHg,2025-06-27
OBS-00002527,PT-000447,ENC-0001263,2160-0,Creatinine,1.3,mg/dL,2026-06-02
OBS-00002528,PT-000447,ENC-0001263,8462-4,Diastolic blood pressure,63.1,mmHg,2026-06-02
OBS-00002529,PT-000447,ENC-0001264,8480-6,Systolic blood pressure,104.8,mmHg,2026-02-12
OBS-00002530,PT-000447,ENC-0001264,718-7,Hemoglobin,12.9,g/dL,2026-02-12
OBS-00002531,PT-000448,ENC-0001265,2339-0,Glucose,261.2,mg/dL,2025-10-02
OBS-00002532,PT-000448,ENC-0001265,4548-4,Hemoglobin A1c,5.0,%,2025-10-02
OBS-00002533,PT-000448,ENC-0001266,8480-6,Systolic blood pressure,161.2,mmHg,2024-12-11
OBS-00002534,PT-000448,ENC-0001267,8480-6,Systolic blood pressure,149.2,mmHg,2025-05-30
OBS-00002535,PT-000448,ENC-0001267,718-7,Hemoglobin,9.7,g/dL,2025-05-30
OBS-00002536,PT-000448,ENC-0001268,718-7,Hemoglobin,11.7,g/dL,2024-09-22
OBS-00002537,PT-000449,ENC-0001269,2160-0,Creatinine,2.0,mg/dL,2025-03-01
OBS-00002538,PT-000449,ENC-0001269,8480-6,Systolic blood pressure,148.4,mmHg,2025-03-01
OBS-00002539,PT-000450,ENC-0001270,4548-4,Hemoglobin A1c,10.4,%,2024-10-29
OBS-00002540,PT-000450,ENC-0001271,8462-4,Diastolic blood pressure,89.1,mmHg,2026-03-09
OBS-00002541,PT-000450,ENC-0001271,718-7,Hemoglobin,16.7,g/dL,2026-03-09
OBS-00002542,PT-000450,ENC-0001271,2339-0,Glucose,270.1,mg/dL,2026-03-09
OBS-00002543,PT-000451,ENC-0001272,8480-6,Systolic blood pressure,139.2,mmHg,2025-11-30
OBS-00002544,PT-000452,ENC-0001273,4548-4,Hemoglobin A1c,9.6,%,2025-07-17
OBS-00002545,PT-000452,ENC-0001273,718-7,Hemoglobin,12.9,g/dL,2025-07-17
OBS-00002546,PT-000452,ENC-0001274,4548-4,Hemoglobin A1c,7.5,%,2026-04-06
OBS-00002547,PT-000452,ENC-0001274,4548-4,Hemoglobin A1c,10.8,%,2026-04-06
OBS-00002548,PT-000452,ENC-0001275,8462-4,Diastolic blood pressure,76.7,mmHg,2026-02-28
OBS-00002549,PT-000452,ENC-0001275,2160-0,Creatinine,3.9,mg/dL,2026-02-28
OBS-00002550,PT-000452,ENC-0001276,8462-4,Diastolic blood pressure,91.9,mmHg,2026-08-22
OBS-00002551,PT-000452,ENC-0001276,2339-0,Glucose,172.8,mg/dL,2026-08-22
OBS-00002552,PT-000452,ENC-0001276,718-7,Hemoglobin,13.1,g/dL,2026-08-22
OBS-00002553,PT-000453,ENC-0001277,718-7,Hemoglobin,16.1,g/dL,2025-06-14
OBS-00002554,PT-000453,ENC-0001277,8462-4,Diastolic blood pressure,59.1,mmHg,2025-06-14
OBS-00002555,PT-000453,ENC-0001277,718-7,Hemoglobin,11.8,g/dL,2025-06-14
OBS-00002556,PT-000454,ENC-0001278,2339-0,Glucose,123.4,mg/dL,2025-10-23
OBS-00002557,PT-000454,ENC-0001278,2160-0,Creatinine,4.2,mg/dL,2025-10-23
OBS-00002558,PT-000454,ENC-0001279,8480-6,Systolic blood pressure,101.3,mmHg,2025-12-22
OBS-00002559,PT-000454,ENC-0001279,2160-0,Creatinine,2.3,mg/dL,2025-12-22
OBS-00002560,PT-000454,ENC-0001279,8462-4,Diastolic blood pressure,101.8,mmHg,2025-12-22
OBS-00002561,PT-000454,ENC-0001280,2339-0,Glucose,153.4,mg/dL,2025-08-03
OBS-00002562,PT-000454,ENC-0001280,8480-6,Systolic blood pressure,130.9,mmHg,2025-08-03
OBS-00002563,PT-000454,ENC-0001280,8462-4,Diastolic blood pressure,96.0,mmHg,2025-08-03
OBS-00002564,PT-000454,ENC-0001281,2160-0,Creatinine,3.8,mg/dL,2026-08-29
OBS-00002565,PT-000454,ENC-0001281,2160-0,Creatinine,4.1,mg/dL,2026-08-29
OBS-00002566,PT-000454,ENC-0001281,2339-0,Glucose,314.8,mg/dL,2026-08-29
OBS-00002567,PT-000454,ENC-0001282,8462-4,Diastolic blood pressure,101.6,mmHg,2025-06-23
OBS-00002568,PT-000454,ENC-0001282,8480-6,Systolic blood pressure,161.2,mmHg,2025-06-23
OBS-00002569,PT-000455,ENC-0001283,2339-0,Glucose,130.4,mg/dL,2026-03-07
OBS-00002570,PT-000455,ENC-0001283,2339-0,Glucose,76.3,mg/dL,2026-03-07
OBS-00002571,PT-000455,ENC-0001284,8480-6,Systolic blood pressure,107.5,mmHg,2025-01-08
OBS-00002572,PT-000455,ENC-0001285,4548-4,Hemoglobin A1c,5.2,%,2025-05-03
OBS-00002573,PT-000455,ENC-0001286,2160-0,Creatinine,1.6,mg/dL,2024-09-22
OBS-00002574,PT-000455,ENC-0001286,2160-0,Creatinine,1.2,mg/dL,2024-09-22
OBS-00002575,PT-000455,ENC-0001286,2160-0,Creatinine,2.1,mg/dL,2024-09-22
OBS-00002576,PT-000456,ENC-0001287,8462-4,Diastolic blood pressure,72.2,mmHg,2025-12-25
OBS-00002577,PT-000456,ENC-0001288,8462-4,Diastolic blood pressure,92.4,mmHg,2025-08-09
OBS-00002578,PT-000456,ENC-0001289,8462-4,Diastolic blood pressure,62.7,mmHg,2026-03-16
OBS-00002579,PT-000457,ENC-0001290,2339-0,Glucose,197.7,mg/dL,2024-12-20
OBS-00002580,PT-000457,ENC-0001290,2339-0,Glucose,249.1,mg/dL,2024-12-20
OBS-00002581,PT-000457,ENC-0001290,718-7,Hemoglobin,11.3,g/dL,2024-12-20
OBS-00002582,PT-000458,ENC-0001291,4548-4,Hemoglobin A1c,9.6,%,2025-01-13
OBS-00002583,PT-000458,ENC-0001291,4548-4,Hemoglobin A1c,10.8,%,2025-01-13
OBS-00002584,PT-000458,ENC-0001292,718-7,Hemoglobin,13.5,g/dL,2025-08-24
OBS-00002585,PT-000458,ENC-0001292,718-7,Hemoglobin,11.9,g/dL,2025-08-24
OBS-00002586,PT-000458,ENC-0001292,2160-0,Creatinine,1.7,mg/dL,2025-08-24
OBS-00002587,PT-000458,ENC-0001293,4548-4,Hemoglobin A1c,12.3,%,2025-01-26
OBS-00002588,PT-000458,ENC-0001293,8480-6,Systolic blood pressure,104.5,mmHg,2025-01-26
OBS-00002589,PT-000459,ENC-0001294,8462-4,Diastolic blood pressure,85.7,mmHg,2025-10-20
OBS-00002590,PT-000459,ENC-0001294,4548-4,Hemoglobin A1c,6.5,%,2025-10-20
OBS-00002591,PT-000459,ENC-0001294,8480-6,Systolic blood pressure,139.8,mmHg,2025-10-20
OBS-00002592,PT-000459,ENC-0001295,718-7,Hemoglobin,12.2,g/dL,2026-01-10
OBS-00002593,PT-000459,ENC-0001295,8462-4,Diastolic blood pressure,84.2,mmHg,2026-01-10
OBS-00002594,PT-000460,ENC-0001296,8480-6,Systolic blood pressure,147.4,mmHg,2026-07-05
OBS-00002595,PT-000460,ENC-0001297,718-7,Hemoglobin,13.5,g/dL,2025-10-05
OBS-00002596,PT-000460,ENC-0001298,2339-0,Glucose,247.6,mg/dL,2026-06-27
OBS-00002597,PT-000460,ENC-0001298,2160-0,Creatinine,0.7,mg/dL,2026-06-27
OBS-00002598,PT-000460,ENC-0001298,8480-6,Systolic blood pressure,153.0,mmHg,2026-06-27
OBS-00002599,PT-000461,ENC-0001299,8480-6,Systolic blood pressure,105.1,mmHg,2025-03-11
OBS-00002600,PT-000461,ENC-0001300,8480-6,Systolic blood pressure,96.0,mmHg,2026-05-12
OBS-00002601,PT-000461,ENC-0001300,2339-0,Glucose,198.7,mg/dL,2026-05-12
OBS-00002602,PT-000461,ENC-0001300,2339-0,Glucose,163.8,mg/dL,2026-05-12
OBS-00002603,PT-000461,ENC-0001301,8462-4,Diastolic blood pressure,96.0,mmHg,2026-07-18
OBS-00002604,PT-000461,ENC-0001301,2339-0,Glucose,264.0,mg/dL,2026-07-18
OBS-00002605,PT-000461,ENC-0001301,8480-6,Systolic blood pressure,98.6,mmHg,2026-07-18
OBS-00002606,PT-000461,ENC-0001302,2160-0,Creatinine,3.5,mg/dL,2025-08-16
OBS-00002607,PT-000461,ENC-0001302,4548-4,Hemoglobin A1c,6.9,%,2025-08-16
OBS-00002608,PT-000462,ENC-0001303,8480-6,Systolic blood pressure,168.6,mmHg,2025-10-05
OBS-00002609,PT-000462,ENC-0001303,718-7,Hemoglobin,9.0,g/dL,2025-10-05
OBS-00002610,PT-000462,ENC-0001304,2339-0,Glucose,80.4,mg/dL,2025-09-06
OBS-00002611,PT-000462,ENC-0001304,8480-6,Systolic blood pressure,149.8,mmHg,2025-09-06
OBS-00002612,PT-000463,ENC-0001305,718-7,Hemoglobin,15.8,g/dL,2025-09-17
OBS-00002613,PT-000463,ENC-0001306,2160-0,Creatinine,1.2,mg/dL,2026-04-20
OBS-00002614,PT-000463,ENC-0001306,718-7,Hemoglobin,15.5,g/dL,2026-04-20
OBS-00002615,PT-000463,ENC-0001306,4548-4,Hemoglobin A1c,10.0,%,2026-04-20
OBS-00002616,PT-000464,ENC-0001307,4548-4,Hemoglobin A1c,10.8,%,2025-06-01
OBS-00002617,PT-000464,ENC-0001308,8462-4,Diastolic blood pressure,62.5,mmHg,2024-09-24
OBS-00002618,PT-000464,ENC-0001308,2160-0,Creatinine,3.4,mg/dL,2024-09-24
OBS-00002619,PT-000464,ENC-0001308,4548-4,Hemoglobin A1c,12.1,%,2024-09-24
OBS-00002620,PT-000464,ENC-0001309,4548-4,Hemoglobin A1c,12.4,%,2026-05-25
OBS-00002621,PT-000464,ENC-0001309,718-7,Hemoglobin,11.9,g/dL,2026-05-25
OBS-00002622,PT-000464,ENC-0001310,2339-0,Glucose,248.4,mg/dL,2026-07-10
OBS-00002623,PT-000465,ENC-0001311,718-7,Hemoglobin,13.3,g/dL,2025-08-10
OBS-00002624,PT-000466,ENC-0001312,8480-6,Systolic blood pressure,96.3,mmHg,2024-10-22
OBS-00002625,PT-000466,ENC-0001312,4548-4,Hemoglobin A1c,7.1,%,2024-10-22
OBS-00002626,PT-000466,ENC-0001313,2160-0,Creatinine,3.8,mg/dL,2026-06-07
OBS-00002627,PT-000466,ENC-0001313,2160-0,Creatinine,2.0,mg/dL,2026-06-07
OBS-00002628,PT-000466,ENC-0001313,2160-0,Creatinine,2.0,mg/dL,2026-06-07
OBS-00002629,PT-000467,ENC-0001314,718-7,Hemoglobin,13.4,g/dL,2026-03-17
OBS-00002630,PT-000467,ENC-0001314,718-7,Hemoglobin,12.5,g/dL,2026-03-17
OBS-00002631,PT-000467,ENC-0001315,2339-0,Glucose,209.5,mg/dL,2025-01-19
OBS-00002632,PT-000467,ENC-0001315,718-7,Hemoglobin,14.4,g/dL,2025-01-19
OBS-00002633,PT-000467,ENC-0001316,8480-6,Systolic blood pressure,131.9,mmHg,2025-08-01
OBS-00002634,PT-000467,ENC-0001316,718-7,Hemoglobin,11.4,g/dL,2025-08-01
OBS-00002635,PT-000467,ENC-0001317,2160-0,Creatinine,3.9,mg/dL,2024-10-22
OBS-00002636,PT-000467,ENC-0001318,4548-4,Hemoglobin A1c,5.7,%,2025-01-12
OBS-00002637,PT-000467,ENC-0001319,718-7,Hemoglobin,16.5,g/dL,2026-04-29
OBS-00002638,PT-000467,ENC-0001319,8480-6,Systolic blood pressure,98.6,mmHg,2026-04-29
OBS-00002639,PT-000467,ENC-0001319,718-7,Hemoglobin,11.7,g/dL,2026-04-29
OBS-00002640,PT-000467,ENC-0001320,2339-0,Glucose,87.7,mg/dL,2026-08-10
OBS-00002641,PT-000467,ENC-0001320,718-7,Hemoglobin,11.5,g/dL,2026-08-10
OBS-00002642,PT-000468,ENC-0001321,2160-0,Creatinine,2.9,mg/dL,2024-09-28
OBS-00002643,PT-000468,ENC-0001322,8462-4,Diastolic blood pressure,76.7,mmHg,2025-09-05
OBS-00002644,PT-000468,ENC-0001322,4548-4,Hemoglobin A1c,11.7,%,2025-09-05
OBS-00002645,PT-000468,ENC-0001323,8462-4,Diastolic blood pressure,64.4,mmHg,2026-08-26
OBS-00002646,PT-000469,ENC-0001324,8462-4,Diastolic blood pressure,85.5,mmHg,2025-12-18
OBS-00002647,PT-000469,ENC-0001325,8480-6,Systolic blood pressure,146.7,mmHg,2025-11-30
OBS-00002648,PT-000470,ENC-0001326,4548-4,Hemoglobin A1c,5.1,%,2025-02-06
OBS-00002649,PT-000470,ENC-0001326,718-7,Hemoglobin,15.0,g/dL,2025-02-06
OBS-00002650,PT-000471,ENC-0001327,4548-4,Hemoglobin A1c,10.0,%,2025-07-22
OBS-00002651,PT-000471,ENC-0001327,2160-0,Creatinine,2.9,mg/dL,2025-07-22
OBS-00002652,PT-000471,ENC-0001327,8480-6,Systolic blood pressure,175.8,mmHg,2025-07-22
OBS-00002653,PT-000471,ENC-0001328,8462-4,Diastolic blood pressure,62.5,mmHg,2025-06-15
OBS-00002654,PT-000471,ENC-0001328,2160-0,Creatinine,1.2,mg/dL,2025-06-15
OBS-00002655,PT-000471,ENC-0001328,2339-0,Glucose,103.0,mg/dL,2025-06-15
OBS-00002656,PT-000471,ENC-0001329,8480-6,Systolic blood pressure,139.6,mmHg,2026-09-07
OBS-00002657,PT-000471,ENC-0001329,2339-0,Glucose,206.8,mg/dL,2026-09-07
OBS-00002658,PT-000471,ENC-0001329,718-7,Hemoglobin,10.1,g/dL,2026-09-07
OBS-00002659,PT-000472,ENC-0001330,8462-4,Diastolic blood pressure,56.7,mmHg,2025-12-04
OBS-00002660,PT-000472,ENC-0001330,8462-4,Diastolic blood pressure,62.0,mmHg,2025-12-04
OBS-00002661,PT-000472,ENC-0001330,4548-4,Hemoglobin A1c,7.9,%,2025-12-04
OBS-00002662,PT-000472,ENC-0001331,8462-4,Diastolic blood pressure,89.7,mmHg,2025-10-21
OBS-00002663,PT-000472,ENC-0001331,2339-0,Glucose,70.6,mg/dL,2025-10-21
OBS-00002664,PT-000472,ENC-0001332,2339-0,Glucose,272.0,mg/dL,2024-12-27
OBS-00002665,PT-000472,ENC-0001333,2160-0,Creatinine,2.3,mg/dL,2026-04-26
OBS-00002666,PT-000472,ENC-0001333,4548-4,Hemoglobin A1c,8.2,%,2026-04-26
OBS-00002667,PT-000473,ENC-0001334,8480-6,Systolic blood pressure,163.3,mmHg,2026-04-13
OBS-00002668,PT-000473,ENC-0001334,2339-0,Glucose,176.7,mg/dL,2026-04-13
OBS-00002669,PT-000473,ENC-0001334,718-7,Hemoglobin,14.1,g/dL,2026-04-13
OBS-00002670,PT-000473,ENC-0001335,8462-4,Diastolic blood pressure,72.9,mmHg,2024-11-21
OBS-00002671,PT-000473,ENC-0001335,718-7,Hemoglobin,10.4,g/dL,2024-11-21
OBS-00002672,PT-000474,ENC-0001336,2339-0,Glucose,89.1,mg/dL,2025-12-25
OBS-00002673,PT-000474,ENC-0001337,718-7,Hemoglobin,12.4,g/dL,2026-07-01
OBS-00002674,PT-000474,ENC-0001337,2339-0,Glucose,248.2,mg/dL,2026-07-01
OBS-00002675,PT-000474,ENC-0001337,718-7,Hemoglobin,8.0,g/dL,2026-07-01
OBS-00002676,PT-000474,ENC-0001338,8480-6,Systolic blood pressure,182.0,mmHg,2026-01-17
OBS-00002677,PT-000474,ENC-0001338,8480-6,Systolic blood pressure,155.2,mmHg,2026-01-17
OBS-00002678,PT-000474,ENC-0001339,8480-6,Systolic blood pressure,133.5,mmHg,2026-08-01
OBS-00002679,PT-000475,ENC-0001340,2339-0,Glucose,100.8,mg/dL,2025-05-14
OBS-00002680,PT-000475,ENC-0001341,8462-4,Diastolic blood pressure,76.2,mmHg,2025-05-30
OBS-00002681,PT-000475,ENC-0001341,718-7,Hemoglobin,10.5,g/dL,2025-05-30
OBS-00002682,PT-000475,ENC-0001341,4548-4,Hemoglobin A1c,12.5,%,2025-05-30
OBS-00002683,PT-000476,ENC-0001342,2160-0,Creatinine,1.2,mg/dL,2025-11-13
OBS-00002684,PT-000476,ENC-0001343,718-7,Hemoglobin,13.5,g/dL,2026-05-03
OBS-00002685,PT-000476,ENC-0001343,4548-4,Hemoglobin A1c,11.6,%,2026-05-03
OBS-00002686,PT-000476,ENC-0001343,718-7,Hemoglobin,11.0,g/dL,2026-05-03
OBS-00002687,PT-000476,ENC-0001344,8462-4,Diastolic blood pressure,109.9,mmHg,2026-07-07
OBS-00002688,PT-000477,ENC-0001345,2160-0,Creatinine,3.0,mg/dL,2024-12-24
OBS-00002689,PT-000477,ENC-0001345,4548-4,Hemoglobin A1c,7.5,%,2024-12-24
OBS-00002690,PT-000477,ENC-0001346,2160-0,Creatinine,3.8,mg/dL,2026-04-30
OBS-00002691,PT-000477,ENC-0001346,8462-4,Diastolic blood pressure,66.9,mmHg,2026-04-30
OBS-00002692,PT-000477,ENC-0001347,2160-0,Creatinine,2.3,mg/dL,2026-02-03
OBS-00002693,PT-000477,ENC-0001347,2339-0,Glucose,113.5,mg/dL,2026-02-03
OBS-00002694,PT-000477,ENC-0001347,8462-4,Diastolic blood pressure,107.6,mmHg,2026-02-03
OBS-00002695,PT-000477,ENC-0001348,8480-6,Systolic blood pressure,164.0,mmHg,2025-12-30
OBS-00002696,PT-000477,ENC-0001348,718-7,Hemoglobin,10.4,g/dL,2025-12-30
OBS-00002697,PT-000478,ENC-0001349,8480-6,Systolic blood pressure,142.4,mmHg,2025-09-01
OBS-00002698,PT-000478,ENC-0001350,8480-6,Systolic blood pressure,164.3,mmHg,2025-07-31
OBS-00002699,PT-000478,ENC-0001350,2339-0,Glucose,191.1,mg/dL,2025-07-31
OBS-00002700,PT-000478,ENC-0001350,8462-4,Diastolic blood pressure,105.3,mmHg,2025-07-31
OBS-00002701,PT-000478,ENC-0001351,2339-0,Glucose,303.1,mg/dL,2026-06-08
OBS-00002702,PT-000478,ENC-0001351,8480-6,Systolic blood pressure,98.2,mmHg,2026-06-08
OBS-00002703,PT-000478,ENC-0001351,718-7,Hemoglobin,11.3,g/dL,2026-06-08
OBS-00002704,PT-000478,ENC-0001352,8480-6,Systolic blood pressure,96.9,mmHg,2026-09-21
OBS-00002705,PT-000478,ENC-0001352,718-7,Hemoglobin,14.5,g/dL,2026-09-21
OBS-00002706,PT-000478,ENC-0001352,8462-4,Diastolic blood pressure,69.3,mmHg,2026-09-21
OBS-00002707,PT-000479,ENC-0001353,2160-0,Creatinine,3.7,mg/dL,2026-06-27
OBS-00002708,PT-000479,ENC-0001353,8480-6,Systolic blood pressure,163.4,mmHg,2026-06-27
OBS-00002709,PT-000479,ENC-0001353,8480-6,Systolic blood pressure,95.4,mmHg,2026-06-27
OBS-00002710,PT-000479,ENC-0001354,2339-0,Glucose,179.4,mg/dL,2025-03-31
OBS-00002711,PT-000479,ENC-0001354,2339-0,Glucose,128.9,mg/dL,2025-03-31
OBS-00002712,PT-000479,ENC-0001354,8462-4,Diastolic blood pressure,96.1,mmHg,2025-03-31
OBS-00002713,PT-000479,ENC-0001355,4548-4,Hemoglobin A1c,6.8,%,2026-07-20
OBS-00002714,PT-000479,ENC-0001355,8462-4,Diastolic blood pressure,97.9,mmHg,2026-07-20
OBS-00002715,PT-000479,ENC-0001356,8480-6,Systolic blood pressure,163.2,mmHg,2025-12-19
OBS-00002716,PT-000479,ENC-0001356,2339-0,Glucose,202.3,mg/dL,2025-12-19
OBS-00002717,PT-000479,ENC-0001356,4548-4,Hemoglobin A1c,9.0,%,2025-12-19
OBS-00002718,PT-000479,ENC-0001357,4548-4,Hemoglobin A1c,12.3,%,2026-06-17
OBS-00002719,PT-000479,ENC-0001358,8480-6,Systolic blood pressure,121.8,mmHg,2025-04-23
OBS-00002720,PT-000479,ENC-0001358,2160-0,Creatinine,2.3,mg/dL,2025-04-23
OBS-00002721,PT-000479,ENC-0001358,4548-4,Hemoglobin A1c,7.5,%,2025-04-23
OBS-00002722,PT-000480,ENC-0001359,2339-0,Glucose,247.3,mg/dL,2024-11-24
OBS-00002723,PT-000480,ENC-0001360,2160-0,Creatinine,1.0,mg/dL,2026-06-04
OBS-00002724,PT-000480,ENC-0001360,2339-0,Glucose,135.7,mg/dL,2026-06-04
OBS-00002725,PT-000481,ENC-0001361,8462-4,Diastolic blood pressure,77.1,mmHg,2025-03-23
OBS-00002726,PT-000481,ENC-0001361,2160-0,Creatinine,2.8,mg/dL,2025-03-23
OBS-00002727,PT-000481,ENC-0001362,2160-0,Creatinine,3.1,mg/dL,2025-03-29
OBS-00002728,PT-000481,ENC-0001362,8462-4,Diastolic blood pressure,66.4,mmHg,2025-03-29
OBS-00002729,PT-000481,ENC-0001363,8480-6,Systolic blood pressure,150.9,mmHg,2026-06-15
OBS-00002730,PT-000481,ENC-0001363,2339-0,Glucose,298.3,mg/dL,2026-06-15
OBS-00002731,PT-000481,ENC-0001363,2160-0,Creatinine,2.8,mg/dL,2026-06-15
OBS-00002732,PT-000481,ENC-0001364,2160-0,Creatinine,2.7,mg/dL,2024-12-22
OBS-00002733,PT-000481,ENC-0001365,4548-4,Hemoglobin A1c,10.7,%,2026-07-29
OBS-00002734,PT-000481,ENC-0001365,2339-0,Glucose,304.1,mg/dL,2026-07-29
OBS-00002735,PT-000481,ENC-0001365,8480-6,Systolic blood pressure,118.6,mmHg,2026-07-29
OBS-00002736,PT-000481,ENC-0001366,8480-6,Systolic blood pressure,100.6,mmHg,2026-01-11
OBS-00002737,PT-000481,ENC-0001367,8462-4,Diastolic blood pressure,101.1,mmHg,2026-07-31
OBS-00002738,PT-000481,ENC-0001367,8462-4,Diastolic blood pressure,68.1,mmHg,2026-07-31
OBS-00002739,PT-000482,ENC-0001368,718-7,Hemoglobin,8.7,g/dL,2025-11-30
OBS-00002740,PT-000482,ENC-0001368,2160-0,Creatinine,3.0,mg/dL,2025-11-30
OBS-00002741,PT-000482,ENC-0001368,4548-4,Hemoglobin A1c,5.9,%,2025-11-30
OBS-00002742,PT-000483,ENC-0001369,718-7,Hemoglobin,14.5,g/dL,2026-05-01
OBS-00002743,PT-000483,ENC-0001369,8462-4,Diastolic blood pressure,92.6,mmHg,2026-05-01
OBS-00002744,PT-000483,ENC-0001369,2339-0,Glucose,190.2,mg/dL,2026-05-01
OBS-00002745,PT-000484,ENC-0001370,8480-6,Systolic blood pressure,178.1,mmHg,2025-09-13
OBS-00002746,PT-000484,ENC-0001370,2160-0,Creatinine,1.8,mg/dL,2025-09-13
OBS-00002747,PT-000484,ENC-0001370,8462-4,Diastolic blood pressure,98.3,mmHg,2025-09-13
OBS-00002748,PT-000485,ENC-0001371,8480-6,Systolic blood pressure,115.9,mmHg,2026-07-03
OBS-00002749,PT-000485,ENC-0001372,4548-4,Hemoglobin A1c,6.7,%,2025-12-12
OBS-00002750,PT-000485,ENC-0001372,2339-0,Glucose,179.3,mg/dL,2025-12-12
OBS-00002751,PT-000485,ENC-0001373,8462-4,Diastolic blood pressure,88.6,mmHg,2024-10-16
OBS-00002752,PT-000485,ENC-0001374,8462-4,Diastolic blood pressure,95.0,mmHg,2026-03-16
OBS-00002753,PT-000485,ENC-0001374,718-7,Hemoglobin,8.7,g/dL,2026-03-16
OBS-00002754,PT-000485,ENC-0001374,8480-6,Systolic blood pressure,104.6,mmHg,2026-03-16
OBS-00002755,PT-000486,ENC-0001375,2339-0,Glucose,249.5,mg/dL,2026-02-09
OBS-00002756,PT-000486,ENC-0001376,2160-0,Creatinine,3.3,mg/dL,2026-01-04
OBS-00002757,PT-000486,ENC-0001376,2339-0,Glucose,128.4,mg/dL,2026-01-04
OBS-00002758,PT-000487,ENC-0001377,2160-0,Creatinine,4.0,mg/dL,2025-06-13
OBS-00002759,PT-000487,ENC-0001377,718-7,Hemoglobin,10.2,g/dL,2025-06-13
OBS-00002760,PT-000487,ENC-0001377,718-7,Hemoglobin,13.0,g/dL,2025-06-13
OBS-00002761,PT-000487,ENC-0001378,2339-0,Glucose,231.8,mg/dL,2025-01-11
OBS-00002762,PT-000487,ENC-0001378,718-7,Hemoglobin,9.3,g/dL,2025-01-11
OBS-00002763,PT-000487,ENC-0001378,2160-0,Creatinine,4.2,mg/dL,2025-01-11
OBS-00002764,PT-000487,ENC-0001379,2339-0,Glucose,196.5,mg/dL,2026-09-01
OBS-00002765,PT-000487,ENC-0001379,8462-4,Diastolic blood pressure,104.8,mmHg,2026-09-01
OBS-00002766,PT-000487,ENC-0001379,2160-0,Creatinine,2.4,mg/dL,2026-09-01
OBS-00002767,PT-000487,ENC-0001380,2160-0,Creatinine,3.8,mg/dL,2025-05-30
OBS-00002768,PT-000488,ENC-0001381,2339-0,Glucose,176.7,mg/dL,2025-11-18
OBS-00002769,PT-000488,ENC-0001381,8462-4,Diastolic blood pressure,64.9,mmHg,2025-11-18
OBS-00002770,PT-000488,ENC-0001382,718-7,Hemoglobin,10.7,g/dL,2026-06-04
OBS-00002771,PT-000488,ENC-0001383,2160-0,Creatinine,3.0,mg/dL,2024-11-19
OBS-00002772,PT-000488,ENC-0001383,718-7,Hemoglobin,12.2,g/dL,2024-11-19
OBS-00002773,PT-000489,ENC-0001384,2339-0,Glucose,301.9,mg/dL,2025-02-17
OBS-00002774,PT-000489,ENC-0001384,718-7,Hemoglobin,11.5,g/dL,2025-02-17
OBS-00002775,PT-000489,ENC-0001384,2160-0,Creatinine,1.2,mg/dL,2025-02-17
OBS-00002776,PT-000489,ENC-0001385,2160-0,Creatinine,3.4,mg/dL,2026-01-16
OBS-00002777,PT-000489,ENC-0001385,2339-0,Glucose,254.0,mg/dL,2026-01-16
OBS-00002778,PT-000490,ENC-0001386,8462-4,Diastolic blood pressure,109.8,mmHg,2026-05-31
OBS-00002779,PT-000490,ENC-0001386,8480-6,Systolic blood pressure,123.7,mmHg,2026-05-31
OBS-00002780,PT-000490,ENC-0001386,2160-0,Creatinine,0.8,mg/dL,2026-05-31
OBS-00002781,PT-000491,ENC-0001387,718-7,Hemoglobin,10.8,g/dL,2024-11-04
OBS-00002782,PT-000491,ENC-0001387,8462-4,Diastolic blood pressure,100.4,mmHg,2024-11-04
OBS-00002783,PT-000491,ENC-0001387,2160-0,Creatinine,4.3,mg/dL,2024-11-04
OBS-00002784,PT-000491,ENC-0001388,2160-0,Creatinine,3.7,mg/dL,2026-08-23
OBS-00002785,PT-000491,ENC-0001388,2160-0,Creatinine,3.3,mg/dL,2026-08-23
OBS-00002786,PT-000491,ENC-0001388,718-7,Hemoglobin,15.7,g/dL,2026-08-23
OBS-00002787,PT-000492,ENC-0001389,718-7,Hemoglobin,13.2,g/dL,2025-07-17
OBS-00002788,PT-000492,ENC-0001389,4548-4,Hemoglobin A1c,5.3,%,2025-07-17
OBS-00002789,PT-000492,ENC-0001390,2339-0,Glucose,200.1,mg/dL,2025-12-15
OBS-00002790,PT-000492,ENC-0001391,718-7,Hemoglobin,12.0,g/dL,2026-07-08
OBS-00002791,PT-000493,ENC-0001392,8480-6,Systolic blood pressure,117.7,mmHg,2026-04-09
OBS-00002792,PT-000494,ENC-0001393,2160-0,Creatinine,1.9,mg/dL,2026-08-26
OBS-00002793,PT-000494,ENC-0001393,2339-0,Glucose,270.3,mg/dL,2026-08-26
OBS-00002794,PT-000494,ENC-0001394,8462-4,Diastolic blood pressure,89.3,mmHg,2025-10-14
OBS-00002795,PT-000495,ENC-0001395,8480-6,Systolic blood pressure,113.0,mmHg,2024-11-22
OBS-00002796,PT-000495,ENC-0001396,718-7,Hemoglobin,12.9,g/dL,2026-09-11
OBS-00002797,PT-000495,ENC-0001396,2160-0,Creatinine,1.5,mg/dL,2026-09-11
OBS-00002798,PT-000495,ENC-0001397,2339-0,Glucose,177.2,mg/dL,2025-04-02
OBS-00002799,PT-000495,ENC-0001397,2339-0,Glucose,259.9,mg/dL,2025-04-02
OBS-00002800,PT-000495,ENC-0001397,2160-0,Creatinine,3.4,mg/dL,2025-04-02
OBS-00002801,PT-000496,ENC-0001398,8462-4,Diastolic blood pressure,79.8,mmHg,2026-03-30
OBS-00002802,PT-000496,ENC-0001398,4548-4,Hemoglobin A1c,7.3,%,2026-03-30
OBS-00002803,PT-000496,ENC-0001398,718-7,Hemoglobin,11.7,g/dL,2026-03-30
OBS-00002804,PT-000497,ENC-0001399,4548-4,Hemoglobin A1c,10.1,%,2025-01-05
OBS-00002805,PT-000497,ENC-0001399,2160-0,Creatinine,2.6,mg/dL,2025-01-05
OBS-00002806,PT-000497,ENC-0001400,8480-6,Systolic blood pressure,140.6,mmHg,2024-12-20
OBS-00002807,PT-000498,ENC-0001401,718-7,Hemoglobin,13.2,g/dL,2025-04-29
OBS-00002808,PT-000498,ENC-0001402,8480-6,Systolic blood pressure,134.2,mmHg,2025-08-26
OBS-00002809,PT-000498,ENC-0001403,8462-4,Diastolic blood pressure,76.3,mmHg,2025-11-11
OBS-00002810,PT-000498,ENC-0001404,2160-0,Creatinine,4.3,mg/dL,2026-07-17
OBS-00002811,PT-000498,ENC-0001404,2339-0,Glucose,205.8,mg/dL,2026-07-17
OBS-00002812,PT-000498,ENC-0001405,2339-0,Glucose,148.1,mg/dL,2024-12-05
OBS-00002813,PT-000498,ENC-0001405,2339-0,Glucose,291.3,mg/dL,2024-12-05
OBS-00002814,PT-000499,ENC-0001406,2160-0,Creatinine,2.3,mg/dL,2025-06-03
OBS-00002815,PT-000499,ENC-0001406,4548-4,Hemoglobin A1c,10.2,%,2025-06-03
OBS-00002816,PT-000499,ENC-0001406,4548-4,Hemoglobin A1c,12.3,%,2025-06-03
OBS-00002817,PT-000499,ENC-0001407,2339-0,Glucose,283.6,mg/dL,2025-08-05
OBS-00002818,PT-000499,ENC-0001407,2339-0,Glucose,316.2,mg/dL,2025-08-05
OBS-00002819,PT-000499,ENC-0001407,718-7,Hemoglobin,13.0,g/dL,2025-08-05
OBS-00002820,PT-000499,ENC-0001408,4548-4,Hemoglobin A1c,5.5,%,2025-04-04
OBS-00002821,PT-000499,ENC-0001408,8462-4,Diastolic blood pressure,66.8,mmHg,2025-04-04
OBS-00002822,PT-000499,ENC-0001409,718-7,Hemoglobin,15.1,g/dL,2024-11-26
OBS-00002823,PT-000499,ENC-0001409,8462-4,Diastolic blood pressure,89.4,mmHg,2024-11-26
OBS-00002824,PT-000500,ENC-0001410,4548-4,Hemoglobin A1c,7.4,%,2025-05-09
OBS-00002825,PT-000500,ENC-0001411,2160-0,Creatinine,4.4,mg/dL,2025-12-15
OBS-00002826,PT-000500,ENC-0001411,2339-0,Glucose,319.1,mg/dL,2025-12-15
OBS-00002827,PT-000500,ENC-0001411,8480-6,Systolic blood pressure,162.6,mmHg,2025-12-15
OBS-00002828,PT-000500,ENC-0001412,4548-4,Hemoglobin A1c,6.6,%,2025-02-01
OBS-00002829,PT-000501,ENC-0001413,8480-6,Systolic blood pressure,123.9,mmHg,2025-07-12
OBS-00002830,PT-000501,ENC-0001413,2160-0,Creatinine,2.8,mg/dL,2025-07-12
OBS-00002831,PT-000501,ENC-0001413,718-7,Hemoglobin,15.0,g/dL,2025-07-12
OBS-00002832,PT-000501,ENC-0001414,8480-6,Systolic blood pressure,175.8,mmHg,2024-12-09
OBS-00002833,PT-000501,ENC-0001414,8480-6,Systolic blood pressure,114.3,mmHg,2024-12-09
OBS-00002834,PT-000501,ENC-0001414,8480-6,Systolic blood pressure,114.7,mmHg,2024-12-09
OBS-00002835,PT-000501,ENC-0001415,718-7,Hemoglobin,15.2,g/dL,2025-12-10
OBS-00002836,PT-000501,ENC-0001415,2339-0,Glucose,246.7,mg/dL,2025-12-10
OBS-00002837,PT-000501,ENC-0001415,718-7,Hemoglobin,14.0,g/dL,2025-12-10
OBS-00002838,PT-000501,ENC-0001416,4548-4,Hemoglobin A1c,8.7,%,2026-02-03
OBS-00002839,PT-000501,ENC-0001416,2339-0,Glucose,157.0,mg/dL,2026-02-03
OBS-00002840,PT-000501,ENC-0001416,2160-0,Creatinine,3.3,mg/dL,2026-02-03
OBS-00002841,PT-000502,ENC-0001417,2339-0,Glucose,165.4,mg/dL,2026-04-07
OBS-00002842,PT-000502,ENC-0001417,4548-4,Hemoglobin A1c,8.4,%,2026-04-07
OBS-00002843,PT-000502,ENC-0001417,4548-4,Hemoglobin A1c,11.1,%,2026-04-07
OBS-00002844,PT-000502,ENC-0001418,2160-0,Creatinine,3.3,mg/dL,2026-05-26
OBS-00002845,PT-000502,ENC-0001419,718-7,Hemoglobin,11.2,g/dL,2025-05-12
OBS-00002846,PT-000502,ENC-0001419,2160-0,Creatinine,0.9,mg/dL,2025-05-12
OBS-00002847,PT-000503,ENC-0001420,2339-0,Glucose,77.2,mg/dL,2025-03-28
OBS-00002848,PT-000503,ENC-0001420,2339-0,Glucose,305.0,mg/dL,2025-03-28
OBS-00002849,PT-000503,ENC-0001421,2160-0,Creatinine,3.6,mg/dL,2026-02-11
OBS-00002850,PT-000504,ENC-0001422,2339-0,Glucose,202.1,mg/dL,2025-12-05
OBS-00002851,PT-000504,ENC-0001423,2160-0,Creatinine,1.8,mg/dL,2024-09-21
OBS-00002852,PT-000504,ENC-0001424,8480-6,Systolic blood pressure,167.4,mmHg,2025-07-15
OBS-00002853,PT-000504,ENC-0001424,8480-6,Systolic blood pressure,167.6,mmHg,2025-07-15
OBS-00002854,PT-000504,ENC-0001424,2160-0,Creatinine,4.1,mg/dL,2025-07-15
OBS-00002855,PT-000504,ENC-0001425,2339-0,Glucose,82.6,mg/dL,2025-01-02
OBS-00002856,PT-000504,ENC-0001425,2339-0,Glucose,268.3,mg/dL,2025-01-02
OBS-00002857,PT-000505,ENC-0001426,4548-4,Hemoglobin A1c,8.2,%,2026-02-26
OBS-00002858,PT-000505,ENC-0001426,718-7,Hemoglobin,12.6,g/dL,2026-02-26
OBS-00002859,PT-000505,ENC-0001427,4548-4,Hemoglobin A1c,10.2,%,2025-07-12
OBS-00002860,PT-000505,ENC-0001427,4548-4,Hemoglobin A1c,9.4,%,2025-07-12
OBS-00002861,PT-000505,ENC-0001427,8480-6,Systolic blood pressure,106.9,mmHg,2025-07-12
OBS-00002862,PT-000506,ENC-0001428,8462-4,Diastolic blood pressure,109.2,mmHg,2025-11-05
OBS-00002863,PT-000506,ENC-0001428,8480-6,Systolic blood pressure,119.0,mmHg,2025-11-05
OBS-00002864,PT-000506,ENC-0001429,718-7,Hemoglobin,11.0,g/dL,2026-01-23
OBS-00002865,PT-000506,ENC-0001429,4548-4,Hemoglobin A1c,9.8,%,2026-01-23
OBS-00002866,PT-000506,ENC-0001429,8462-4,Diastolic blood pressure,109.0,mmHg,2026-01-23
OBS-00002867,PT-000506,ENC-0001430,2339-0,Glucose,286.1,mg/dL,2025-10-10
OBS-00002868,PT-000506,ENC-0001430,2160-0,Creatinine,4.3,mg/dL,2025-10-10
OBS-00002869,PT-000507,ENC-0001431,4548-4,Hemoglobin A1c,10.0,%,2025-07-16
OBS-00002870,PT-000507,ENC-0001431,2160-0,Creatinine,3.8,mg/dL,2025-07-16
OBS-00002871,PT-000507,ENC-0001432,2160-0,Creatinine,1.6,mg/dL,2024-11-09
OBS-00002872,PT-000507,ENC-0001433,8480-6,Systolic blood pressure,128.5,mmHg,2025-01-16
OBS-00002873,PT-000507,ENC-0001433,2160-0,Creatinine,1.1,mg/dL,2025-01-16
OBS-00002874,PT-000508,ENC-0001434,718-7,Hemoglobin,10.2,g/dL,2025-07-26
OBS-00002875,PT-000509,ENC-0001435,8462-4,Diastolic blood pressure,76.8,mmHg,2025-04-22
OBS-00002876,PT-000509,ENC-0001435,718-7,Hemoglobin,10.9,g/dL,2025-04-22
OBS-00002877,PT-000509,ENC-0001436,8462-4,Diastolic blood pressure,70.6,mmHg,2025-05-29
OBS-00002878,PT-000509,ENC-0001437,8480-6,Systolic blood pressure,138.3,mmHg,2025-04-07
OBS-00002879,PT-000509,ENC-0001437,2160-0,Creatinine,1.4,mg/dL,2025-04-07
OBS-00002880,PT-000510,ENC-0001438,2339-0,Glucose,261.1,mg/dL,2025-12-17
OBS-00002881,PT-000510,ENC-0001438,718-7,Hemoglobin,14.6,g/dL,2025-12-17
OBS-00002882,PT-000510,ENC-0001438,2160-0,Creatinine,2.0,mg/dL,2025-12-17
OBS-00002883,PT-000510,ENC-0001439,8462-4,Diastolic blood pressure,84.4,mmHg,2024-12-26
OBS-00002884,PT-000510,ENC-0001439,8480-6,Systolic blood pressure,129.2,mmHg,2024-12-26
OBS-00002885,PT-000510,ENC-0001440,8480-6,Systolic blood pressure,160.5,mmHg,2026-05-09
OBS-00002886,PT-000510,ENC-0001440,8462-4,Diastolic blood pressure,104.6,mmHg,2026-05-09
OBS-00002887,PT-000510,ENC-0001440,8480-6,Systolic blood pressure,146.2,mmHg,2026-05-09
OBS-00002888,PT-000510,ENC-0001441,2160-0,Creatinine,2.8,mg/dL,2025-01-21
OBS-00002889,PT-000510,ENC-0001441,718-7,Hemoglobin,11.9,g/dL,2025-01-21
OBS-00002890,PT-000510,ENC-0001441,2339-0,Glucose,310.6,mg/dL,2025-01-21
OBS-00002891,PT-000511,ENC-0001442,8462-4,Diastolic blood pressure,94.4,mmHg,2026-01-26
OBS-00002892,PT-000511,ENC-0001443,8462-4,Diastolic blood pressure,61.8,mmHg,2025-02-10
OBS-00002893,PT-000511,ENC-0001443,718-7,Hemoglobin,12.2,g/dL,2025-02-10
OBS-00002894,PT-000511,ENC-0001443,718-7,Hemoglobin,14.1,g/dL,2025-02-10
OBS-00002895,PT-000512,ENC-0001444,2160-0,Creatinine,2.0,mg/dL,2025-02-16
OBS-00002896,PT-000512,ENC-0001444,2160-0,Creatinine,2.4,mg/dL,2025-02-16
OBS-00002897,PT-000512,ENC-0001444,2160-0,Creatinine,3.1,mg/dL,2025-02-16
OBS-00002898,PT-000512,ENC-0001445,2160-0,Creatinine,2.0,mg/dL,2024-10-07
OBS-00002899,PT-000513,ENC-0001446,2160-0,Creatinine,1.1,mg/dL,2025-12-25
OBS-00002900,PT-000513,ENC-0001446,8462-4,Diastolic blood pressure,88.9,mmHg,2025-12-25
OBS-00002901,PT-000513,ENC-0001447,8462-4,Diastolic blood pressure,73.2,mmHg,2025-12-11
OBS-00002902,PT-000514,ENC-0001448,2160-0,Creatinine,1.9,mg/dL,2026-06-25
OBS-00002903,PT-000514,ENC-0001449,2160-0,Creatinine,2.1,mg/dL,2026-05-27
OBS-00002904,PT-000514,ENC-0001449,2339-0,Glucose,183.4,mg/dL,2026-05-27
OBS-00002905,PT-000515,ENC-0001450,2160-0,Creatinine,1.0,mg/dL,2026-02-21
OBS-00002906,PT-000515,ENC-0001450,718-7,Hemoglobin,15.0,g/dL,2026-02-21
OBS-00002907,PT-000515,ENC-0001450,8480-6,Systolic blood pressure,122.0,mmHg,2026-02-21
OBS-00002908,PT-000515,ENC-0001451,718-7,Hemoglobin,8.8,g/dL,2026-08-11
OBS-00002909,PT-000515,ENC-0001451,4548-4,Hemoglobin A1c,7.0,%,2026-08-11
OBS-00002910,PT-000515,ENC-0001451,4548-4,Hemoglobin A1c,10.1,%,2026-08-11
OBS-00002911,PT-000515,ENC-0001452,2339-0,Glucose,284.8,mg/dL,2026-07-12
OBS-00002912,PT-000515,ENC-0001452,8480-6,Systolic blood pressure,165.2,mmHg,2026-07-12
OBS-00002913,PT-000515,ENC-0001453,4548-4,Hemoglobin A1c,8.3,%,2025-03-13
OBS-00002914,PT-000515,ENC-0001454,4548-4,Hemoglobin A1c,6.5,%,2026-03-05
OBS-00002915,PT-000515,ENC-0001455,8480-6,Systolic blood pressure,161.7,mmHg,2025-02-07
OBS-00002916,PT-000515,ENC-0001455,718-7,Hemoglobin,11.5,g/dL,2025-02-07
OBS-00002917,PT-000515,ENC-0001456,4548-4,Hemoglobin A1c,12.3,%,2025-05-06
OBS-00002918,PT-000515,ENC-0001457,718-7,Hemoglobin,13.0,g/dL,2026-07-22
OBS-00002919,PT-000515,ENC-0001457,718-7,Hemoglobin,11.5,g/dL,2026-07-22
OBS-00002920,PT-000515,ENC-0001457,2339-0,Glucose,142.9,mg/dL,2026-07-22
OBS-00002921,PT-000516,ENC-0001458,4548-4,Hemoglobin A1c,7.8,%,2026-08-11
OBS-00002922,PT-000516,ENC-0001458,8480-6,Systolic blood pressure,114.2,mmHg,2026-08-11
OBS-00002923,PT-000516,ENC-0001458,2160-0,Creatinine,1.0,mg/dL,2026-08-11
OBS-00002924,PT-000517,ENC-0001459,718-7,Hemoglobin,10.6,g/dL,2026-03-09
OBS-00002925,PT-000517,ENC-0001459,4548-4,Hemoglobin A1c,5.4,%,2026-03-09
OBS-00002926,PT-000517,ENC-0001460,8462-4,Diastolic blood pressure,72.7,mmHg,2026-06-03
OBS-00002927,PT-000517,ENC-0001461,2160-0,Creatinine,1.8,mg/dL,2026-03-28
OBS-00002928,PT-000517,ENC-0001461,8480-6,Systolic blood pressure,177.6,mmHg,2026-03-28
OBS-00002929,PT-000517,ENC-0001461,2339-0,Glucose,70.3,mg/dL,2026-03-28
OBS-00002930,PT-000518,ENC-0001462,4548-4,Hemoglobin A1c,6.5,%,2026-06-28
OBS-00002931,PT-000518,ENC-0001462,4548-4,Hemoglobin A1c,5.4,%,2026-06-28
OBS-00002932,PT-000518,ENC-0001462,8480-6,Systolic blood pressure,132.4,mmHg,2026-06-28
OBS-00002933,PT-000519,ENC-0001463,4548-4,Hemoglobin A1c,7.0,%,2024-11-24
OBS-00002934,PT-000519,ENC-0001464,8480-6,Systolic blood pressure,148.6,mmHg,2025-04-21
OBS-00002935,PT-000519,ENC-0001464,2339-0,Glucose,220.7,mg/dL,2025-04-21
OBS-00002936,PT-000519,ENC-0001465,8480-6,Systolic blood pressure,115.7,mmHg,2024-12-25
OBS-00002937,PT-000519,ENC-0001465,718-7,Hemoglobin,11.2,g/dL,2024-12-25
OBS-00002938,PT-000519,ENC-0001465,718-7,Hemoglobin,14.8,g/dL,2024-12-25
OBS-00002939,PT-000519,ENC-0001466,8480-6,Systolic blood pressure,147.4,mmHg,2026-06-05
OBS-00002940,PT-000519,ENC-0001466,2339-0,Glucose,316.7,mg/dL,2026-06-05
OBS-00002941,PT-000520,ENC-0001467,4548-4,Hemoglobin A1c,6.8,%,2025-01-15
OBS-00002942,PT-000521,ENC-0001468,718-7,Hemoglobin,14.0,g/dL,2024-10-15
OBS-00002943,PT-000522,ENC-0001469,718-7,Hemoglobin,10.9,g/dL,2026-07-23
OBS-00002944,PT-000522,ENC-0001469,718-7,Hemoglobin,12.2,g/dL,2026-07-23
OBS-00002945,PT-000522,ENC-0001469,2339-0,Glucose,257.4,mg/dL,2026-07-23
OBS-00002946,PT-000522,ENC-0001470,4548-4,Hemoglobin A1c,6.4,%,2026-04-22
OBS-00002947,PT-000523,ENC-0001471,8462-4,Diastolic blood pressure,105.3,mmHg,2024-09-27
OBS-00002948,PT-000523,ENC-0001471,718-7,Hemoglobin,8.8,g/dL,2024-09-27
OBS-00002949,PT-000523,ENC-0001471,718-7,Hemoglobin,15.8,g/dL,2024-09-27
OBS-00002950,PT-000524,ENC-0001472,2160-0,Creatinine,4.3,mg/dL,2025-06-30
OBS-00002951,PT-000524,ENC-0001473,2339-0,Glucose,194.4,mg/dL,2026-01-17
OBS-00002952,PT-000525,ENC-0001474,718-7,Hemoglobin,10.3,g/dL,2026-01-13
OBS-00002953,PT-000525,ENC-0001475,2160-0,Creatinine,3.6,mg/dL,2026-01-25
OBS-00002954,PT-000525,ENC-0001475,4548-4,Hemoglobin A1c,5.6,%,2026-01-25
OBS-00002955,PT-000525,ENC-0001475,2339-0,Glucose,142.0,mg/dL,2026-01-25
OBS-00002956,PT-000525,ENC-0001476,4548-4,Hemoglobin A1c,8.2,%,2025-06-20
OBS-00002957,PT-000525,ENC-0001476,4548-4,Hemoglobin A1c,4.9,%,2025-06-20
OBS-00002958,PT-000525,ENC-0001477,718-7,Hemoglobin,14.9,g/dL,2026-05-31
OBS-00002959,PT-000525,ENC-0001477,2160-0,Creatinine,3.1,mg/dL,2026-05-31
OBS-00002960,PT-000526,ENC-0001478,2339-0,Glucose,165.2,mg/dL,2025-10-22
OBS-00002961,PT-000526,ENC-0001478,718-7,Hemoglobin,15.3,g/dL,2025-10-22
OBS-00002962,PT-000526,ENC-0001478,2339-0,Glucose,205.0,mg/dL,2025-10-22
OBS-00002963,PT-000526,ENC-0001479,718-7,Hemoglobin,9.7,g/dL,2025-06-15
OBS-00002964,PT-000526,ENC-0001479,4548-4,Hemoglobin A1c,10.5,%,2025-06-15
OBS-00002965,PT-000526,ENC-0001480,8462-4,Diastolic blood pressure,108.8,mmHg,2025-06-13
OBS-00002966,PT-000527,ENC-0001481,4548-4,Hemoglobin A1c,8.1,%,2025-10-31
OBS-00002967,PT-000527,ENC-0001481,8462-4,Diastolic blood pressure,104.0,mmHg,2025-10-31
OBS-00002968,PT-000527,ENC-0001482,8480-6,Systolic blood pressure,180.2,mmHg,2025-07-08
OBS-00002969,PT-000527,ENC-0001482,8480-6,Systolic blood pressure,113.1,mmHg,2025-07-08
OBS-00002970,PT-000527,ENC-0001483,4548-4,Hemoglobin A1c,10.1,%,2026-06-18
OBS-00002971,PT-000527,ENC-0001483,2160-0,Creatinine,2.3,mg/dL,2026-06-18
OBS-00002972,PT-000527,ENC-0001484,2160-0,Creatinine,2.8,mg/dL,2024-11-20
OBS-00002973,PT-000527,ENC-0001484,8480-6,Systolic blood pressure,159.9,mmHg,2024-11-20
OBS-00002974,PT-000528,ENC-0001485,8480-6,Systolic blood pressure,97.0,mmHg,2026-06-10
OBS-00002975,PT-000529,ENC-0001486,2339-0,Glucose,78.7,mg/dL,2025-10-29
OBS-00002976,PT-000529,ENC-0001486,8480-6,Systolic blood pressure,135.1,mmHg,2025-10-29
OBS-00002977,PT-000529,ENC-0001487,718-7,Hemoglobin,15.9,g/dL,2025-12-23
OBS-00002978,PT-000529,ENC-0001487,718-7,Hemoglobin,16.0,g/dL,2025-12-23
OBS-00002979,PT-000529,ENC-0001487,4548-4,Hemoglobin A1c,5.6,%,2025-12-23
OBS-00002980,PT-000529,ENC-0001488,2339-0,Glucose,311.3,mg/dL,2025-09-15
OBS-00002981,PT-000529,ENC-0001488,2160-0,Creatinine,3.7,mg/dL,2025-09-15
OBS-00002982,PT-000529,ENC-0001488,718-7,Hemoglobin,11.8,g/dL,2025-09-15
OBS-00002983,PT-000530,ENC-0001489,718-7,Hemoglobin,13.0,g/dL,2025-10-05
OBS-00002984,PT-000530,ENC-0001490,2160-0,Creatinine,3.9,mg/dL,2026-01-23
OBS-00002985,PT-000531,ENC-0001491,8480-6,Systolic blood pressure,125.0,mmHg,2025-11-01
OBS-00002986,PT-000531,ENC-0001492,8462-4,Diastolic blood pressure,56.1,mmHg,2026-09-02
OBS-00002987,PT-000532,ENC-0001493,4548-4,Hemoglobin A1c,12.4,%,2026-03-19
OBS-00002988,PT-000532,ENC-0001493,718-7,Hemoglobin,15.4,g/dL,2026-03-19
OBS-00002989,PT-000532,ENC-0001493,718-7,Hemoglobin,12.5,g/dL,2026-03-19
OBS-00002990,PT-000532,ENC-0001494,718-7,Hemoglobin,12.7,g/dL,2025-11-10
OBS-00002991,PT-000532,ENC-0001494,8462-4,Diastolic blood pressure,94.3,mmHg,2025-11-10
OBS-00002992,PT-000533,ENC-0001495,2339-0,Glucose,226.5,mg/dL,2025-06-18
OBS-00002993,PT-000533,ENC-0001496,4548-4,Hemoglobin A1c,5.2,%,2024-10-11
OBS-00002994,PT-000533,ENC-0001496,718-7,Hemoglobin,12.7,g/dL,2024-10-11
OBS-00002995,PT-000533,ENC-0001496,2160-0,Creatinine,3.3,mg/dL,2024-10-11
OBS-00002996,PT-000533,ENC-0001497,8462-4,Diastolic blood pressure,66.7,mmHg,2026-02-05
OBS-00002997,PT-000533,ENC-0001497,4548-4,Hemoglobin A1c,12.2,%,2026-02-05
OBS-00002998,PT-000533,ENC-0001498,2160-0,Creatinine,1.8,mg/dL,2026-01-03
OBS-00002999,PT-000533,ENC-0001498,718-7,Hemoglobin,14.2,g/dL,2026-01-03
OBS-00003000,PT-000533,ENC-0001499,2339-0,Glucose,255.6,mg/dL,2025-08-13
OBS-00003001,PT-000534,ENC-0001500,4548-4,Hemoglobin A1c,5.5,%,2025-05-20
OBS-00003002,PT-000534,ENC-0001500,2160-0,Creatinine,4.1,mg/dL,2025-05-20
OBS-00003003,PT-000534,ENC-0001501,8462-4,Diastolic blood pressure,90.2,mmHg,2025-04-06
OBS-00003004,PT-000534,ENC-0001501,8480-6,Systolic blood pressure,182.6,mmHg,2025-04-06
OBS-00003005,PT-000534,ENC-0001501,4548-4,Hemoglobin A1c,11.9,%,2025-04-06
OBS-00003006,PT-000534,ENC-0001502,8462-4,Diastolic blood pressure,74.1,mmHg,2025-09-20
OBS-00003007,PT-000534,ENC-0001502,2160-0,Creatinine,3.8,mg/dL,2025-09-20
OBS-00003008,PT-000534,ENC-0001503,2160-0,Creatinine,0.9,mg/dL,2025-08-19
OBS-00003009,PT-000534,ENC-0001504,8480-6,Systolic blood pressure,97.5,mmHg,2026-04-21
OBS-00003010,PT-000535,ENC-0001505,8462-4,Diastolic blood pressure,96.8,mmHg,2025-09-17
OBS-00003011,PT-000535,ENC-0001505,8462-4,Diastolic blood pressure,109.1,mmHg,2025-09-17
OBS-00003012,PT-000535,ENC-0001505,2339-0,Glucose,288.3,mg/dL,2025-09-17
OBS-00003013,PT-000535,ENC-0001506,4548-4,Hemoglobin A1c,5.7,%,2025-10-01
OBS-00003014,PT-000535,ENC-0001506,718-7,Hemoglobin,13.1,g/dL,2025-10-01
OBS-00003015,PT-000536,ENC-0001507,2339-0,Glucose,248.5,mg/dL,2026-09-03
OBS-00003016,PT-000537,ENC-0001508,8480-6,Systolic blood pressure,115.6,mmHg,2026-06-20
OBS-00003017,PT-000537,ENC-0001508,4548-4,Hemoglobin A1c,10.8,%,2026-06-20
OBS-00003018,PT-000537,ENC-0001509,8480-6,Systolic blood pressure,180.3,mmHg,2026-04-20
OBS-00003019,PT-000538,ENC-0001510,718-7,Hemoglobin,13.3,g/dL,2026-08-07
OBS-00003020,PT-000538,ENC-0001510,8480-6,Systolic blood pressure,146.0,mmHg,2026-08-07
OBS-00003021,PT-000538,ENC-0001511,2339-0,Glucose,248.0,mg/dL,2024-10-12
OBS-00003022,PT-000538,ENC-0001511,4548-4,Hemoglobin A1c,11.1,%,2024-10-12
OBS-00003023,PT-000538,ENC-0001511,8480-6,Systolic blood pressure,177.3,mmHg,2024-10-12
OBS-00003024,PT-000539,ENC-0001512,8462-4,Diastolic blood pressure,85.6,mmHg,2025-08-12
OBS-00003025,PT-000539,ENC-0001512,2339-0,Glucose,256.5,mg/dL,2025-08-12
OBS-00003026,PT-000540,ENC-0001513,718-7,Hemoglobin,10.5,g/dL,2025-09-05
OBS-00003027,PT-000540,ENC-0001514,8480-6,Systolic blood pressure,120.1,mmHg,2024-10-02
OBS-00003028,PT-000540,ENC-0001515,2160-0,Creatinine,4.0,mg/dL,2025-03-30
OBS-00003029,PT-000540,ENC-0001515,718-7,Hemoglobin,8.6,g/dL,2025-03-30
OBS-00003030,PT-000540,ENC-0001515,718-7,Hemoglobin,9.6,g/dL,2025-03-30
OBS-00003031,PT-000541,ENC-0001516,4548-4,Hemoglobin A1c,10.0,%,2026-02-08
OBS-00003032,PT-000541,ENC-0001516,2160-0,Creatinine,4.3,mg/dL,2026-02-08
OBS-00003033,PT-000541,ENC-0001516,8480-6,Systolic blood pressure,175.2,mmHg,2026-02-08
OBS-00003034,PT-000541,ENC-0001517,718-7,Hemoglobin,14.8,g/dL,2024-12-27
OBS-00003035,PT-000541,ENC-0001518,4548-4,Hemoglobin A1c,8.0,%,2026-08-19
OBS-00003036,PT-000541,ENC-0001519,718-7,Hemoglobin,12.9,g/dL,2025-09-06
OBS-00003037,PT-000541,ENC-0001519,718-7,Hemoglobin,15.0,g/dL,2025-09-06
OBS-00003038,PT-000541,ENC-0001519,4548-4,Hemoglobin A1c,5.1,%,2025-09-06
OBS-00003039,PT-000541,ENC-0001520,8480-6,Systolic blood pressure,154.8,mmHg,2026-01-29
OBS-00003040,PT-000541,ENC-0001521,2339-0,Glucose,82.0,mg/dL,2025-04-17
OBS-00003041,PT-000541,ENC-0001521,718-7,Hemoglobin,12.3,g/dL,2025-04-17
OBS-00003042,PT-000542,ENC-0001522,2160-0,Creatinine,0.7,mg/dL,2025-08-24
OBS-00003043,PT-000542,ENC-0001522,2160-0,Creatinine,4.3,mg/dL,2025-08-24
OBS-00003044,PT-000542,ENC-0001522,2339-0,Glucose,270.9,mg/dL,2025-08-24
OBS-00003045,PT-000542,ENC-0001523,718-7,Hemoglobin,12.5,g/dL,2024-10-28
OBS-00003046,PT-000542,ENC-0001523,2160-0,Creatinine,3.3,mg/dL,2024-10-28
OBS-00003047,PT-000542,ENC-0001524,718-7,Hemoglobin,12.2,g/dL,2025-11-25
OBS-00003048,PT-000542,ENC-0001524,2160-0,Creatinine,4.1,mg/dL,2025-11-25
OBS-00003049,PT-000542,ENC-0001524,8462-4,Diastolic blood pressure,92.0,mmHg,2025-11-25
OBS-00003050,PT-000542,ENC-0001525,718-7,Hemoglobin,11.5,g/dL,2026-02-07
OBS-00003051,PT-000542,ENC-0001525,718-7,Hemoglobin,11.7,g/dL,2026-02-07
OBS-00003052,PT-000542,ENC-0001525,718-7,Hemoglobin,12.5,g/dL,2026-02-07
OBS-00003053,PT-000543,ENC-0001526,8462-4,Diastolic blood pressure,82.5,mmHg,2024-12-19
OBS-00003054,PT-000543,ENC-0001526,2160-0,Creatinine,1.7,mg/dL,2024-12-19
OBS-00003055,PT-000543,ENC-0001526,4548-4,Hemoglobin A1c,10.1,%,2024-12-19
OBS-00003056,PT-000544,ENC-0001527,2339-0,Glucose,290.2,mg/dL,2025-09-09
OBS-00003057,PT-000544,ENC-0001527,718-7,Hemoglobin,16.0,g/dL,2025-09-09
OBS-00003058,PT-000544,ENC-0001528,718-7,Hemoglobin,12.7,g/dL,2025-05-13
OBS-00003059,PT-000544,ENC-0001528,2339-0,Glucose,219.5,mg/dL,2025-05-13
OBS-00003060,PT-000544,ENC-0001529,2160-0,Creatinine,1.8,mg/dL,2025-10-05
OBS-00003061,PT-000544,ENC-0001529,8480-6,Systolic blood pressure,183.1,mmHg,2025-10-05
OBS-00003062,PT-000544,ENC-0001529,2160-0,Creatinine,0.7,mg/dL,2025-10-05
OBS-00003063,PT-000544,ENC-0001530,718-7,Hemoglobin,16.4,g/dL,2025-04-28
OBS-00003064,PT-000544,ENC-0001531,8462-4,Diastolic blood pressure,63.5,mmHg,2025-03-15
OBS-00003065,PT-000544,ENC-0001532,8480-6,Systolic blood pressure,144.7,mmHg,2026-08-04
OBS-00003066,PT-000544,ENC-0001532,4548-4,Hemoglobin A1c,6.7,%,2026-08-04
OBS-00003067,PT-000544,ENC-0001532,4548-4,Hemoglobin A1c,7.5,%,2026-08-04
OBS-00003068,PT-000545,ENC-0001533,718-7,Hemoglobin,12.4,g/dL,2026-08-17
OBS-00003069,PT-000545,ENC-0001533,718-7,Hemoglobin,11.1,g/dL,2026-08-17
OBS-00003070,PT-000545,ENC-0001533,2339-0,Glucose,257.1,mg/dL,2026-08-17
OBS-00003071,PT-000545,ENC-0001534,8462-4,Diastolic blood pressure,98.0,mmHg,2025-05-19
OBS-00003072,PT-000545,ENC-0001534,2160-0,Creatinine,4.3,mg/dL,2025-05-19
OBS-00003073,PT-000546,ENC-0001535,8462-4,Diastolic blood pressure,65.6,mmHg,2026-05-14
OBS-00003074,PT-000546,ENC-0001535,2339-0,Glucose,164.6,mg/dL,2026-05-14
OBS-00003075,PT-000547,ENC-0001536,2339-0,Glucose,149.6,mg/dL,2026-06-06
OBS-00003076,PT-000547,ENC-0001537,2339-0,Glucose,281.1,mg/dL,2026-08-20
OBS-00003077,PT-000548,ENC-0001538,8462-4,Diastolic blood pressure,71.9,mmHg,2025-08-25
OBS-00003078,PT-000548,ENC-0001539,8480-6,Systolic blood pressure,184.9,mmHg,2025-01-20
OBS-00003079,PT-000548,ENC-0001540,4548-4,Hemoglobin A1c,6.8,%,2025-09-23
OBS-00003080,PT-000548,ENC-0001540,8462-4,Diastolic blood pressure,75.6,mmHg,2025-09-23
OBS-00003081,PT-000548,ENC-0001540,8480-6,Systolic blood pressure,167.0,mmHg,2025-09-23
OBS-00003082,PT-000548,ENC-0001541,8462-4,Diastolic blood pressure,78.0,mmHg,2026-07-19
OBS-00003083,PT-000548,ENC-0001541,4548-4,Hemoglobin A1c,6.0,%,2026-07-19
OBS-00003084,PT-000548,ENC-0001541,718-7,Hemoglobin,14.9,g/dL,2026-07-19
OBS-00003085,PT-000548,ENC-0001542,8480-6,Systolic blood pressure,106.3,mmHg,2025-12-28
OBS-00003086,PT-000548,ENC-0001543,718-7,Hemoglobin,9.4,g/dL,2026-07-10
OBS-00003087,PT-000549,ENC-0001544,8480-6,Systolic blood pressure,125.3,mmHg,2025-01-20
OBS-00003088,PT-000550,ENC-0001545,8462-4,Diastolic blood pressure,96.9,mmHg,2025-01-05
OBS-00003089,PT-000550,ENC-0001545,2160-0,Creatinine,4.1,mg/dL,2025-01-05
OBS-00003090,PT-000550,ENC-0001545,8480-6,Systolic blood pressure,110.7,mmHg,2025-01-05
OBS-00003091,PT-000550,ENC-0001546,718-7,Hemoglobin,13.2,g/dL,2025-08-15
OBS-00003092,PT-000550,ENC-0001546,2160-0,Creatinine,2.5,mg/dL,2025-08-15
OBS-00003093,PT-000550,ENC-0001546,4548-4,Hemoglobin A1c,6.4,%,2025-08-15
OBS-00003094,PT-000550,ENC-0001547,4548-4,Hemoglobin A1c,11.2,%,2026-07-10
OBS-00003095,PT-000550,ENC-0001547,718-7,Hemoglobin,14.1,g/dL,2026-07-10
OBS-00003096,PT-000550,ENC-0001548,8462-4,Diastolic blood pressure,81.9,mmHg,2026-04-02
OBS-00003097,PT-000550,ENC-0001548,8462-4,Diastolic blood pressure,100.4,mmHg,2026-04-02
OBS-00003098,PT-000550,ENC-0001548,718-7,Hemoglobin,13.7,g/dL,2026-04-02
OBS-00003099,PT-000550,ENC-0001549,2339-0,Glucose,177.0,mg/dL,2026-06-14
OBS-00003100,PT-000550,ENC-0001549,2339-0,Glucose,156.4,mg/dL,2026-06-14
OBS-00003101,PT-000550,ENC-0001549,8462-4,Diastolic blood pressure,58.0,mmHg,2026-06-14
OBS-00003102,PT-000551,ENC-0001550,2339-0,Glucose,118.1,mg/dL,2026-04-30
OBS-00003103,PT-000552,ENC-0001551,718-7,Hemoglobin,9.3,g/dL,2026-06-20
OBS-00003104,PT-000552,ENC-0001551,8462-4,Diastolic blood pressure,76.4,mmHg,2026-06-20
OBS-00003105,PT-000552,ENC-0001551,718-7,Hemoglobin,14.9,g/dL,2026-06-20
OBS-00003106,PT-000552,ENC-0001552,4548-4,Hemoglobin A1c,9.7,%,2026-06-16
OBS-00003107,PT-000552,ENC-0001552,8480-6,Systolic blood pressure,183.9,mmHg,2026-06-16
OBS-00003108,PT-000552,ENC-0001552,718-7,Hemoglobin,15.4,g/dL,2026-06-16
OBS-00003109,PT-000552,ENC-0001553,8480-6,Systolic blood pressure,175.1,mmHg,2024-12-22
OBS-00003110,PT-000552,ENC-0001553,4548-4,Hemoglobin A1c,10.2,%,2024-12-22
OBS-00003111,PT-000552,ENC-0001553,718-7,Hemoglobin,14.6,g/dL,2024-12-22
OBS-00003112,PT-000552,ENC-0001554,4548-4,Hemoglobin A1c,5.1,%,2024-12-09
OBS-00003113,PT-000553,ENC-0001555,718-7,Hemoglobin,11.1,g/dL,2026-08-26
OBS-00003114,PT-000554,ENC-0001556,2160-0,Creatinine,1.3,mg/dL,2025-04-09
OBS-00003115,PT-000554,ENC-0001556,8462-4,Diastolic blood pressure,99.8,mmHg,2025-04-09
OBS-00003116,PT-000554,ENC-0001556,718-7,Hemoglobin,11.4,g/dL,2025-04-09
OBS-00003117,PT-000554,ENC-0001557,2160-0,Creatinine,1.0,mg/dL,2026-02-19
OBS-00003118,PT-000554,ENC-0001557,8480-6,Systolic blood pressure,154.6,mmHg,2026-02-19
OBS-00003119,PT-000554,ENC-0001558,718-7,Hemoglobin,10.1,g/dL,2026-08-15
OBS-00003120,PT-000554,ENC-0001559,4548-4,Hemoglobin A1c,5.8,%,2026-04-12
OBS-00003121,PT-000554,ENC-0001559,2160-0,Creatinine,2.4,mg/dL,2026-04-12
OBS-00003122,PT-000554,ENC-0001559,2160-0,Creatinine,1.7,mg/dL,2026-04-12
OBS-00003123,PT-000555,ENC-0001560,718-7,Hemoglobin,15.8,g/dL,2025-10-18
OBS-00003124,PT-000555,ENC-0001560,718-7,Hemoglobin,13.1,g/dL,2025-10-18
OBS-00003125,PT-000555,ENC-0001560,2160-0,Creatinine,2.7,mg/dL,2025-10-18
OBS-00003126,PT-000555,ENC-0001561,4548-4,Hemoglobin A1c,5.3,%,2024-12-16
OBS-00003127,PT-000556,ENC-0001562,2339-0,Glucose,156.5,mg/dL,2026-08-24
OBS-00003128,PT-000556,ENC-0001562,8462-4,Diastolic blood pressure,68.5,mmHg,2026-08-24
OBS-00003129,PT-000556,ENC-0001562,2160-0,Creatinine,1.3,mg/dL,2026-08-24
OBS-00003130,PT-000556,ENC-0001563,2339-0,Glucose,151.4,mg/dL,2025-05-02
OBS-00003131,PT-000556,ENC-0001563,2160-0,Creatinine,1.3,mg/dL,2025-05-02
OBS-00003132,PT-000556,ENC-0001563,2339-0,Glucose,245.8,mg/dL,2025-05-02
OBS-00003133,PT-000556,ENC-0001564,2160-0,Creatinine,3.1,mg/dL,2026-08-17
OBS-00003134,PT-000557,ENC-0001565,8480-6,Systolic blood pressure,168.8,mmHg,2025-08-02
OBS-00003135,PT-000557,ENC-0001565,8462-4,Diastolic blood pressure,99.2,mmHg,2025-08-02
OBS-00003136,PT-000557,ENC-0001566,8462-4,Diastolic blood pressure,68.8,mmHg,2024-12-26
OBS-00003137,PT-000557,ENC-0001566,4548-4,Hemoglobin A1c,8.1,%,2024-12-26
OBS-00003138,PT-000557,ENC-0001566,2339-0,Glucose,99.3,mg/dL,2024-12-26
OBS-00003139,PT-000557,ENC-0001567,2160-0,Creatinine,2.1,mg/dL,2025-11-11
OBS-00003140,PT-000557,ENC-0001568,718-7,Hemoglobin,12.2,g/dL,2026-01-26
OBS-00003141,PT-000557,ENC-0001568,8462-4,Diastolic blood pressure,105.1,mmHg,2026-01-26
OBS-00003142,PT-000557,ENC-0001569,4548-4,Hemoglobin A1c,11.8,%,2026-05-20
OBS-00003143,PT-000557,ENC-0001570,2160-0,Creatinine,0.9,mg/dL,2026-05-31
OBS-00003144,PT-000557,ENC-0001570,2339-0,Glucose,273.5,mg/dL,2026-05-31
OBS-00003145,PT-000557,ENC-0001570,8480-6,Systolic blood pressure,154.3,mmHg,2026-05-31
OBS-00003146,PT-000557,ENC-0001571,8480-6,Systolic blood pressure,117.8,mmHg,2025-11-10
OBS-00003147,PT-000557,ENC-0001571,4548-4,Hemoglobin A1c,10.9,%,2025-11-10
OBS-00003148,PT-000558,ENC-0001572,2339-0,Glucose,242.5,mg/dL,2026-06-09
OBS-00003149,PT-000558,ENC-0001572,4548-4,Hemoglobin A1c,6.1,%,2026-06-09
OBS-00003150,PT-000558,ENC-0001573,2339-0,Glucose,275.8,mg/dL,2026-01-06
OBS-00003151,PT-000558,ENC-0001573,718-7,Hemoglobin,12.1,g/dL,2026-01-06
OBS-00003152,PT-000558,ENC-0001573,718-7,Hemoglobin,10.3,g/dL,2026-01-06
OBS-00003153,PT-000558,ENC-0001574,718-7,Hemoglobin,8.7,g/dL,2025-07-23
OBS-00003154,PT-000558,ENC-0001574,2339-0,Glucose,243.9,mg/dL,2025-07-23
OBS-00003155,PT-000558,ENC-0001574,8462-4,Diastolic blood pressure,70.6,mmHg,2025-07-23
OBS-00003156,PT-000558,ENC-0001575,8462-4,Diastolic blood pressure,63.0,mmHg,2026-01-01
OBS-00003157,PT-000558,ENC-0001575,2339-0,Glucose,256.7,mg/dL,2026-01-01
OBS-00003158,PT-000559,ENC-0001576,2339-0,Glucose,289.1,mg/dL,2024-12-14
OBS-00003159,PT-000559,ENC-0001576,8462-4,Diastolic blood pressure,81.4,mmHg,2024-12-14
OBS-00003160,PT-000560,ENC-0001577,8462-4,Diastolic blood pressure,60.8,mmHg,2026-06-02
OBS-00003161,PT-000560,ENC-0001577,8462-4,Diastolic blood pressure,85.4,mmHg,2026-06-02
OBS-00003162,PT-000560,ENC-0001578,2160-0,Creatinine,4.5,mg/dL,2025-07-03
OBS-00003163,PT-000560,ENC-0001579,8480-6,Systolic blood pressure,166.2,mmHg,2025-10-11
OBS-00003164,PT-000560,ENC-0001579,718-7,Hemoglobin,14.8,g/dL,2025-10-11
OBS-00003165,PT-000560,ENC-0001580,4548-4,Hemoglobin A1c,5.4,%,2026-04-22
OBS-00003166,PT-000560,ENC-0001580,4548-4,Hemoglobin A1c,5.1,%,2026-04-22
OBS-00003167,PT-000560,ENC-0001581,8480-6,Systolic blood pressure,135.8,mmHg,2025-10-24
OBS-00003168,PT-000560,ENC-0001581,2160-0,Creatinine,4.4,mg/dL,2025-10-24
OBS-00003169,PT-000560,ENC-0001582,8480-6,Systolic blood pressure,134.6,mmHg,2025-04-11
OBS-00003170,PT-000560,ENC-0001582,8480-6,Systolic blood pressure,125.4,mmHg,2025-04-11
OBS-00003171,PT-000560,ENC-0001582,8480-6,Systolic blood pressure,138.8,mmHg,2025-04-11
OBS-00003172,PT-000561,ENC-0001583,2160-0,Creatinine,3.3,mg/dL,2026-02-10
OBS-00003173,PT-000561,ENC-0001584,8462-4,Diastolic blood pressure,64.7,mmHg,2026-06-07
OBS-00003174,PT-000561,ENC-0001584,718-7,Hemoglobin,14.2,g/dL,2026-06-07
OBS-00003175,PT-000561,ENC-0001584,2339-0,Glucose,277.5,mg/dL,2026-06-07
OBS-00003176,PT-000561,ENC-0001585,2160-0,Creatinine,2.2,mg/dL,2026-03-06
OBS-00003177,PT-000561,ENC-0001585,2339-0,Glucose,290.6,mg/dL,2026-03-06
OBS-00003178,PT-000561,ENC-0001585,4548-4,Hemoglobin A1c,6.7,%,2026-03-06
OBS-00003179,PT-000561,ENC-0001586,8480-6,Systolic blood pressure,154.9,mmHg,2025-03-11
OBS-00003180,PT-000561,ENC-0001587,2339-0,Glucose,82.0,mg/dL,2025-01-24
OBS-00003181,PT-000561,ENC-0001587,718-7,Hemoglobin,11.1,g/dL,2025-01-24
OBS-00003182,PT-000561,ENC-0001588,718-7,Hemoglobin,11.3,g/dL,2026-04-28
OBS-00003183,PT-000562,ENC-0001589,2339-0,Glucose,121.0,mg/dL,2026-09-05
OBS-00003184,PT-000562,ENC-0001589,8480-6,Systolic blood pressure,123.8,mmHg,2026-09-05
OBS-00003185,PT-000562,ENC-0001589,718-7,Hemoglobin,13.5,g/dL,2026-09-05
OBS-00003186,PT-000562,ENC-0001590,2160-0,Creatinine,0.8,mg/dL,2026-04-17
OBS-00003187,PT-000562,ENC-0001590,8462-4,Diastolic blood pressure,71.0,mmHg,2026-04-17
OBS-00003188,PT-000562,ENC-0001590,2160-0,Creatinine,3.8,mg/dL,2026-04-17
OBS-00003189,PT-000562,ENC-0001591,718-7,Hemoglobin,16.5,g/dL,2025-02-12
OBS-00003190,PT-000562,ENC-0001591,8480-6,Systolic blood pressure,102.3,mmHg,2025-02-12
OBS-00003191,PT-000562,ENC-0001591,2160-0,Creatinine,1.0,mg/dL,2025-02-12
OBS-00003192,PT-000562,ENC-0001592,4548-4,Hemoglobin A1c,8.2,%,2025-07-09
OBS-00003193,PT-000562,ENC-0001592,8462-4,Diastolic blood pressure,97.1,mmHg,2025-07-09
OBS-00003194,PT-000562,ENC-0001592,4548-4,Hemoglobin A1c,7.7,%,2025-07-09
OBS-00003195,PT-000563,ENC-0001593,2160-0,Creatinine,4.0,mg/dL,2026-05-18
OBS-00003196,PT-000564,ENC-0001594,8462-4,Diastolic blood pressure,69.9,mmHg,2026-03-19
OBS-00003197,PT-000565,ENC-0001595,2160-0,Creatinine,1.2,mg/dL,2025-01-05
OBS-00003198,PT-000566,ENC-0001596,8480-6,Systolic blood pressure,162.6,mmHg,2025-10-04
OBS-00003199,PT-000566,ENC-0001596,8480-6,Systolic blood pressure,136.4,mmHg,2025-10-04
OBS-00003200,PT-000566,ENC-0001596,8462-4,Diastolic blood pressure,89.5,mmHg,2025-10-04
OBS-00003201,PT-000566,ENC-0001597,8480-6,Systolic blood pressure,131.0,mmHg,2025-12-17
OBS-00003202,PT-000566,ENC-0001597,718-7,Hemoglobin,13.3,g/dL,2025-12-17
OBS-00003203,PT-000567,ENC-0001598,4548-4,Hemoglobin A1c,11.3,%,2025-09-22
OBS-00003204,PT-000567,ENC-0001598,8462-4,Diastolic blood pressure,107.9,mmHg,2025-09-22
OBS-00003205,PT-000567,ENC-0001598,8480-6,Systolic blood pressure,170.4,mmHg,2025-09-22
OBS-00003206,PT-000567,ENC-0001599,2339-0,Glucose,216.5,mg/dL,2026-05-20
OBS-00003207,PT-000567,ENC-0001599,8462-4,Diastolic blood pressure,80.1,mmHg,2026-05-20
OBS-00003208,PT-000567,ENC-0001599,8480-6,Systolic blood pressure,117.8,mmHg,2026-05-20
OBS-00003209,PT-000567,ENC-0001600,8480-6,Systolic blood pressure,153.0,mmHg,2024-09-24
OBS-00003210,PT-000567,ENC-0001600,8480-6,Systolic blood pressure,118.7,mmHg,2024-09-24
OBS-00003211,PT-000567,ENC-0001601,2160-0,Creatinine,4.0,mg/dL,2024-09-19
OBS-00003212,PT-000567,ENC-0001601,8462-4,Diastolic blood pressure,108.9,mmHg,2024-09-19
OBS-00003213,PT-000568,ENC-0001602,4548-4,Hemoglobin A1c,8.9,%,2025-01-02
OBS-00003214,PT-000568,ENC-0001602,8462-4,Diastolic blood pressure,76.9,mmHg,2025-01-02
OBS-00003215,PT-000568,ENC-0001603,4548-4,Hemoglobin A1c,5.5,%,2026-07-19
OBS-00003216,PT-000568,ENC-0001603,4548-4,Hemoglobin A1c,11.4,%,2026-07-19
OBS-00003217,PT-000568,ENC-0001603,4548-4,Hemoglobin A1c,9.8,%,2026-07-19
OBS-00003218,PT-000568,ENC-0001604,4548-4,Hemoglobin A1c,11.9,%,2026-07-18
OBS-00003219,PT-000568,ENC-0001604,2339-0,Glucose,287.9,mg/dL,2026-07-18
OBS-00003220,PT-000568,ENC-0001605,4548-4,Hemoglobin A1c,6.1,%,2026-05-28
OBS-00003221,PT-000568,ENC-0001605,2160-0,Creatinine,2.6,mg/dL,2026-05-28
OBS-00003222,PT-000568,ENC-0001605,2339-0,Glucose,103.4,mg/dL,2026-05-28
OBS-00003223,PT-000569,ENC-0001606,718-7,Hemoglobin,8.7,g/dL,2024-10-03
OBS-00003224,PT-000569,ENC-0001607,4548-4,Hemoglobin A1c,8.6,%,2024-12-19
OBS-00003225,PT-000569,ENC-0001607,4548-4,Hemoglobin A1c,12.3,%,2024-12-19
OBS-00003226,PT-000569,ENC-0001608,8480-6,Systolic blood pressure,170.4,mmHg,2026-05-28
OBS-00003227,PT-000569,ENC-0001608,8462-4,Diastolic blood pressure,78.9,mmHg,2026-05-28
OBS-00003228,PT-000569,ENC-0001608,4548-4,Hemoglobin A1c,12.2,%,2026-05-28
OBS-00003229,PT-000569,ENC-0001609,2339-0,Glucose,116.3,mg/dL,2025-01-03
OBS-00003230,PT-000569,ENC-0001609,2339-0,Glucose,256.4,mg/dL,2025-01-03
OBS-00003231,PT-000570,ENC-0001610,2339-0,Glucose,234.4,mg/dL,2026-02-02
OBS-00003232,PT-000570,ENC-0001610,718-7,Hemoglobin,14.5,g/dL,2026-02-02
OBS-00003233,PT-000570,ENC-0001610,2339-0,Glucose,204.5,mg/dL,2026-02-02
OBS-00003234,PT-000570,ENC-0001611,718-7,Hemoglobin,10.2,g/dL,2026-05-30
OBS-00003235,PT-000570,ENC-0001611,718-7,Hemoglobin,14.1,g/dL,2026-05-30
OBS-00003236,PT-000570,ENC-0001611,8480-6,Systolic blood pressure,163.4,mmHg,2026-05-30
OBS-00003237,PT-000571,ENC-0001612,2160-0,Creatinine,3.2,mg/dL,2026-07-19
OBS-00003238,PT-000571,ENC-0001612,718-7,Hemoglobin,11.1,g/dL,2026-07-19
OBS-00003239,PT-000572,ENC-0001613,2339-0,Glucose,195.0,mg/dL,2025-01-19
OBS-00003240,PT-000572,ENC-0001613,8480-6,Systolic blood pressure,114.0,mmHg,2025-01-19
OBS-00003241,PT-000572,ENC-0001614,4548-4,Hemoglobin A1c,9.6,%,2026-02-26
OBS-00003242,PT-000572,ENC-0001614,8462-4,Diastolic blood pressure,96.4,mmHg,2026-02-26
OBS-00003243,PT-000572,ENC-0001614,718-7,Hemoglobin,12.5,g/dL,2026-02-26
OBS-00003244,PT-000572,ENC-0001615,718-7,Hemoglobin,8.2,g/dL,2025-11-04
OBS-00003245,PT-000572,ENC-0001616,8462-4,Diastolic blood pressure,83.6,mmHg,2026-06-05
OBS-00003246,PT-000572,ENC-0001616,8462-4,Diastolic blood pressure,92.3,mmHg,2026-06-05
OBS-00003247,PT-000572,ENC-0001616,718-7,Hemoglobin,17.0,g/dL,2026-06-05
OBS-00003248,PT-000572,ENC-0001617,718-7,Hemoglobin,13.5,g/dL,2026-03-13
OBS-00003249,PT-000572,ENC-0001617,2339-0,Glucose,319.7,mg/dL,2026-03-13
OBS-00003250,PT-000572,ENC-0001617,8462-4,Diastolic blood pressure,107.5,mmHg,2026-03-13
OBS-00003251,PT-000573,ENC-0001618,8462-4,Diastolic blood pressure,107.0,mmHg,2025-10-10
OBS-00003252,PT-000573,ENC-0001618,4548-4,Hemoglobin A1c,5.1,%,2025-10-10
OBS-00003253,PT-000573,ENC-0001618,8480-6,Systolic blood pressure,142.5,mmHg,2025-10-10
OBS-00003254,PT-000574,ENC-0001619,4548-4,Hemoglobin A1c,11.0,%,2025-02-23
OBS-00003255,PT-000574,ENC-0001619,718-7,Hemoglobin,13.5,g/dL,2025-02-23
OBS-00003256,PT-000574,ENC-0001619,2339-0,Glucose,186.0,mg/dL,2025-02-23
OBS-00003257,PT-000575,ENC-0001620,2160-0,Creatinine,3.8,mg/dL,2026-08-23
OBS-00003258,PT-000575,ENC-0001620,4548-4,Hemoglobin A1c,4.9,%,2026-08-23
OBS-00003259,PT-000575,ENC-0001621,2160-0,Creatinine,1.9,mg/dL,2026-05-30
OBS-00003260,PT-000575,ENC-0001621,718-7,Hemoglobin,9.3,g/dL,2026-05-30
OBS-00003261,PT-000576,ENC-0001622,4548-4,Hemoglobin A1c,4.9,%,2024-11-27
OBS-00003262,PT-000576,ENC-0001622,2339-0,Glucose,308.4,mg/dL,2024-11-27
OBS-00003263,PT-000576,ENC-0001622,718-7,Hemoglobin,16.4,g/dL,2024-11-27
OBS-00003264,PT-000577,ENC-0001623,2160-0,Creatinine,2.1,mg/dL,2026-01-18
OBS-00003265,PT-000577,ENC-0001624,2160-0,Creatinine,1.2,mg/dL,2024-12-12
OBS-00003266,PT-000577,ENC-0001625,8480-6,Systolic blood pressure,156.8,mmHg,2025-05-19
OBS-00003267,PT-000577,ENC-0001626,2160-0,Creatinine,3.1,mg/dL,2025-03-16
OBS-00003268,PT-000577,ENC-0001626,8462-4,Diastolic blood pressure,93.0,mmHg,2025-03-16
OBS-00003269,PT-000577,ENC-0001627,4548-4,Hemoglobin A1c,11.2,%,2026-05-07
OBS-00003270,PT-000577,ENC-0001627,718-7,Hemoglobin,11.4,g/dL,2026-05-07
OBS-00003271,PT-000578,ENC-0001628,2339-0,Glucose,303.9,mg/dL,2025-12-30
OBS-00003272,PT-000579,ENC-0001629,8462-4,Diastolic blood pressure,85.5,mmHg,2025-03-17
OBS-00003273,PT-000579,ENC-0001629,2160-0,Creatinine,3.4,mg/dL,2025-03-17
OBS-00003274,PT-000579,ENC-0001629,718-7,Hemoglobin,10.1,g/dL,2025-03-17
OBS-00003275,PT-000579,ENC-0001630,8462-4,Diastolic blood pressure,95.4,mmHg,2026-07-23
OBS-00003276,PT-000579,ENC-0001630,8480-6,Systolic blood pressure,143.7,mmHg,2026-07-23
OBS-00003277,PT-000579,ENC-0001630,8480-6,Systolic blood pressure,135.9,mmHg,2026-07-23
OBS-00003278,PT-000579,ENC-0001631,2339-0,Glucose,100.6,mg/dL,2026-04-11
OBS-00003279,PT-000579,ENC-0001631,4548-4,Hemoglobin A1c,10.0,%,2026-04-11
OBS-00003280,PT-000579,ENC-0001632,2160-0,Creatinine,3.2,mg/dL,2025-02-08
OBS-00003281,PT-000579,ENC-0001632,718-7,Hemoglobin,10.0,g/dL,2025-02-08
OBS-00003282,PT-000579,ENC-0001632,2339-0,Glucose,116.2,mg/dL,2025-02-08
OBS-00003283,PT-000580,ENC-0001633,2339-0,Glucose,196.0,mg/dL,2025-05-03
OBS-00003284,PT-000580,ENC-0001634,8462-4,Diastolic blood pressure,86.4,mmHg,2025-04-24
OBS-00003285,PT-000580,ENC-0001635,4548-4,Hemoglobin A1c,6.0,%,2025-10-17
OBS-00003286,PT-000580,ENC-0001636,718-7,Hemoglobin,11.9,g/dL,2025-10-31
OBS-00003287,PT-000580,ENC-0001637,8480-6,Systolic blood pressure,167.3,mmHg,2025-01-18
OBS-00003288,PT-000580,ENC-0001638,718-7,Hemoglobin,13.9,g/dL,2025-12-11
OBS-00003289,PT-000580,ENC-0001638,718-7,Hemoglobin,13.7,g/dL,2025-12-11
OBS-00003290,PT-000580,ENC-0001638,2160-0,Creatinine,1.2,mg/dL,2025-12-11
OBS-00003291,PT-000580,ENC-0001639,4548-4,Hemoglobin A1c,4.8,%,2025-07-18
OBS-00003292,PT-000580,ENC-0001639,2160-0,Creatinine,2.5,mg/dL,2025-07-18
OBS-00003293,PT-000581,ENC-0001640,2339-0,Glucose,133.5,mg/dL,2026-07-11
OBS-00003294,PT-000581,ENC-0001640,4548-4,Hemoglobin A1c,8.7,%,2026-07-11
OBS-00003295,PT-000581,ENC-0001640,2160-0,Creatinine,3.1,mg/dL,2026-07-11
OBS-00003296,PT-000581,ENC-0001641,718-7,Hemoglobin,13.0,g/dL,2025-02-05
OBS-00003297,PT-000581,ENC-0001641,2160-0,Creatinine,3.5,mg/dL,2025-02-05
OBS-00003298,PT-000582,ENC-0001642,718-7,Hemoglobin,10.8,g/dL,2026-08-06
OBS-00003299,PT-000582,ENC-0001643,4548-4,Hemoglobin A1c,6.6,%,2025-11-05
OBS-00003300,PT-000582,ENC-0001644,2160-0,Creatinine,3.0,mg/dL,2026-05-14
OBS-00003301,PT-000582,ENC-0001644,718-7,Hemoglobin,10.2,g/dL,2026-05-14
OBS-00003302,PT-000583,ENC-0001645,4548-4,Hemoglobin A1c,5.2,%,2025-01-14
OBS-00003303,PT-000583,ENC-0001645,2339-0,Glucose,131.1,mg/dL,2025-01-14
OBS-00003304,PT-000583,ENC-0001645,8462-4,Diastolic blood pressure,95.5,mmHg,2025-01-14
OBS-00003305,PT-000583,ENC-0001646,8480-6,Systolic blood pressure,152.0,mmHg,2025-09-13
OBS-00003306,PT-000583,ENC-0001647,2160-0,Creatinine,2.2,mg/dL,2025-10-13
OBS-00003307,PT-000583,ENC-0001647,2160-0,Creatinine,1.8,mg/dL,2025-10-13
OBS-00003308,PT-000583,ENC-0001647,4548-4,Hemoglobin A1c,6.9,%,2025-10-13
OBS-00003309,PT-000584,ENC-0001648,4548-4,Hemoglobin A1c,9.5,%,2025-04-04
OBS-00003310,PT-000584,ENC-0001648,718-7,Hemoglobin,15.2,g/dL,2025-04-04
OBS-00003311,PT-000584,ENC-0001648,8462-4,Diastolic blood pressure,78.5,mmHg,2025-04-04
OBS-00003312,PT-000584,ENC-0001649,4548-4,Hemoglobin A1c,11.5,%,2026-05-15
OBS-00003313,PT-000585,ENC-0001650,2339-0,Glucose,89.7,mg/dL,2025-08-19
OBS-00003314,PT-000585,ENC-0001651,4548-4,Hemoglobin A1c,5.8,%,2025-02-24
OBS-00003315,PT-000585,ENC-0001651,8462-4,Diastolic blood pressure,101.6,mmHg,2025-02-24
OBS-00003316,PT-000585,ENC-0001651,2160-0,Creatinine,3.9,mg/dL,2025-02-24
OBS-00003317,PT-000586,ENC-0001652,2160-0,Creatinine,4.2,mg/dL,2025-06-16
OBS-00003318,PT-000586,ENC-0001652,2339-0,Glucose,178.4,mg/dL,2025-06-16
OBS-00003319,PT-000586,ENC-0001653,2160-0,Creatinine,1.1,mg/dL,2025-07-25
OBS-00003320,PT-000586,ENC-0001654,8480-6,Systolic blood pressure,151.6,mmHg,2024-12-18
OBS-00003321,PT-000586,ENC-0001654,2160-0,Creatinine,2.7,mg/dL,2024-12-18
OBS-00003322,PT-000586,ENC-0001654,718-7,Hemoglobin,8.5,g/dL,2024-12-18
OBS-00003323,PT-000587,ENC-0001655,718-7,Hemoglobin,12.3,g/dL,2024-11-28
OBS-00003324,PT-000587,ENC-0001656,2339-0,Glucose,116.1,mg/dL,2026-07-02
OBS-00003325,PT-000587,ENC-0001656,8462-4,Diastolic blood pressure,72.5,mmHg,2026-07-02
OBS-00003326,PT-000587,ENC-0001657,8462-4,Diastolic blood pressure,57.6,mmHg,2025-12-30
OBS-00003327,PT-000587,ENC-0001657,8462-4,Diastolic blood pressure,56.2,mmHg,2025-12-30
OBS-00003328,PT-000588,ENC-0001658,718-7,Hemoglobin,9.6,g/dL,2026-03-03
OBS-00003329,PT-000588,ENC-0001658,2339-0,Glucose,288.6,mg/dL,2026-03-03
OBS-00003330,PT-000588,ENC-0001658,718-7,Hemoglobin,10.8,g/dL,2026-03-03
OBS-00003331,PT-000588,ENC-0001659,2339-0,Glucose,217.5,mg/dL,2025-08-14
OBS-00003332,PT-000588,ENC-0001660,2160-0,Creatinine,1.3,mg/dL,2026-08-29
OBS-00003333,PT-000588,ENC-0001660,2160-0,Creatinine,2.7,mg/dL,2026-08-29
OBS-00003334,PT-000588,ENC-0001660,2339-0,Glucose,292.0,mg/dL,2026-08-29
OBS-00003335,PT-000588,ENC-0001661,2160-0,Creatinine,4.0,mg/dL,2026-06-25
OBS-00003336,PT-000588,ENC-0001662,718-7,Hemoglobin,16.7,g/dL,2026-02-20
OBS-00003337,PT-000588,ENC-0001662,2339-0,Glucose,173.5,mg/dL,2026-02-20
OBS-00003338,PT-000588,ENC-0001662,8462-4,Diastolic blood pressure,89.7,mmHg,2026-02-20
OBS-00003339,PT-000589,ENC-0001663,8462-4,Diastolic blood pressure,69.4,mmHg,2026-04-14
OBS-00003340,PT-000589,ENC-0001663,718-7,Hemoglobin,13.4,g/dL,2026-04-14
OBS-00003341,PT-000589,ENC-0001663,8480-6,Systolic blood pressure,148.4,mmHg,2026-04-14
OBS-00003342,PT-000589,ENC-0001664,4548-4,Hemoglobin A1c,10.7,%,2025-11-01
OBS-00003343,PT-000589,ENC-0001664,2160-0,Creatinine,2.9,mg/dL,2025-11-01
OBS-00003344,PT-000589,ENC-0001664,2160-0,Creatinine,0.8,mg/dL,2025-11-01
OBS-00003345,PT-000589,ENC-0001665,4548-4,Hemoglobin A1c,11.5,%,2026-08-09
OBS-00003346,PT-000589,ENC-0001665,4548-4,Hemoglobin A1c,6.8,%,2026-08-09
OBS-00003347,PT-000589,ENC-0001665,4548-4,Hemoglobin A1c,10.0,%,2026-08-09
OBS-00003348,PT-000589,ENC-0001666,2339-0,Glucose,121.4,mg/dL,2025-10-18
OBS-00003349,PT-000589,ENC-0001666,8480-6,Systolic blood pressure,103.8,mmHg,2025-10-18
OBS-00003350,PT-000590,ENC-0001667,8480-6,Systolic blood pressure,109.7,mmHg,2026-09-08
OBS-00003351,PT-000590,ENC-0001667,8462-4,Diastolic blood pressure,58.2,mmHg,2026-09-08
OBS-00003352,PT-000590,ENC-0001667,718-7,Hemoglobin,15.7,g/dL,2026-09-08
OBS-00003353,PT-000591,ENC-0001668,8462-4,Diastolic blood pressure,101.4,mmHg,2026-07-21
OBS-00003354,PT-000591,ENC-0001668,4548-4,Hemoglobin A1c,5.0,%,2026-07-21
OBS-00003355,PT-000591,ENC-0001669,718-7,Hemoglobin,8.3,g/dL,2024-12-07
OBS-00003356,PT-000591,ENC-0001669,4548-4,Hemoglobin A1c,5.2,%,2024-12-07
OBS-00003357,PT-000591,ENC-0001670,4548-4,Hemoglobin A1c,5.4,%,2026-06-07
OBS-00003358,PT-000591,ENC-0001671,4548-4,Hemoglobin A1c,10.7,%,2024-09-21
OBS-00003359,PT-000591,ENC-0001671,718-7,Hemoglobin,9.2,g/dL,2024-09-21
OBS-00003360,PT-000591,ENC-0001672,2160-0,Creatinine,2.0,mg/dL,2026-08-04
OBS-00003361,PT-000591,ENC-0001672,718-7,Hemoglobin,12.3,g/dL,2026-08-04
OBS-00003362,PT-000591,ENC-0001673,4548-4,Hemoglobin A1c,11.3,%,2026-02-04
OBS-00003363,PT-000591,ENC-0001673,2339-0,Glucose,115.8,mg/dL,2026-02-04
OBS-00003364,PT-000592,ENC-0001674,4548-4,Hemoglobin A1c,11.9,%,2025-02-24
OBS-00003365,PT-000592,ENC-0001675,2160-0,Creatinine,4.0,mg/dL,2025-12-16
OBS-00003366,PT-000593,ENC-0001676,8480-6,Systolic blood pressure,136.5,mmHg,2025-05-14
OBS-00003367,PT-000593,ENC-0001677,4548-4,Hemoglobin A1c,8.7,%,2024-11-03
OBS-00003368,PT-000593,ENC-0001677,2160-0,Creatinine,1.7,mg/dL,2024-11-03
OBS-00003369,PT-000593,ENC-0001678,8480-6,Systolic blood pressure,112.0,mmHg,2025-10-12
OBS-00003370,PT-000593,ENC-0001678,2339-0,Glucose,134.4,mg/dL,2025-10-12
OBS-00003371,PT-000593,ENC-0001678,2339-0,Glucose,210.7,mg/dL,2025-10-12
OBS-00003372,PT-000593,ENC-0001679,718-7,Hemoglobin,16.4,g/dL,2026-03-30
OBS-00003373,PT-000593,ENC-0001679,8462-4,Diastolic blood pressure,97.4,mmHg,2026-03-30
OBS-00003374,PT-000594,ENC-0001680,2160-0,Creatinine,2.8,mg/dL,2026-09-19
OBS-00003375,PT-000594,ENC-0001681,718-7,Hemoglobin,8.6,g/dL,2026-08-27
OBS-00003376,PT-000595,ENC-0001682,2160-0,Creatinine,2.3,mg/dL,2025-09-19
OBS-00003377,PT-000595,ENC-0001682,2339-0,Glucose,211.7,mg/dL,2025-09-19
OBS-00003378,PT-000596,ENC-0001683,2160-0,Creatinine,1.1,mg/dL,2025-01-15
OBS-00003379,PT-000596,ENC-0001684,718-7,Hemoglobin,16.6,g/dL,2025-11-26
OBS-00003380,PT-000597,ENC-0001685,4548-4,Hemoglobin A1c,12.2,%,2025-05-17
OBS-00003381,PT-000597,ENC-0001686,2160-0,Creatinine,3.2,mg/dL,2025-07-11
OBS-00003382,PT-000597,ENC-0001686,718-7,Hemoglobin,11.0,g/dL,2025-07-11
OBS-00003383,PT-000597,ENC-0001687,2160-0,Creatinine,3.1,mg/dL,2026-03-28
OBS-00003384,PT-000597,ENC-0001687,2339-0,Glucose,148.7,mg/dL,2026-03-28
OBS-00003385,PT-000597,ENC-0001687,718-7,Hemoglobin,11.1,g/dL,2026-03-28
OBS-00003386,PT-000597,ENC-0001688,4548-4,Hemoglobin A1c,11.1,%,2026-08-12
OBS-00003387,PT-000597,ENC-0001688,4548-4,Hemoglobin A1c,9.5,%,2026-08-12
OBS-00003388,PT-000597,ENC-0001688,8462-4,Diastolic blood pressure,72.0,mmHg,2026-08-12
OBS-00003389,PT-000598,ENC-0001689,718-7,Hemoglobin,15.2,g/dL,2026-03-06
OBS-00003390,PT-000599,ENC-0001690,2160-0,Creatinine,2.3,mg/dL,2025-08-21
OBS-00003391,PT-000599,ENC-0001690,4548-4,Hemoglobin A1c,9.3,%,2025-08-21
OBS-00003392,PT-000599,ENC-0001690,2339-0,Glucose,197.7,mg/dL,2025-08-21
OBS-00003393,PT-000599,ENC-0001691,2339-0,Glucose,284.1,mg/dL,2025-03-08
OBS-00003394,PT-000599,ENC-0001692,8480-6,Systolic blood pressure,160.0,mmHg,2026-02-21
OBS-00003395,PT-000599,ENC-0001692,4548-4,Hemoglobin A1c,5.8,%,2026-02-21
OBS-00003396,PT-000600,ENC-0001693,8480-6,Systolic blood pressure,184.7,mmHg,2025-11-16
OBS-00003397,PT-000600,ENC-0001694,2339-0,Glucose,208.4,mg/dL,2024-10-16
OBS-00003398,PT-000600,ENC-0001694,8462-4,Diastolic blood pressure,79.6,mmHg,2024-10-16
OBS-00003399,PT-000600,ENC-0001694,718-7,Hemoglobin,13.7,g/dL,2024-10-16
OBS-00003400,PT-000600,ENC-0001695,718-7,Hemoglobin,16.0,g/dL,2026-02-15
OBS-00003401,PT-000600,ENC-0001695,2339-0,Glucose,157.7,mg/dL,2026-02-15
OBS-00003402,PT-000600,ENC-0001695,2160-0,Creatinine,4.2,mg/dL,2026-02-15
OBS-00003403,PT-000600,ENC-0001696,2160-0,Creatinine,2.7,mg/dL,2026-01-13
OBS-00003404,PT-000600,ENC-0001697,8480-6,Systolic blood pressure,140.4,mmHg,2024-09-30
OBS-00003405,PT-000600,ENC-0001697,8462-4,Diastolic blood pressure,105.2,mmHg,2024-09-30
OBS-00003406,PT-000601,ENC-0001698,2160-0,Creatinine,2.5,mg/dL,2026-03-04
OBS-00003407,PT-000601,ENC-0001698,8480-6,Systolic blood pressure,135.5,mmHg,2026-03-04
OBS-00003408,PT-000601,ENC-0001699,718-7,Hemoglobin,8.9,g/dL,2026-09-09
OBS-00003409,PT-000601,ENC-0001699,2339-0,Glucose,285.3,mg/dL,2026-09-09
OBS-00003410,PT-000601,ENC-0001700,8462-4,Diastolic blood pressure,80.4,mmHg,2025-08-15
OBS-00003411,PT-000601,ENC-0001700,8462-4,Diastolic blood pressure,86.8,mmHg,2025-08-15
OBS-00003412,PT-000601,ENC-0001700,2339-0,Glucose,312.8,mg/dL,2025-08-15
OBS-00003413,PT-000601,ENC-0001701,4548-4,Hemoglobin A1c,8.0,%,2025-10-16
OBS-00003414,PT-000601,ENC-0001702,8462-4,Diastolic blood pressure,83.0,mmHg,2026-06-23
OBS-00003415,PT-000601,ENC-0001702,718-7,Hemoglobin,8.7,g/dL,2026-06-23
OBS-00003416,PT-000602,ENC-0001703,8480-6,Systolic blood pressure,118.1,mmHg,2025-10-09
OBS-00003417,PT-000602,ENC-0001703,2339-0,Glucose,276.3,mg/dL,2025-10-09
OBS-00003418,PT-000602,ENC-0001704,718-7,Hemoglobin,15.4,g/dL,2026-02-18
OBS-00003419,PT-000602,ENC-0001704,8462-4,Diastolic blood pressure,99.2,mmHg,2026-02-18
OBS-00003420,PT-000602,ENC-0001704,8462-4,Diastolic blood pressure,76.2,mmHg,2026-02-18
OBS-00003421,PT-000602,ENC-0001705,4548-4,Hemoglobin A1c,8.2,%,2025-05-14
OBS-00003422,PT-000602,ENC-0001706,4548-4,Hemoglobin A1c,10.2,%,2026-08-31
OBS-00003423,PT-000602,ENC-0001707,2339-0,Glucose,90.6,mg/dL,2026-05-23
OBS-00003424,PT-000602,ENC-0001707,2160-0,Creatinine,2.4,mg/dL,2026-05-23
OBS-00003425,PT-000603,ENC-0001708,4548-4,Hemoglobin A1c,8.0,%,2026-01-20
OBS-00003426,PT-000603,ENC-0001708,718-7,Hemoglobin,9.3,g/dL,2026-01-20
OBS-00003427,PT-000604,ENC-0001709,2160-0,Creatinine,3.0,mg/dL,2026-09-17
OBS-00003428,PT-000604,ENC-0001709,2160-0,Creatinine,3.7,mg/dL,2026-09-17
OBS-00003429,PT-000604,ENC-0001709,8480-6,Systolic blood pressure,131.8,mmHg,2026-09-17
OBS-00003430,PT-000604,ENC-0001710,2160-0,Creatinine,4.2,mg/dL,2026-08-05
OBS-00003431,PT-000604,ENC-0001710,4548-4,Hemoglobin A1c,6.7,%,2026-08-05
OBS-00003432,PT-000604,ENC-0001710,2160-0,Creatinine,0.8,mg/dL,2026-08-05
OBS-00003433,PT-000605,ENC-0001711,2160-0,Creatinine,3.0,mg/dL,2025-04-23
OBS-00003434,PT-000605,ENC-0001711,4548-4,Hemoglobin A1c,11.3,%,2025-04-23
OBS-00003435,PT-000606,ENC-0001712,8480-6,Systolic blood pressure,112.6,mmHg,2026-04-22
OBS-00003436,PT-000606,ENC-0001712,4548-4,Hemoglobin A1c,8.6,%,2026-04-22
OBS-00003437,PT-000606,ENC-0001712,8462-4,Diastolic blood pressure,106.4,mmHg,2026-04-22
OBS-00003438,PT-000606,ENC-0001713,718-7,Hemoglobin,11.0,g/dL,2025-05-08
OBS-00003439,PT-000607,ENC-0001714,718-7,Hemoglobin,9.9,g/dL,2024-12-17
OBS-00003440,PT-000607,ENC-0001714,2160-0,Creatinine,2.8,mg/dL,2024-12-17
OBS-00003441,PT-000607,ENC-0001715,2160-0,Creatinine,4.3,mg/dL,2026-01-06
OBS-00003442,PT-000607,ENC-0001716,8462-4,Diastolic blood pressure,55.4,mmHg,2026-01-05
OBS-00003443,PT-000608,ENC-0001717,8480-6,Systolic blood pressure,112.1,mmHg,2026-09-18
OBS-00003444,PT-000608,ENC-0001717,8480-6,Systolic blood pressure,181.6,mmHg,2026-09-18
OBS-00003445,PT-000608,ENC-0001717,2160-0,Creatinine,1.9,mg/dL,2026-09-18
OBS-00003446,PT-000608,ENC-0001718,718-7,Hemoglobin,15.4,g/dL,2026-03-05
OBS-00003447,PT-000608,ENC-0001719,718-7,Hemoglobin,11.2,g/dL,2025-04-12
OBS-00003448,PT-000608,ENC-0001719,4548-4,Hemoglobin A1c,9.7,%,2025-04-12
OBS-00003449,PT-000608,ENC-0001719,8480-6,Systolic blood pressure,163.0,mmHg,2025-04-12
OBS-00003450,PT-000609,ENC-0001720,4548-4,Hemoglobin A1c,7.6,%,2026-08-12
OBS-00003451,PT-000609,ENC-0001720,2339-0,Glucose,262.6,mg/dL,2026-08-12
OBS-00003452,PT-000609,ENC-0001721,8480-6,Systolic blood pressure,151.0,mmHg,2025-12-29
OBS-00003453,PT-000609,ENC-0001721,2339-0,Glucose,272.6,mg/dL,2025-12-29
OBS-00003454,PT-000609,ENC-0001721,718-7,Hemoglobin,11.8,g/dL,2025-12-29
OBS-00003455,PT-000610,ENC-0001722,2160-0,Creatinine,2.9,mg/dL,2026-03-29
OBS-00003456,PT-000610,ENC-0001723,4548-4,Hemoglobin A1c,11.4,%,2026-01-01
OBS-00003457,PT-000610,ENC-0001723,8480-6,Systolic blood pressure,95.7,mmHg,2026-01-01
OBS-00003458,PT-000610,ENC-0001723,2339-0,Glucose,207.4,mg/dL,2026-01-01
OBS-00003459,PT-000610,ENC-0001724,8480-6,Systolic blood pressure,137.4,mmHg,2025-03-26
OBS-00003460,PT-000610,ENC-0001724,8480-6,Systolic blood pressure,112.5,mmHg,2025-03-26
OBS-00003461,PT-000610,ENC-0001725,2160-0,Creatinine,2.2,mg/dL,2026-02-04
OBS-00003462,PT-000610,ENC-0001725,2339-0,Glucose,179.0,mg/dL,2026-02-04
OBS-00003463,PT-000610,ENC-0001725,2339-0,Glucose,259.7,mg/dL,2026-02-04
OBS-00003464,PT-000610,ENC-0001726,8462-4,Diastolic blood pressure,79.9,mmHg,2025-11-11
OBS-00003465,PT-000610,ENC-0001727,8480-6,Systolic blood pressure,159.5,mmHg,2025-03-22
OBS-00003466,PT-000610,ENC-0001728,2160-0,Creatinine,4.4,mg/dL,2026-04-01
OBS-00003467,PT-000610,ENC-0001729,2339-0,Glucose,194.0,mg/dL,2024-10-11
OBS-00003468,PT-000610,ENC-0001729,2339-0,Glucose,146.6,mg/dL,2024-10-11
OBS-00003469,PT-000611,ENC-0001730,8462-4,Diastolic blood pressure,94.3,mmHg,2025-03-29
OBS-00003470,PT-000611,ENC-0001731,2339-0,Glucose,139.1,mg/dL,2025-07-24
OBS-00003471,PT-000611,ENC-0001731,2339-0,Glucose,263.3,mg/dL,2025-07-24
OBS-00003472,PT-000611,ENC-0001732,2339-0,Glucose,120.4,mg/dL,2025-03-24
OBS-00003473,PT-000611,ENC-0001732,718-7,Hemoglobin,16.6,g/dL,2025-03-24
OBS-00003474,PT-000611,ENC-0001732,718-7,Hemoglobin,10.5,g/dL,2025-03-24
OBS-00003475,PT-000612,ENC-0001733,2339-0,Glucose,194.0,mg/dL,2025-08-18
OBS-00003476,PT-000612,ENC-0001733,2339-0,Glucose,103.6,mg/dL,2025-08-18
OBS-00003477,PT-000612,ENC-0001734,4548-4,Hemoglobin A1c,6.8,%,2025-12-01
OBS-00003478,PT-000612,ENC-0001734,718-7,Hemoglobin,11.2,g/dL,2025-12-01
OBS-00003479,PT-000612,ENC-0001734,2339-0,Glucose,317.7,mg/dL,2025-12-01
OBS-00003480,PT-000612,ENC-0001735,718-7,Hemoglobin,16.9,g/dL,2025-07-30
OBS-00003481,PT-000612,ENC-0001735,2339-0,Glucose,77.1,mg/dL,2025-07-30
OBS-00003482,PT-000612,ENC-0001735,8462-4,Diastolic blood pressure,70.0,mmHg,2025-07-30
OBS-00003483,PT-000613,ENC-0001736,8462-4,Diastolic blood pressure,86.1,mmHg,2026-02-02
OBS-00003484,PT-000613,ENC-0001736,718-7,Hemoglobin,12.8,g/dL,2026-02-02
OBS-00003485,PT-000614,ENC-0001737,4548-4,Hemoglobin A1c,6.9,%,2025-09-09
OBS-00003486,PT-000614,ENC-0001738,4548-4,Hemoglobin A1c,11.7,%,2026-08-07
OBS-00003487,PT-000614,ENC-0001738,2339-0,Glucose,227.6,mg/dL,2026-08-07
OBS-00003488,PT-000614,ENC-0001738,4548-4,Hemoglobin A1c,6.6,%,2026-08-07
OBS-00003489,PT-000614,ENC-0001739,8480-6,Systolic blood pressure,176.2,mmHg,2025-01-29
OBS-00003490,PT-000614,ENC-0001739,2339-0,Glucose,286.8,mg/dL,2025-01-29
OBS-00003491,PT-000614,ENC-0001740,2339-0,Glucose,124.9,mg/dL,2025-01-24
OBS-00003492,PT-000614,ENC-0001741,718-7,Hemoglobin,12.3,g/dL,2025-08-18
OBS-00003493,PT-000614,ENC-0001741,8462-4,Diastolic blood pressure,87.2,mmHg,2025-08-18
OBS-00003494,PT-000614,ENC-0001741,718-7,Hemoglobin,15.7,g/dL,2025-08-18
OBS-00003495,PT-000615,ENC-0001742,2339-0,Glucose,243.1,mg/dL,2025-07-03
OBS-00003496,PT-000615,ENC-0001743,718-7,Hemoglobin,14.7,g/dL,2026-07-10
OBS-00003497,PT-000615,ENC-0001743,4548-4,Hemoglobin A1c,12.0,%,2026-07-10
OBS-00003498,PT-000615,ENC-0001744,8462-4,Diastolic blood pressure,78.4,mmHg,2026-07-20
OBS-00003499,PT-000615,ENC-0001745,2160-0,Creatinine,0.8,mg/dL,2025-10-10
OBS-00003500,PT-000616,ENC-0001746,718-7,Hemoglobin,12.0,g/dL,2025-02-05
OBS-00003501,PT-000616,ENC-0001747,8480-6,Systolic blood pressure,157.3,mmHg,2024-11-06
OBS-00003502,PT-000616,ENC-0001748,2339-0,Glucose,193.9,mg/dL,2024-12-15
OBS-00003503,PT-000616,ENC-0001748,718-7,Hemoglobin,13.3,g/dL,2024-12-15
OBS-00003504,PT-000617,ENC-0001749,8480-6,Systolic blood pressure,164.7,mmHg,2025-10-02
OBS-00003505,PT-000617,ENC-0001750,8462-4,Diastolic blood pressure,65.2,mmHg,2025-01-30
OBS-00003506,PT-000617,ENC-0001750,2160-0,Creatinine,2.8,mg/dL,2025-01-30
OBS-00003507,PT-000617,ENC-0001750,718-7,Hemoglobin,14.3,g/dL,2025-01-30
OBS-00003508,PT-000617,ENC-0001751,2160-0,Creatinine,1.0,mg/dL,2025-06-21
OBS-00003509,PT-000617,ENC-0001751,718-7,Hemoglobin,14.0,g/dL,2025-06-21
OBS-00003510,PT-000617,ENC-0001751,718-7,Hemoglobin,11.8,g/dL,2025-06-21
OBS-00003511,PT-000617,ENC-0001752,8480-6,Systolic blood pressure,156.3,mmHg,2026-01-05
OBS-00003512,PT-000618,ENC-0001753,8462-4,Diastolic blood pressure,70.1,mmHg,2025-10-22
OBS-00003513,PT-000618,ENC-0001754,718-7,Hemoglobin,12.2,g/dL,2025-09-12
OBS-00003514,PT-000618,ENC-0001755,8462-4,Diastolic blood pressure,102.4,mmHg,2025-12-29
OBS-00003515,PT-000618,ENC-0001755,8480-6,Systolic blood pressure,138.5,mmHg,2025-12-29
OBS-00003516,PT-000618,ENC-0001756,4548-4,Hemoglobin A1c,6.3,%,2024-09-30
OBS-00003517,PT-000618,ENC-0001756,4548-4,Hemoglobin A1c,6.6,%,2024-09-30
OBS-00003518,PT-000618,ENC-0001756,2160-0,Creatinine,1.1,mg/dL,2024-09-30
OBS-00003519,PT-000618,ENC-0001757,8480-6,Systolic blood pressure,144.6,mmHg,2025-05-19
OBS-00003520,PT-000618,ENC-0001757,2339-0,Glucose,101.7,mg/dL,2025-05-19
OBS-00003521,PT-000619,ENC-0001758,8480-6,Systolic blood pressure,117.8,mmHg,2026-04-10
OBS-00003522,PT-000620,ENC-0001759,2160-0,Creatinine,3.4,mg/dL,2025-06-17
OBS-00003523,PT-000620,ENC-0001759,4548-4,Hemoglobin A1c,10.1,%,2025-06-17
OBS-00003524,PT-000620,ENC-0001759,8462-4,Diastolic blood pressure,73.0,mmHg,2025-06-17
OBS-00003525,PT-000620,ENC-0001760,2160-0,Creatinine,0.9,mg/dL,2026-04-30
OBS-00003526,PT-000620,ENC-0001761,8462-4,Diastolic blood pressure,59.7,mmHg,2025-05-22
OBS-00003527,PT-000620,ENC-0001761,8480-6,Systolic blood pressure,140.9,mmHg,2025-05-22
OBS-00003528,PT-000620,ENC-0001762,718-7,Hemoglobin,15.7,g/dL,2025-09-09
OBS-00003529,PT-000620,ENC-0001763,2160-0,Creatinine,1.5,mg/dL,2026-03-07
OBS-00003530,PT-000620,ENC-0001763,2339-0,Glucose,241.9,mg/dL,2026-03-07
OBS-00003531,PT-000620,ENC-0001763,2339-0,Glucose,102.6,mg/dL,2026-03-07
OBS-00003532,PT-000621,ENC-0001764,2339-0,Glucose,121.2,mg/dL,2025-08-20
OBS-00003533,PT-000621,ENC-0001764,4548-4,Hemoglobin A1c,11.6,%,2025-08-20
OBS-00003534,PT-000621,ENC-0001765,2160-0,Creatinine,1.2,mg/dL,2026-01-06
OBS-00003535,PT-000621,ENC-0001765,718-7,Hemoglobin,12.7,g/dL,2026-01-06
OBS-00003536,PT-000621,ENC-0001766,8480-6,Systolic blood pressure,177.7,mmHg,2025-04-12
OBS-00003537,PT-000621,ENC-0001766,8462-4,Diastolic blood pressure,76.0,mmHg,2025-04-12
OBS-00003538,PT-000621,ENC-0001766,2339-0,Glucose,131.7,mg/dL,2025-04-12
OBS-00003539,PT-000621,ENC-0001767,718-7,Hemoglobin,12.8,g/dL,2025-03-15
OBS-00003540,PT-000621,ENC-0001767,8480-6,Systolic blood pressure,154.8,mmHg,2025-03-15
OBS-00003541,PT-000621,ENC-0001767,8480-6,Systolic blood pressure,149.6,mmHg,2025-03-15
OBS-00003542,PT-000622,ENC-0001768,8480-6,Systolic blood pressure,126.1,mmHg,2026-08-21
OBS-00003543,PT-000622,ENC-0001768,4548-4,Hemoglobin A1c,5.8,%,2026-08-21
OBS-00003544,PT-000622,ENC-0001768,718-7,Hemoglobin,8.4,g/dL,2026-08-21
OBS-00003545,PT-000622,ENC-0001769,8462-4,Diastolic blood pressure,78.0,mmHg,2026-07-08
OBS-00003546,PT-000622,ENC-0001769,2160-0,Creatinine,1.5,mg/dL,2026-07-08
OBS-00003547,PT-000623,ENC-0001770,2160-0,Creatinine,1.4,mg/dL,2026-03-05
OBS-00003548,PT-000623,ENC-0001771,2339-0,Glucose,202.3,mg/dL,2026-09-07
OBS-00003549,PT-000623,ENC-0001772,4548-4,Hemoglobin A1c,10.8,%,2026-09-17
OBS-00003550,PT-000623,ENC-0001772,718-7,Hemoglobin,13.7,g/dL,2026-09-17
OBS-00003551,PT-000623,ENC-0001772,718-7,Hemoglobin,12.1,g/dL,2026-09-17
OBS-00003552,PT-000623,ENC-0001773,2160-0,Creatinine,1.7,mg/dL,2025-10-10
OBS-00003553,PT-000624,ENC-0001774,718-7,Hemoglobin,15.5,g/dL,2026-02-05
OBS-00003554,PT-000624,ENC-0001774,4548-4,Hemoglobin A1c,7.4,%,2026-02-05
OBS-00003555,PT-000624,ENC-0001774,2160-0,Creatinine,3.3,mg/dL,2026-02-05
OBS-00003556,PT-000625,ENC-0001775,718-7,Hemoglobin,15.8,g/dL,2026-06-18
OBS-00003557,PT-000625,ENC-0001775,2339-0,Glucose,126.0,mg/dL,2026-06-18
OBS-00003558,PT-000625,ENC-0001776,718-7,Hemoglobin,14.8,g/dL,2025-06-17
OBS-00003559,PT-000625,ENC-0001776,4548-4,Hemoglobin A1c,6.8,%,2025-06-17
OBS-00003560,PT-000626,ENC-0001777,8480-6,Systolic blood pressure,170.3,mmHg,2025-06-09
OBS-00003561,PT-000626,ENC-0001777,8462-4,Diastolic blood pressure,60.2,mmHg,2025-06-09
OBS-00003562,PT-000626,ENC-0001778,718-7,Hemoglobin,11.1,g/dL,2026-05-29
OBS-00003563,PT-000626,ENC-0001779,4548-4,Hemoglobin A1c,11.1,%,2025-12-26
OBS-00003564,PT-000626,ENC-0001780,718-7,Hemoglobin,8.7,g/dL,2024-12-30
OBS-00003565,PT-000626,ENC-0001780,718-7,Hemoglobin,10.4,g/dL,2024-12-30
OBS-00003566,PT-000626,ENC-0001780,2339-0,Glucose,89.6,mg/dL,2024-12-30
OBS-00003567,PT-000627,ENC-0001781,2339-0,Glucose,148.2,mg/dL,2025-06-22
OBS-00003568,PT-000627,ENC-0001782,4548-4,Hemoglobin A1c,5.8,%,2025-08-30
OBS-00003569,PT-000627,ENC-0001782,2160-0,Creatinine,1.1,mg/dL,2025-08-30
OBS-00003570,PT-000627,ENC-0001783,4548-4,Hemoglobin A1c,10.6,%,2026-03-19
OBS-00003571,PT-000627,ENC-0001783,718-7,Hemoglobin,12.7,g/dL,2026-03-19
OBS-00003572,PT-000627,ENC-0001783,8480-6,Systolic blood pressure,163.8,mmHg,2026-03-19
OBS-00003573,PT-000628,ENC-0001784,718-7,Hemoglobin,8.7,g/dL,2026-04-20
OBS-00003574,PT-000628,ENC-0001784,2339-0,Glucose,302.9,mg/dL,2026-04-20
OBS-00003575,PT-000628,ENC-0001784,4548-4,Hemoglobin A1c,7.9,%,2026-04-20
OBS-00003576,PT-000629,ENC-0001785,4548-4,Hemoglobin A1c,9.1,%,2025-12-26
OBS-00003577,PT-000629,ENC-0001785,2339-0,Glucose,312.1,mg/dL,2025-12-26
OBS-00003578,PT-000629,ENC-0001785,8462-4,Diastolic blood pressure,73.8,mmHg,2025-12-26
OBS-00003579,PT-000629,ENC-0001786,8462-4,Diastolic blood pressure,109.1,mmHg,2025-04-05
OBS-00003580,PT-000629,ENC-0001786,8462-4,Diastolic blood pressure,87.5,mmHg,2025-04-05
OBS-00003581,PT-000629,ENC-0001786,4548-4,Hemoglobin A1c,8.0,%,2025-04-05
OBS-00003582,PT-000630,ENC-0001787,8480-6,Systolic blood pressure,175.7,mmHg,2025-07-12
OBS-00003583,PT-000630,ENC-0001787,2160-0,Creatinine,3.3,mg/dL,2025-07-12
OBS-00003584,PT-000630,ENC-0001787,2160-0,Creatinine,0.7,mg/dL,2025-07-12
OBS-00003585,PT-000630,ENC-0001788,8462-4,Diastolic blood pressure,65.2,mmHg,2026-07-17
OBS-00003586,PT-000630,ENC-0001788,2160-0,Creatinine,3.2,mg/dL,2026-07-17
OBS-00003587,PT-000631,ENC-0001789,8480-6,Systolic blood pressure,180.7,mmHg,2025-02-07
OBS-00003588,PT-000631,ENC-0001790,8480-6,Systolic blood pressure,145.1,mmHg,2026-04-12
OBS-00003589,PT-000631,ENC-0001790,4548-4,Hemoglobin A1c,11.1,%,2026-04-12
OBS-00003590,PT-000631,ENC-0001790,718-7,Hemoglobin,12.4,g/dL,2026-04-12
OBS-00003591,PT-000632,ENC-0001791,2160-0,Creatinine,2.8,mg/dL,2025-12-05
OBS-00003592,PT-000632,ENC-0001791,2160-0,Creatinine,1.1,mg/dL,2025-12-05
OBS-00003593,PT-000632,ENC-0001792,2160-0,Creatinine,2.7,mg/dL,2025-11-04
OBS-00003594,PT-000632,ENC-0001792,8462-4,Diastolic blood pressure,65.1,mmHg,2025-11-04
OBS-00003595,PT-000632,ENC-0001793,2160-0,Creatinine,1.4,mg/dL,2025-07-29
OBS-00003596,PT-000632,ENC-0001793,8462-4,Diastolic blood pressure,77.1,mmHg,2025-07-29
OBS-00003597,PT-000632,ENC-0001793,718-7,Hemoglobin,16.6,g/dL,2025-07-29
OBS-00003598,PT-000632,ENC-0001794,2160-0,Creatinine,4.2,mg/dL,2025-07-17
OBS-00003599,PT-000632,ENC-0001794,8480-6,Systolic blood pressure,118.1,mmHg,2025-07-17
OBS-00003600,PT-000632,ENC-0001794,2160-0,Creatinine,1.8,mg/dL,2025-07-17
OBS-00003601,PT-000632,ENC-0001795,718-7,Hemoglobin,10.6,g/dL,2026-03-21
OBS-00003602,PT-000632,ENC-0001795,8480-6,Systolic blood pressure,150.2,mmHg,2026-03-21
OBS-00003603,PT-000632,ENC-0001795,2160-0,Creatinine,0.9,mg/dL,2026-03-21
OBS-00003604,PT-000632,ENC-0001796,2160-0,Creatinine,4.2,mg/dL,2025-12-16
OBS-00003605,PT-000632,ENC-0001796,8480-6,Systolic blood pressure,165.4,mmHg,2025-12-16
OBS-00003606,PT-000632,ENC-0001796,8462-4,Diastolic blood pressure,86.6,mmHg,2025-12-16
OBS-00003607,PT-000633,ENC-0001797,4548-4,Hemoglobin A1c,4.9,%,2024-10-20
OBS-00003608,PT-000633,ENC-0001798,8480-6,Systolic blood pressure,168.7,mmHg,2025-05-02
OBS-00003609,PT-000633,ENC-0001799,8480-6,Systolic blood pressure,177.6,mmHg,2025-10-10
OBS-00003610,PT-000633,ENC-0001799,8462-4,Diastolic blood pressure,60.7,mmHg,2025-10-10
OBS-00003611,PT-000633,ENC-0001799,718-7,Hemoglobin,13.5,g/dL,2025-10-10
OBS-00003612,PT-000634,ENC-0001800,2160-0,Creatinine,4.4,mg/dL,2026-04-30
OBS-00003613,PT-000634,ENC-0001801,718-7,Hemoglobin,12.4,g/dL,2024-10-26
OBS-00003614,PT-000634,ENC-0001801,4548-4,Hemoglobin A1c,9.2,%,2024-10-26
OBS-00003615,PT-000634,ENC-0001801,4548-4,Hemoglobin A1c,8.5,%,2024-10-26
OBS-00003616,PT-000634,ENC-0001802,2160-0,Creatinine,4.1,mg/dL,2026-08-04
OBS-00003617,PT-000634,ENC-0001802,8462-4,Diastolic blood pressure,96.7,mmHg,2026-08-04
OBS-00003618,PT-000634,ENC-0001803,718-7,Hemoglobin,10.2,g/dL,2025-01-25
OBS-00003619,PT-000634,ENC-0001803,718-7,Hemoglobin,15.5,g/dL,2025-01-25
OBS-00003620,PT-000635,ENC-0001804,4548-4,Hemoglobin A1c,12.2,%,2025-01-14
OBS-00003621,PT-000635,ENC-0001805,718-7,Hemoglobin,11.6,g/dL,2025-05-01
OBS-00003622,PT-000635,ENC-0001805,8480-6,Systolic blood pressure,134.2,mmHg,2025-05-01
OBS-00003623,PT-000635,ENC-0001805,2339-0,Glucose,176.4,mg/dL,2025-05-01
OBS-00003624,PT-000635,ENC-0001806,8480-6,Systolic blood pressure,123.0,mmHg,2025-05-09
OBS-00003625,PT-000635,ENC-0001806,8480-6,Systolic blood pressure,135.2,mmHg,2025-05-09
OBS-00003626,PT-000635,ENC-0001806,2160-0,Creatinine,1.5,mg/dL,2025-05-09
OBS-00003627,PT-000635,ENC-0001807,2160-0,Creatinine,2.9,mg/dL,2025-09-16
OBS-00003628,PT-000635,ENC-0001807,8462-4,Diastolic blood pressure,78.3,mmHg,2025-09-16
OBS-00003629,PT-000635,ENC-0001808,2160-0,Creatinine,1.3,mg/dL,2026-07-17
OBS-00003630,PT-000636,ENC-0001809,8480-6,Systolic blood pressure,181.3,mmHg,2025-10-18
OBS-00003631,PT-000636,ENC-0001809,8462-4,Diastolic blood pressure,92.7,mmHg,2025-10-18
OBS-00003632,PT-000636,ENC-0001810,8480-6,Systolic blood pressure,182.2,mmHg,2024-11-11
OBS-00003633,PT-000636,ENC-0001811,2339-0,Glucose,261.4,mg/dL,2025-11-13
OBS-00003634,PT-000636,ENC-0001812,2160-0,Creatinine,1.4,mg/dL,2025-11-09
OBS-00003635,PT-000636,ENC-0001812,2339-0,Glucose,311.3,mg/dL,2025-11-09
OBS-00003636,PT-000637,ENC-0001813,2339-0,Glucose,127.1,mg/dL,2025-05-19
OBS-00003637,PT-000637,ENC-0001813,718-7,Hemoglobin,10.0,g/dL,2025-05-19
OBS-00003638,PT-000637,ENC-0001814,2160-0,Creatinine,3.2,mg/dL,2026-04-12
OBS-00003639,PT-000637,ENC-0001814,2339-0,Glucose,153.6,mg/dL,2026-04-12
OBS-00003640,PT-000637,ENC-0001815,2339-0,Glucose,116.8,mg/dL,2026-04-15
OBS-00003641,PT-000637,ENC-0001815,718-7,Hemoglobin,15.0,g/dL,2026-04-15
OBS-00003642,PT-000638,ENC-0001816,8480-6,Systolic blood pressure,102.5,mmHg,2026-06-17
OBS-00003643,PT-000638,ENC-0001816,8462-4,Diastolic blood pressure,72.8,mmHg,2026-06-17
OBS-00003644,PT-000638,ENC-0001816,2160-0,Creatinine,1.0,mg/dL,2026-06-17
OBS-00003645,PT-000638,ENC-0001817,4548-4,Hemoglobin A1c,4.8,%,2025-03-24
OBS-00003646,PT-000638,ENC-0001817,2339-0,Glucose,257.6,mg/dL,2025-03-24
OBS-00003647,PT-000638,ENC-0001817,4548-4,Hemoglobin A1c,10.7,%,2025-03-24
OBS-00003648,PT-000638,ENC-0001818,4548-4,Hemoglobin A1c,9.5,%,2025-04-29
OBS-00003649,PT-000639,ENC-0001819,4548-4,Hemoglobin A1c,8.7,%,2026-08-25
OBS-00003650,PT-000639,ENC-0001820,718-7,Hemoglobin,14.8,g/dL,2026-04-11
OBS-00003651,PT-000640,ENC-0001821,2160-0,Creatinine,4.4,mg/dL,2025-03-14
OBS-00003652,PT-000640,ENC-0001821,718-7,Hemoglobin,14.5,g/dL,2025-03-14
OBS-00003653,PT-000640,ENC-0001822,718-7,Hemoglobin,16.7,g/dL,2024-12-01
OBS-00003654,PT-000640,ENC-0001823,2160-0,Creatinine,2.4,mg/dL,2026-05-20
OBS-00003655,PT-000640,ENC-0001823,2339-0,Glucose,105.2,mg/dL,2026-05-20
OBS-00003656,PT-000640,ENC-0001823,718-7,Hemoglobin,14.3,g/dL,2026-05-20
OBS-00003657,PT-000640,ENC-0001824,2160-0,Creatinine,1.7,mg/dL,2025-04-04
OBS-00003658,PT-000640,ENC-0001825,8480-6,Systolic blood pressure,183.6,mmHg,2024-10-01
OBS-00003659,PT-000641,ENC-0001826,2339-0,Glucose,252.8,mg/dL,2024-09-26
OBS-00003660,PT-000641,ENC-0001826,718-7,Hemoglobin,16.6,g/dL,2024-09-26
OBS-00003661,PT-000641,ENC-0001826,2339-0,Glucose,173.3,mg/dL,2024-09-26
OBS-00003662,PT-000641,ENC-0001827,2339-0,Glucose,316.6,mg/dL,2024-09-22
OBS-00003663,PT-000641,ENC-0001827,8480-6,Systolic blood pressure,165.2,mmHg,2024-09-22
OBS-00003664,PT-000641,ENC-0001828,718-7,Hemoglobin,9.8,g/dL,2026-05-05
OBS-00003665,PT-000641,ENC-0001829,8462-4,Diastolic blood pressure,107.7,mmHg,2026-01-23
OBS-00003666,PT-000641,ENC-0001829,4548-4,Hemoglobin A1c,10.7,%,2026-01-23
OBS-00003667,PT-000641,ENC-0001829,8462-4,Diastolic blood pressure,64.5,mmHg,2026-01-23
OBS-00003668,PT-000642,ENC-0001830,2160-0,Creatinine,4.1,mg/dL,2025-06-10
OBS-00003669,PT-000642,ENC-0001830,718-7,Hemoglobin,13.9,g/dL,2025-06-10
OBS-00003670,PT-000642,ENC-0001830,718-7,Hemoglobin,14.7,g/dL,2025-06-10
OBS-00003671,PT-000643,ENC-0001831,8462-4,Diastolic blood pressure,59.6,mmHg,2024-10-12
OBS-00003672,PT-000643,ENC-0001831,8480-6,Systolic blood pressure,170.5,mmHg,2024-10-12
OBS-00003673,PT-000643,ENC-0001831,2339-0,Glucose,288.4,mg/dL,2024-10-12
OBS-00003674,PT-000643,ENC-0001832,718-7,Hemoglobin,16.4,g/dL,2026-04-25
OBS-00003675,PT-000643,ENC-0001832,8480-6,Systolic blood pressure,160.2,mmHg,2026-04-25
OBS-00003676,PT-000643,ENC-0001832,2339-0,Glucose,316.1,mg/dL,2026-04-25
OBS-00003677,PT-000643,ENC-0001833,4548-4,Hemoglobin A1c,6.4,%,2024-12-19
OBS-00003678,PT-000644,ENC-0001834,8462-4,Diastolic blood pressure,71.7,mmHg,2025-05-19
OBS-00003679,PT-000644,ENC-0001834,8480-6,Systolic blood pressure,135.3,mmHg,2025-05-19
OBS-00003680,PT-000644,ENC-0001834,2160-0,Creatinine,2.2,mg/dL,2025-05-19
OBS-00003681,PT-000644,ENC-0001835,8480-6,Systolic blood pressure,163.2,mmHg,2025-10-09
OBS-00003682,PT-000644,ENC-0001836,2160-0,Creatinine,0.8,mg/dL,2025-04-04
OBS-00003683,PT-000644,ENC-0001836,8462-4,Diastolic blood pressure,84.9,mmHg,2025-04-04
OBS-00003684,PT-000644,ENC-0001836,4548-4,Hemoglobin A1c,6.6,%,2025-04-04
OBS-00003685,PT-000644,ENC-0001837,2339-0,Glucose,232.5,mg/dL,2026-03-19
OBS-00003686,PT-000644,ENC-0001837,2339-0,Glucose,114.5,mg/dL,2026-03-19
OBS-00003687,PT-000644,ENC-0001837,4548-4,Hemoglobin A1c,6.5,%,2026-03-19
OBS-00003688,PT-000645,ENC-0001838,8480-6,Systolic blood pressure,169.4,mmHg,2026-05-05
OBS-00003689,PT-000645,ENC-0001839,718-7,Hemoglobin,16.8,g/dL,2025-11-22
OBS-00003690,PT-000645,ENC-0001840,2160-0,Creatinine,1.3,mg/dL,2026-07-11
OBS-00003691,PT-000645,ENC-0001840,8480-6,Systolic blood pressure,111.6,mmHg,2026-07-11
OBS-00003692,PT-000645,ENC-0001840,4548-4,Hemoglobin A1c,5.9,%,2026-07-11
OBS-00003693,PT-000645,ENC-0001841,2160-0,Creatinine,1.2,mg/dL,2025-09-26
OBS-00003694,PT-000645,ENC-0001841,8462-4,Diastolic blood pressure,85.0,mmHg,2025-09-26
OBS-00003695,PT-000645,ENC-0001841,2160-0,Creatinine,3.9,mg/dL,2025-09-26
OBS-00003696,PT-000645,ENC-0001842,8480-6,Systolic blood pressure,110.9,mmHg,2024-11-20
OBS-00003697,PT-000645,ENC-0001842,8462-4,Diastolic blood pressure,109.0,mmHg,2024-11-20
OBS-00003698,PT-000646,ENC-0001843,8462-4,Diastolic blood pressure,69.9,mmHg,2026-08-14
OBS-00003699,PT-000646,ENC-0001843,2339-0,Glucose,183.0,mg/dL,2026-08-14
OBS-00003700,PT-000646,ENC-0001844,8480-6,Systolic blood pressure,117.0,mmHg,2024-11-25
OBS-00003701,PT-000646,ENC-0001844,4548-4,Hemoglobin A1c,10.9,%,2024-11-25
OBS-00003702,PT-000646,ENC-0001845,2339-0,Glucose,144.1,mg/dL,2025-05-04
OBS-00003703,PT-000646,ENC-0001845,8462-4,Diastolic blood pressure,74.4,mmHg,2025-05-04
OBS-00003704,PT-000646,ENC-0001845,4548-4,Hemoglobin A1c,4.9,%,2025-05-04
OBS-00003705,PT-000647,ENC-0001846,2339-0,Glucose,201.0,mg/dL,2025-01-05
OBS-00003706,PT-000647,ENC-0001846,8462-4,Diastolic blood pressure,63.9,mmHg,2025-01-05
OBS-00003707,PT-000647,ENC-0001846,8480-6,Systolic blood pressure,181.3,mmHg,2025-01-05
OBS-00003708,PT-000648,ENC-0001847,8462-4,Diastolic blood pressure,56.0,mmHg,2025-06-22
OBS-00003709,PT-000648,ENC-0001848,718-7,Hemoglobin,15.4,g/dL,2026-03-29
OBS-00003710,PT-000648,ENC-0001848,8480-6,Systolic blood pressure,171.3,mmHg,2026-03-29
OBS-00003711,PT-000648,ENC-0001849,8462-4,Diastolic blood pressure,57.1,mmHg,2025-07-06
OBS-00003712,PT-000649,ENC-0001850,8480-6,Systolic blood pressure,145.4,mmHg,2025-10-30
OBS-00003713,PT-000649,ENC-0001850,8480-6,Systolic blood pressure,103.0,mmHg,2025-10-30
OBS-00003714,PT-000649,ENC-0001850,718-7,Hemoglobin,11.4,g/dL,2025-10-30
OBS-00003715,PT-000649,ENC-0001851,8462-4,Diastolic blood pressure,75.0,mmHg,2025-12-17
OBS-00003716,PT-000649,ENC-0001851,718-7,Hemoglobin,9.6,g/dL,2025-12-17
OBS-00003717,PT-000650,ENC-0001852,718-7,Hemoglobin,9.0,g/dL,2025-01-27
OBS-00003718,PT-000650,ENC-0001852,718-7,Hemoglobin,13.8,g/dL,2025-01-27
OBS-00003719,PT-000650,ENC-0001853,8480-6,Systolic blood pressure,177.6,mmHg,2025-11-22
OBS-00003720,PT-000650,ENC-0001853,718-7,Hemoglobin,14.2,g/dL,2025-11-22
OBS-00003721,PT-000651,ENC-0001854,8462-4,Diastolic blood pressure,93.9,mmHg,2026-06-11
OBS-00003722,PT-000652,ENC-0001855,2160-0,Creatinine,4.2,mg/dL,2024-10-28
OBS-00003723,PT-000652,ENC-0001855,718-7,Hemoglobin,15.5,g/dL,2024-10-28
OBS-00003724,PT-000652,ENC-0001855,2339-0,Glucose,217.8,mg/dL,2024-10-28
OBS-00003725,PT-000652,ENC-0001856,8462-4,Diastolic blood pressure,97.6,mmHg,2026-02-22
OBS-00003726,PT-000652,ENC-0001856,8462-4,Diastolic blood pressure,56.0,mmHg,2026-02-22
OBS-00003727,PT-000652,ENC-0001857,8462-4,Diastolic blood pressure,65.3,mmHg,2025-10-26
OBS-00003728,PT-000652,ENC-0001858,8480-6,Systolic blood pressure,173.1,mmHg,2025-09-09
OBS-00003729,PT-000652,ENC-0001858,2160-0,Creatinine,0.8,mg/dL,2025-09-09
OBS-00003730,PT-000652,ENC-0001859,4548-4,Hemoglobin A1c,7.8,%,2026-08-04
OBS-00003731,PT-000652,ENC-0001859,8480-6,Systolic blood pressure,143.6,mmHg,2026-08-04
OBS-00003732,PT-000653,ENC-0001860,4548-4,Hemoglobin A1c,8.1,%,2025-06-19
OBS-00003733,PT-000654,ENC-0001861,718-7,Hemoglobin,12.3,g/dL,2025-08-29
OBS-00003734,PT-000654,ENC-0001861,2339-0,Glucose,205.6,mg/dL,2025-08-29
OBS-00003735,PT-000654,ENC-0001861,8462-4,Diastolic blood pressure,89.0,mmHg,2025-08-29
OBS-00003736,PT-000654,ENC-0001862,8480-6,Systolic blood pressure,146.0,mmHg,2025-10-01
OBS-00003737,PT-000655,ENC-0001863,4548-4,Hemoglobin A1c,6.8,%,2025-07-28
OBS-00003738,PT-000655,ENC-0001864,2160-0,Creatinine,3.9,mg/dL,2025-09-21
OBS-00003739,PT-000655,ENC-0001865,2160-0,Creatinine,1.0,mg/dL,2025-07-28
OBS-00003740,PT-000655,ENC-0001865,8480-6,Systolic blood pressure,159.2,mmHg,2025-07-28
OBS-00003741,PT-000655,ENC-0001866,2160-0,Creatinine,1.9,mg/dL,2026-02-25
OBS-00003742,PT-000656,ENC-0001867,2339-0,Glucose,164.0,mg/dL,2026-08-03
OBS-00003743,PT-000656,ENC-0001867,8462-4,Diastolic blood pressure,75.5,mmHg,2026-08-03
OBS-00003744,PT-000656,ENC-0001868,2160-0,Creatinine,2.8,mg/dL,2026-05-21
OBS-00003745,PT-000656,ENC-0001868,2160-0,Creatinine,3.9,mg/dL,2026-05-21
OBS-00003746,PT-000656,ENC-0001868,2339-0,Glucose,152.9,mg/dL,2026-05-21
OBS-00003747,PT-000657,ENC-0001869,8462-4,Diastolic blood pressure,80.7,mmHg,2024-10-24
OBS-00003748,PT-000657,ENC-0001869,718-7,Hemoglobin,15.0,g/dL,2024-10-24
OBS-00003749,PT-000657,ENC-0001870,8462-4,Diastolic blood pressure,88.8,mmHg,2026-02-25
OBS-00003750,PT-000657,ENC-0001870,8480-6,Systolic blood pressure,158.2,mmHg,2026-02-25
OBS-00003751,PT-000657,ENC-0001870,8480-6,Systolic blood pressure,132.0,mmHg,2026-02-25
OBS-00003752,PT-000657,ENC-0001871,2160-0,Creatinine,4.4,mg/dL,2026-09-03
OBS-00003753,PT-000657,ENC-0001871,4548-4,Hemoglobin A1c,12.0,%,2026-09-03
OBS-00003754,PT-000657,ENC-0001871,8462-4,Diastolic blood pressure,58.0,mmHg,2026-09-03
OBS-00003755,PT-000657,ENC-0001872,718-7,Hemoglobin,10.3,g/dL,2026-06-16
OBS-00003756,PT-000657,ENC-0001872,718-7,Hemoglobin,8.5,g/dL,2026-06-16
OBS-00003757,PT-000658,ENC-0001873,8462-4,Diastolic blood pressure,103.1,mmHg,2025-01-25
OBS-00003758,PT-000658,ENC-0001873,2339-0,Glucose,141.4,mg/dL,2025-01-25
OBS-00003759,PT-000658,ENC-0001873,8480-6,Systolic blood pressure,100.4,mmHg,2025-01-25
OBS-00003760,PT-000659,ENC-0001874,4548-4,Hemoglobin A1c,7.9,%,2026-07-13
OBS-00003761,PT-000659,ENC-0001874,4548-4,Hemoglobin A1c,8.8,%,2026-07-13
OBS-00003762,PT-000659,ENC-0001875,2160-0,Creatinine,1.5,mg/dL,2026-01-14
OBS-00003763,PT-000659,ENC-0001875,2339-0,Glucose,101.5,mg/dL,2026-01-14
OBS-00003764,PT-000659,ENC-0001876,2160-0,Creatinine,3.0,mg/dL,2025-01-29
OBS-00003765,PT-000659,ENC-0001876,4548-4,Hemoglobin A1c,12.1,%,2025-01-29
OBS-00003766,PT-000659,ENC-0001876,2160-0,Creatinine,2.1,mg/dL,2025-01-29
OBS-00003767,PT-000659,ENC-0001877,2160-0,Creatinine,2.1,mg/dL,2025-01-13
OBS-00003768,PT-000659,ENC-0001878,4548-4,Hemoglobin A1c,9.1,%,2025-11-17
OBS-00003769,PT-000660,ENC-0001879,4548-4,Hemoglobin A1c,8.8,%,2025-05-11
OBS-00003770,PT-000660,ENC-0001879,4548-4,Hemoglobin A1c,8.6,%,2025-05-11
OBS-00003771,PT-000660,ENC-0001880,8462-4,Diastolic blood pressure,106.2,mmHg,2026-01-31
OBS-00003772,PT-000660,ENC-0001880,8480-6,Systolic blood pressure,120.8,mmHg,2026-01-31
OBS-00003773,PT-000660,ENC-0001880,8480-6,Systolic blood pressure,147.7,mmHg,2026-01-31
OBS-00003774,PT-000661,ENC-0001881,718-7,Hemoglobin,9.4,g/dL,2026-07-14
OBS-00003775,PT-000661,ENC-0001882,8480-6,Systolic blood pressure,151.0,mmHg,2025-04-28
OBS-00003776,PT-000661,ENC-0001882,4548-4,Hemoglobin A1c,9.8,%,2025-04-28
OBS-00003777,PT-000661,ENC-0001882,4548-4,Hemoglobin A1c,5.9,%,2025-04-28
OBS-00003778,PT-000661,ENC-0001883,8480-6,Systolic blood pressure,172.2,mmHg,2025-05-13
OBS-00003779,PT-000661,ENC-0001883,8480-6,Systolic blood pressure,123.1,mmHg,2025-05-13
OBS-00003780,PT-000661,ENC-0001883,2160-0,Creatinine,4.5,mg/dL,2025-05-13
OBS-00003781,PT-000661,ENC-0001884,8480-6,Systolic blood pressure,127.9,mmHg,2026-03-07
OBS-00003782,PT-000661,ENC-0001884,4548-4,Hemoglobin A1c,10.3,%,2026-03-07
OBS-00003783,PT-000662,ENC-0001885,2339-0,Glucose,289.8,mg/dL,2024-10-01
OBS-00003784,PT-000662,ENC-0001886,718-7,Hemoglobin,15.5,g/dL,2025-06-08
OBS-00003785,PT-000662,ENC-0001887,718-7,Hemoglobin,14.2,g/dL,2026-09-20
OBS-00003786,PT-000662,ENC-0001888,2339-0,Glucose,220.8,mg/dL,2026-09-17
OBS-00003787,PT-000662,ENC-0001888,718-7,Hemoglobin,8.6,g/dL,2026-09-17
OBS-00003788,PT-000662,ENC-0001889,2339-0,Glucose,280.9,mg/dL,2025-09-23
OBS-00003789,PT-000662,ENC-0001889,4548-4,Hemoglobin A1c,5.4,%,2025-09-23
OBS-00003790,PT-000662,ENC-0001889,8462-4,Diastolic blood pressure,64.2,mmHg,2025-09-23
OBS-00003791,PT-000663,ENC-0001890,2160-0,Creatinine,2.2,mg/dL,2026-04-22
OBS-00003792,PT-000663,ENC-0001890,2339-0,Glucose,143.3,mg/dL,2026-04-22
OBS-00003793,PT-000663,ENC-0001890,4548-4,Hemoglobin A1c,7.6,%,2026-04-22
OBS-00003794,PT-000663,ENC-0001891,2160-0,Creatinine,0.9,mg/dL,2024-12-12
OBS-00003795,PT-000663,ENC-0001891,4548-4,Hemoglobin A1c,11.9,%,2024-12-12
OBS-00003796,PT-000663,ENC-0001892,2339-0,Glucose,238.3,mg/dL,2025-02-07
OBS-00003797,PT-000663,ENC-0001893,8480-6,Systolic blood pressure,105.0,mmHg,2026-02-10
OBS-00003798,PT-000663,ENC-0001893,718-7,Hemoglobin,12.8,g/dL,2026-02-10
OBS-00003799,PT-000663,ENC-0001893,2160-0,Creatinine,1.1,mg/dL,2026-02-10
OBS-00003800,PT-000663,ENC-0001894,8480-6,Systolic blood pressure,139.1,mmHg,2026-03-20
OBS-00003801,PT-000663,ENC-0001894,4548-4,Hemoglobin A1c,11.0,%,2026-03-20
OBS-00003802,PT-000663,ENC-0001894,718-7,Hemoglobin,10.0,g/dL,2026-03-20
OBS-00003803,PT-000663,ENC-0001895,2160-0,Creatinine,4.3,mg/dL,2024-09-26
OBS-00003804,PT-000663,ENC-0001895,4548-4,Hemoglobin A1c,12.4,%,2024-09-26
OBS-00003805,PT-000663,ENC-0001895,4548-4,Hemoglobin A1c,8.4,%,2024-09-26
OBS-00003806,PT-000664,ENC-0001896,8462-4,Diastolic blood pressure,64.1,mmHg,2025-01-27
OBS-00003807,PT-000665,ENC-0001897,2339-0,Glucose,282.4,mg/dL,2024-12-29
OBS-00003808,PT-000665,ENC-0001898,2339-0,Glucose,182.4,mg/dL,2024-10-02
OBS-00003809,PT-000666,ENC-0001899,2160-0,Creatinine,3.2,mg/dL,2025-11-08
OBS-00003810,PT-000666,ENC-0001900,718-7,Hemoglobin,8.5,g/dL,2025-05-28
OBS-00003811,PT-000666,ENC-0001900,2339-0,Glucose,318.6,mg/dL,2025-05-28
OBS-00003812,PT-000666,ENC-0001900,4548-4,Hemoglobin A1c,8.1,%,2025-05-28
OBS-00003813,PT-000667,ENC-0001901,2160-0,Creatinine,0.8,mg/dL,2024-10-05
OBS-00003814,PT-000667,ENC-0001902,718-7,Hemoglobin,16.3,g/dL,2025-11-06
OBS-00003815,PT-000667,ENC-0001903,2160-0,Creatinine,3.8,mg/dL,2024-12-04
OBS-00003816,PT-000667,ENC-0001903,8480-6,Systolic blood pressure,140.2,mmHg,2024-12-04
OBS-00003817,PT-000667,ENC-0001903,718-7,Hemoglobin,14.9,g/dL,2024-12-04
OBS-00003818,PT-000667,ENC-0001904,718-7,Hemoglobin,14.8,g/dL,2025-03-26
OBS-00003819,PT-000668,ENC-0001905,8462-4,Diastolic blood pressure,57.0,mmHg,2026-02-12
OBS-00003820,PT-000668,ENC-0001905,4548-4,Hemoglobin A1c,6.7,%,2026-02-12
OBS-00003821,PT-000668,ENC-0001906,8480-6,Systolic blood pressure,108.2,mmHg,2026-04-30
OBS-00003822,PT-000668,ENC-0001906,2160-0,Creatinine,1.0,mg/dL,2026-04-30
OBS-00003823,PT-000669,ENC-0001907,4548-4,Hemoglobin A1c,8.6,%,2025-10-31
OBS-00003824,PT-000669,ENC-0001908,718-7,Hemoglobin,8.0,g/dL,2025-03-02
OBS-00003825,PT-000669,ENC-0001908,2160-0,Creatinine,3.2,mg/dL,2025-03-02
OBS-00003826,PT-000669,ENC-0001908,2339-0,Glucose,185.4,mg/dL,2025-03-02
OBS-00003827,PT-000670,ENC-0001909,4548-4,Hemoglobin A1c,9.6,%,2025-01-12
OBS-00003828,PT-000670,ENC-0001909,4548-4,Hemoglobin A1c,10.9,%,2025-01-12
OBS-00003829,PT-000670,ENC-0001910,8480-6,Systolic blood pressure,130.7,mmHg,2024-11-09
OBS-00003830,PT-000671,ENC-0001911,2339-0,Glucose,188.5,mg/dL,2025-03-19
OBS-00003831,PT-000671,ENC-0001912,2339-0,Glucose,254.4,mg/dL,2025-11-14
OBS-00003832,PT-000671,ENC-0001912,8462-4,Diastolic blood pressure,63.8,mmHg,2025-11-14
OBS-00003833,PT-000671,ENC-0001912,8462-4,Diastolic blood pressure,61.0,mmHg,2025-11-14
OBS-00003834,PT-000671,ENC-0001913,2339-0,Glucose,148.0,mg/dL,2025-08-02
OBS-00003835,PT-000671,ENC-0001914,2339-0,Glucose,135.1,mg/dL,2026-02-13
OBS-00003836,PT-000671,ENC-0001915,2160-0,Creatinine,1.2,mg/dL,2026-07-05
OBS-00003837,PT-000671,ENC-0001915,718-7,Hemoglobin,13.4,g/dL,2026-07-05
OBS-00003838,PT-000671,ENC-0001916,8462-4,Diastolic blood pressure,103.5,mmHg,2025-01-16
OBS-00003839,PT-000671,ENC-0001916,2339-0,Glucose,127.5,mg/dL,2025-01-16
OBS-00003840,PT-000672,ENC-0001917,8462-4,Diastolic blood pressure,62.0,mmHg,2024-12-17
OBS-00003841,PT-000672,ENC-0001917,2160-0,Creatinine,1.7,mg/dL,2024-12-17
OBS-00003842,PT-000672,ENC-0001917,8462-4,Diastolic blood pressure,62.9,mmHg,2024-12-17
OBS-00003843,PT-000672,ENC-0001918,8462-4,Diastolic blood pressure,74.0,mmHg,2025-10-17
OBS-00003844,PT-000672,ENC-0001918,2160-0,Creatinine,2.1,mg/dL,2025-10-17
OBS-00003845,PT-000672,ENC-0001918,8462-4,Diastolic blood pressure,80.4,mmHg,2025-10-17
OBS-00003846,PT-000672,ENC-0001919,2339-0,Glucose,226.5,mg/dL,2025-03-29
OBS-00003847,PT-000672,ENC-0001919,8480-6,Systolic blood pressure,132.2,mmHg,2025-03-29
OBS-00003848,PT-000672,ENC-0001920,8480-6,Systolic blood pressure,122.1,mmHg,2024-10-17
OBS-00003849,PT-000672,ENC-0001921,2339-0,Glucose,149.5,mg/dL,2025-07-26
OBS-00003850,PT-000672,ENC-0001921,2339-0,Glucose,240.5,mg/dL,2025-07-26
OBS-00003851,PT-000673,ENC-0001922,2160-0,Creatinine,1.8,mg/dL,2026-03-01
OBS-00003852,PT-000673,ENC-0001922,4548-4,Hemoglobin A1c,11.3,%,2026-03-01
OBS-00003853,PT-000673,ENC-0001922,2339-0,Glucose,227.6,mg/dL,2026-03-01
OBS-00003854,PT-000673,ENC-0001923,8462-4,Diastolic blood pressure,85.5,mmHg,2025-08-31
OBS-00003855,PT-000673,ENC-0001923,718-7,Hemoglobin,8.2,g/dL,2025-08-31
OBS-00003856,PT-000673,ENC-0001924,718-7,Hemoglobin,9.5,g/dL,2025-07-02
OBS-00003857,PT-000673,ENC-0001924,8462-4,Diastolic blood pressure,88.6,mmHg,2025-07-02
OBS-00003858,PT-000673,ENC-0001925,2160-0,Creatinine,2.6,mg/dL,2025-12-19
OBS-00003859,PT-000673,ENC-0001926,2160-0,Creatinine,4.4,mg/dL,2025-12-23
OBS-00003860,PT-000673,ENC-0001927,8480-6,Systolic blood pressure,171.9,mmHg,2026-02-01
OBS-00003861,PT-000674,ENC-0001928,2160-0,Creatinine,1.9,mg/dL,2026-02-07
OBS-00003862,PT-000674,ENC-0001928,4548-4,Hemoglobin A1c,11.2,%,2026-02-07
OBS-00003863,PT-000674,ENC-0001928,8480-6,Systolic blood pressure,106.4,mmHg,2026-02-07
OBS-00003864,PT-000674,ENC-0001929,2339-0,Glucose,287.5,mg/dL,2025-12-03
OBS-00003865,PT-000674,ENC-0001930,718-7,Hemoglobin,15.1,g/dL,2025-02-28
OBS-00003866,PT-000674,ENC-0001931,2160-0,Creatinine,3.3,mg/dL,2026-05-26
OBS-00003867,PT-000674,ENC-0001931,4548-4,Hemoglobin A1c,12.0,%,2026-05-26
OBS-00003868,PT-000675,ENC-0001932,718-7,Hemoglobin,14.4,g/dL,2025-08-26
OBS-00003869,PT-000675,ENC-0001932,718-7,Hemoglobin,8.5,g/dL,2025-08-26
OBS-00003870,PT-000675,ENC-0001933,2339-0,Glucose,107.2,mg/dL,2025-12-21
OBS-00003871,PT-000675,ENC-0001933,718-7,Hemoglobin,15.1,g/dL,2025-12-21
OBS-00003872,PT-000676,ENC-0001934,8480-6,Systolic blood pressure,110.6,mmHg,2024-11-05
OBS-00003873,PT-000676,ENC-0001934,4548-4,Hemoglobin A1c,6.1,%,2024-11-05
OBS-00003874,PT-000676,ENC-0001935,718-7,Hemoglobin,16.3,g/dL,2026-02-24
OBS-00003875,PT-000676,ENC-0001936,8462-4,Diastolic blood pressure,66.1,mmHg,2024-12-05
OBS-00003876,PT-000676,ENC-0001936,2339-0,Glucose,201.2,mg/dL,2024-12-05
OBS-00003877,PT-000676,ENC-0001936,8462-4,Diastolic blood pressure,71.1,mmHg,2024-12-05
OBS-00003878,PT-000677,ENC-0001937,2339-0,Glucose,150.9,mg/dL,2025-05-28
OBS-00003879,PT-000677,ENC-0001937,8480-6,Systolic blood pressure,110.0,mmHg,2025-05-28
OBS-00003880,PT-000677,ENC-0001937,718-7,Hemoglobin,11.0,g/dL,2025-05-28
OBS-00003881,PT-000677,ENC-0001938,8462-4,Diastolic blood pressure,56.1,mmHg,2024-11-22
OBS-00003882,PT-000677,ENC-0001938,2160-0,Creatinine,3.4,mg/dL,2024-11-22
OBS-00003883,PT-000677,ENC-0001939,2339-0,Glucose,133.8,mg/dL,2025-12-21
OBS-00003884,PT-000677,ENC-0001939,8480-6,Systolic blood pressure,123.5,mmHg,2025-12-21
OBS-00003885,PT-000678,ENC-0001940,8480-6,Systolic blood pressure,117.2,mmHg,2024-12-01
OBS-00003886,PT-000679,ENC-0001941,2160-0,Creatinine,2.9,mg/dL,2025-07-03
OBS-00003887,PT-000679,ENC-0001942,2160-0,Creatinine,2.7,mg/dL,2026-08-07
OBS-00003888,PT-000679,ENC-0001943,2160-0,Creatinine,2.4,mg/dL,2026-05-20
OBS-00003889,PT-000679,ENC-0001943,8480-6,Systolic blood pressure,160.6,mmHg,2026-05-20
OBS-00003890,PT-000679,ENC-0001943,2160-0,Creatinine,2.9,mg/dL,2026-05-20
OBS-00003891,PT-000680,ENC-0001944,8480-6,Systolic blood pressure,180.7,mmHg,2025-07-24
OBS-00003892,PT-000680,ENC-0001944,4548-4,Hemoglobin A1c,9.0,%,2025-07-24
OBS-00003893,PT-000680,ENC-0001945,2339-0,Glucose,139.1,mg/dL,2024-10-22
OBS-00003894,PT-000681,ENC-0001946,8480-6,Systolic blood pressure,144.5,mmHg,2025-03-29
OBS-00003895,PT-000681,ENC-0001946,4548-4,Hemoglobin A1c,8.0,%,2025-03-29
OBS-00003896,PT-000681,ENC-0001946,718-7,Hemoglobin,16.2,g/dL,2025-03-29
OBS-00003897,PT-000681,ENC-0001947,8462-4,Diastolic blood pressure,108.4,mmHg,2026-09-17
OBS-00003898,PT-000681,ENC-0001948,2339-0,Glucose,206.3,mg/dL,2026-07-10
OBS-00003899,PT-000682,ENC-0001949,718-7,Hemoglobin,9.2,g/dL,2026-09-08
OBS-00003900,PT-000682,ENC-0001950,2339-0,Glucose,93.8,mg/dL,2026-01-16
OBS-00003901,PT-000682,ENC-0001951,718-7,Hemoglobin,15.8,g/dL,2025-02-21
OBS-00003902,PT-000682,ENC-0001951,2160-0,Creatinine,1.7,mg/dL,2025-02-21
OBS-00003903,PT-000682,ENC-0001952,2160-0,Creatinine,3.6,mg/dL,2025-04-02
OBS-00003904,PT-000682,ENC-0001952,8480-6,Systolic blood pressure,124.3,mmHg,2025-04-02
OBS-00003905,PT-000683,ENC-0001953,4548-4,Hemoglobin A1c,9.6,%,2026-06-27
OBS-00003906,PT-000683,ENC-0001954,8462-4,Diastolic blood pressure,80.9,mmHg,2026-02-03
OBS-00003907,PT-000683,ENC-0001955,8480-6,Systolic blood pressure,140.2,mmHg,2025-12-06
OBS-00003908,PT-000683,ENC-0001956,4548-4,Hemoglobin A1c,6.7,%,2025-01-10
OBS-00003909,PT-000683,ENC-0001956,8480-6,Systolic blood pressure,174.8,mmHg,2025-01-10
OBS-00003910,PT-000683,ENC-0001956,2339-0,Glucose,160.2,mg/dL,2025-01-10
OBS-00003911,PT-000684,ENC-0001957,2339-0,Glucose,220.1,mg/dL,2025-01-04
OBS-00003912,PT-000684,ENC-0001957,4548-4,Hemoglobin A1c,8.7,%,2025-01-04
OBS-00003913,PT-000684,ENC-0001957,8462-4,Diastolic blood pressure,84.3,mmHg,2025-01-04
OBS-00003914,PT-000684,ENC-0001958,2160-0,Creatinine,1.1,mg/dL,2025-08-07
OBS-00003915,PT-000684,ENC-0001958,2339-0,Glucose,258.8,mg/dL,2025-08-07
OBS-00003916,PT-000684,ENC-0001958,4548-4,Hemoglobin A1c,10.8,%,2025-08-07
OBS-00003917,PT-000684,ENC-0001959,718-7,Hemoglobin,12.0,g/dL,2025-08-01
OBS-00003918,PT-000684,ENC-0001960,4548-4,Hemoglobin A1c,8.8,%,2025-04-29
OBS-00003919,PT-000684,ENC-0001961,4548-4,Hemoglobin A1c,12.2,%,2025-12-30
OBS-00003920,PT-000684,ENC-0001961,8480-6,Systolic blood pressure,139.1,mmHg,2025-12-30
OBS-00003921,PT-000684,ENC-0001961,2160-0,Creatinine,2.2,mg/dL,2025-12-30
OBS-00003922,PT-000685,ENC-0001962,4548-4,Hemoglobin A1c,6.9,%,2026-02-12
OBS-00003923,PT-000685,ENC-0001962,4548-4,Hemoglobin A1c,10.6,%,2026-02-12
OBS-00003924,PT-000685,ENC-0001962,8462-4,Diastolic blood pressure,108.1,mmHg,2026-02-12
OBS-00003925,PT-000685,ENC-0001963,8462-4,Diastolic blood pressure,106.2,mmHg,2024-09-29
OBS-00003926,PT-000685,ENC-0001963,718-7,Hemoglobin,15.0,g/dL,2024-09-29
OBS-00003927,PT-000685,ENC-0001963,2160-0,Creatinine,3.4,mg/dL,2024-09-29
OBS-00003928,PT-000685,ENC-0001964,718-7,Hemoglobin,8.9,g/dL,2025-11-30
OBS-00003929,PT-000685,ENC-0001964,2160-0,Creatinine,0.7,mg/dL,2025-11-30
OBS-00003930,PT-000685,ENC-0001964,8462-4,Diastolic blood pressure,69.1,mmHg,2025-11-30
OBS-00003931,PT-000685,ENC-0001965,2160-0,Creatinine,4.1,mg/dL,2025-04-02
OBS-00003932,PT-000686,ENC-0001966,4548-4,Hemoglobin A1c,5.2,%,2025-05-02
OBS-00003933,PT-000686,ENC-0001966,718-7,Hemoglobin,10.4,g/dL,2025-05-02
OBS-00003934,PT-000686,ENC-0001967,718-7,Hemoglobin,8.6,g/dL,2026-01-10
OBS-00003935,PT-000686,ENC-0001967,4548-4,Hemoglobin A1c,10.2,%,2026-01-10
OBS-00003936,PT-000686,ENC-0001967,2339-0,Glucose,316.6,mg/dL,2026-01-10
OBS-00003937,PT-000686,ENC-0001968,8462-4,Diastolic blood pressure,108.1,mmHg,2024-09-29
OBS-00003938,PT-000686,ENC-0001968,718-7,Hemoglobin,10.9,g/dL,2024-09-29
OBS-00003939,PT-000686,ENC-0001968,2160-0,Creatinine,4.3,mg/dL,2024-09-29
OBS-00003940,PT-000686,ENC-0001969,2339-0,Glucose,235.8,mg/dL,2025-11-21
OBS-00003941,PT-000687,ENC-0001970,4548-4,Hemoglobin A1c,9.2,%,2026-04-10
OBS-00003942,PT-000687,ENC-0001971,718-7,Hemoglobin,12.3,g/dL,2024-10-30
OBS-00003943,PT-000687,ENC-0001971,718-7,Hemoglobin,16.6,g/dL,2024-10-30
OBS-00003944,PT-000688,ENC-0001972,2160-0,Creatinine,4.4,mg/dL,2026-01-01
OBS-00003945,PT-000688,ENC-0001973,2160-0,Creatinine,3.3,mg/dL,2025-01-15
OBS-00003946,PT-000688,ENC-0001973,2160-0,Creatinine,4.3,mg/dL,2025-01-15
OBS-00003947,PT-000689,ENC-0001974,4548-4,Hemoglobin A1c,5.4,%,2025-12-18
OBS-00003948,PT-000690,ENC-0001975,8462-4,Diastolic blood pressure,87.8,mmHg,2026-05-01
OBS-00003949,PT-000690,ENC-0001976,718-7,Hemoglobin,13.0,g/dL,2026-06-19
OBS-00003950,PT-000690,ENC-0001976,2160-0,Creatinine,3.8,mg/dL,2026-06-19
OBS-00003951,PT-000690,ENC-0001976,2339-0,Glucose,106.7,mg/dL,2026-06-19
OBS-00003952,PT-000690,ENC-0001977,2160-0,Creatinine,1.2,mg/dL,2026-04-18
OBS-00003953,PT-000690,ENC-0001977,4548-4,Hemoglobin A1c,12.0,%,2026-04-18
OBS-00003954,PT-000691,ENC-0001978,4548-4,Hemoglobin A1c,10.3,%,2025-12-10
OBS-00003955,PT-000691,ENC-0001979,2160-0,Creatinine,1.7,mg/dL,2026-07-21
OBS-00003956,PT-000691,ENC-0001980,718-7,Hemoglobin,13.3,g/dL,2024-12-29
OBS-00003957,PT-000691,ENC-0001980,718-7,Hemoglobin,15.4,g/dL,2024-12-29
OBS-00003958,PT-000691,ENC-0001981,2160-0,Creatinine,3.3,mg/dL,2025-10-23
OBS-00003959,PT-000691,ENC-0001981,2339-0,Glucose,309.7,mg/dL,2025-10-23
OBS-00003960,PT-000692,ENC-0001982,2160-0,Creatinine,3.9,mg/dL,2026-02-07
OBS-00003961,PT-000692,ENC-0001982,4548-4,Hemoglobin A1c,9.5,%,2026-02-07
OBS-00003962,PT-000692,ENC-0001982,8462-4,Diastolic blood pressure,58.2,mmHg,2026-02-07
OBS-00003963,PT-000692,ENC-0001983,718-7,Hemoglobin,11.7,g/dL,2025-07-15
OBS-00003964,PT-000692,ENC-0001983,8462-4,Diastolic blood pressure,108.9,mmHg,2025-07-15
OBS-00003965,PT-000692,ENC-0001983,8462-4,Diastolic blood pressure,94.5,mmHg,2025-07-15
OBS-00003966,PT-000692,ENC-0001984,2339-0,Glucose,307.7,mg/dL,2025-02-06
OBS-00003967,PT-000692,ENC-0001984,8480-6,Systolic blood pressure,119.1,mmHg,2025-02-06
OBS-00003968,PT-000692,ENC-0001985,8462-4,Diastolic blood pressure,107.5,mmHg,2024-10-30
OBS-00003969,PT-000692,ENC-0001986,2160-0,Creatinine,2.9,mg/dL,2025-10-12
OBS-00003970,PT-000692,ENC-0001986,8480-6,Systolic blood pressure,181.0,mmHg,2025-10-12
OBS-00003971,PT-000692,ENC-0001987,2339-0,Glucose,255.2,mg/dL,2024-10-12
OBS-00003972,PT-000692,ENC-0001987,2339-0,Glucose,235.4,mg/dL,2024-10-12
OBS-00003973,PT-000692,ENC-0001987,2160-0,Creatinine,2.6,mg/dL,2024-10-12
OBS-00003974,PT-000693,ENC-0001988,8480-6,Systolic blood pressure,178.3,mmHg,2024-09-21
OBS-00003975,PT-000693,ENC-0001988,8462-4,Diastolic blood pressure,96.7,mmHg,2024-09-21
OBS-00003976,PT-000693,ENC-0001988,2339-0,Glucose,149.4,mg/dL,2024-09-21
OBS-00003977,PT-000694,ENC-0001989,4548-4,Hemoglobin A1c,11.8,%,2025-08-23
OBS-00003978,PT-000694,ENC-0001990,8462-4,Diastolic blood pressure,72.7,mmHg,2025-06-05
OBS-00003979,PT-000694,ENC-0001990,8462-4,Diastolic blood pressure,77.7,mmHg,2025-06-05
OBS-00003980,PT-000694,ENC-0001990,2339-0,Glucose,200.1,mg/dL,2025-06-05
OBS-00003981,PT-000694,ENC-0001991,2339-0,Glucose,213.3,mg/dL,2026-03-19
OBS-00003982,PT-000694,ENC-0001991,718-7,Hemoglobin,9.1,g/dL,2026-03-19
OBS-00003983,PT-000694,ENC-0001991,8462-4,Diastolic blood pressure,60.3,mmHg,2026-03-19
OBS-00003984,PT-000694,ENC-0001992,718-7,Hemoglobin,16.5,g/dL,2026-07-18
OBS-00003985,PT-000694,ENC-0001992,4548-4,Hemoglobin A1c,6.0,%,2026-07-18
OBS-00003986,PT-000694,ENC-0001992,8480-6,Systolic blood pressure,176.3,mmHg,2026-07-18
OBS-00003987,PT-000694,ENC-0001993,718-7,Hemoglobin,11.1,g/dL,2024-10-10
OBS-00003988,PT-000694,ENC-0001993,8480-6,Systolic blood pressure,101.5,mmHg,2024-10-10
OBS-00003989,PT-000695,ENC-0001994,718-7,Hemoglobin,11.6,g/dL,2026-05-13
OBS-00003990,PT-000695,ENC-0001994,2339-0,Glucose,258.6,mg/dL,2026-05-13
OBS-00003991,PT-000696,ENC-0001995,718-7,Hemoglobin,8.9,g/dL,2025-12-15
OBS-00003992,PT-000696,ENC-0001995,4548-4,Hemoglobin A1c,8.2,%,2025-12-15
OBS-00003993,PT-000696,ENC-0001995,718-7,Hemoglobin,15.0,g/dL,2025-12-15
OBS-00003994,PT-000696,ENC-0001996,8462-4,Diastolic blood pressure,59.3,mmHg,2026-01-31
OBS-00003995,PT-000697,ENC-0001997,8462-4,Diastolic blood pressure,57.9,mmHg,2025-01-01
OBS-00003996,PT-000698,ENC-0001998,2339-0,Glucose,263.5,mg/dL,2025-08-02
OBS-00003997,PT-000698,ENC-0001998,2160-0,Creatinine,2.6,mg/dL,2025-08-02
OBS-00003998,PT-000698,ENC-0001999,2339-0,Glucose,146.0,mg/dL,2026-01-11
OBS-00003999,PT-000698,ENC-0001999,8480-6,Systolic blood pressure,171.8,mmHg,2026-01-11
OBS-00004000,PT-000698,ENC-0001999,2160-0,Creatinine,3.6,mg/dL,2026-01-11
OBS-00004001,PT-000698,ENC-0002000,4548-4,Hemoglobin A1c,7.6,%,2025-04-04
OBS-00004002,PT-000698,ENC-0002000,718-7,Hemoglobin,15.6,g/dL,2025-04-04
OBS-00004003,PT-000698,ENC-0002001,4548-4,Hemoglobin A1c,10.5,%,2026-07-07
OBS-00004004,PT-000698,ENC-0002001,718-7,Hemoglobin,11.8,g/dL,2026-07-07
OBS-00004005,PT-000698,ENC-0002002,718-7,Hemoglobin,10.5,g/dL,2025-08-12
OBS-00004006,PT-000699,ENC-0002003,718-7,Hemoglobin,9.1,g/dL,2026-01-17
OBS-00004007,PT-000699,ENC-0002003,8480-6,Systolic blood pressure,95.8,mmHg,2026-01-17
OBS-00004008,PT-000699,ENC-0002004,2339-0,Glucose,244.6,mg/dL,2025-11-16
OBS-00004009,PT-000699,ENC-0002004,2339-0,Glucose,187.4,mg/dL,2025-11-16
OBS-00004010,PT-000699,ENC-0002005,8462-4,Diastolic blood pressure,69.5,mmHg,2026-05-14
OBS-00004011,PT-000699,ENC-0002005,2160-0,Creatinine,0.9,mg/dL,2026-05-14
OBS-00004012,PT-000699,ENC-0002006,8462-4,Diastolic blood pressure,103.5,mmHg,2025-04-18
OBS-00004013,PT-000699,ENC-0002006,8462-4,Diastolic blood pressure,89.7,mmHg,2025-04-18
OBS-00004014,PT-000700,ENC-0002007,8480-6,Systolic blood pressure,127.3,mmHg,2025-07-21
OBS-00004015,PT-000700,ENC-0002007,718-7,Hemoglobin,13.9,g/dL,2025-07-21
OBS-00004016,PT-000700,ENC-0002007,718-7,Hemoglobin,16.1,g/dL,2025-07-21
OBS-00004017,PT-000700,ENC-0002008,8480-6,Systolic blood pressure,115.4,mmHg,2025-05-11
OBS-00004018,PT-000700,ENC-0002008,8462-4,Diastolic blood pressure,80.2,mmHg,2025-05-11
OBS-00004019,PT-000700,ENC-0002008,718-7,Hemoglobin,11.3,g/dL,2025-05-11
OBS-00004020,PT-000700,ENC-0002009,4548-4,Hemoglobin A1c,10.2,%,2024-11-15
OBS-00004021,PT-000701,ENC-0002010,718-7,Hemoglobin,8.2,g/dL,2025-06-16
OBS-00004022,PT-000701,ENC-0002010,8480-6,Systolic blood pressure,95.2,mmHg,2025-06-16
OBS-00004023,PT-000701,ENC-0002010,718-7,Hemoglobin,10.6,g/dL,2025-06-16
OBS-00004024,PT-000701,ENC-0002011,2339-0,Glucose,261.5,mg/dL,2025-10-25
OBS-00004025,PT-000701,ENC-0002011,4548-4,Hemoglobin A1c,5.5,%,2025-10-25
OBS-00004026,PT-000701,ENC-0002012,2339-0,Glucose,282.8,mg/dL,2025-07-11
OBS-00004027,PT-000701,ENC-0002012,8480-6,Systolic blood pressure,95.6,mmHg,2025-07-11
OBS-00004028,PT-000701,ENC-0002012,718-7,Hemoglobin,15.6,g/dL,2025-07-11
OBS-00004029,PT-000701,ENC-0002013,718-7,Hemoglobin,8.7,g/dL,2025-11-21
OBS-00004030,PT-000701,ENC-0002013,8462-4,Diastolic blood pressure,109.5,mmHg,2025-11-21
OBS-00004031,PT-000701,ENC-0002014,8480-6,Systolic blood pressure,134.3,mmHg,2026-06-17
OBS-00004032,PT-000701,ENC-0002014,8480-6,Systolic blood pressure,103.2,mmHg,2026-06-17
OBS-00004033,PT-000702,ENC-0002015,4548-4,Hemoglobin A1c,6.5,%,2024-12-31
OBS-00004034,PT-000702,ENC-0002016,8462-4,Diastolic blood pressure,71.0,mmHg,2026-02-23
OBS-00004035,PT-000702,ENC-0002016,8480-6,Systolic blood pressure,184.6,mmHg,2026-02-23
OBS-00004036,PT-000703,ENC-0002017,2160-0,Creatinine,0.6,mg/dL,2025-05-13
OBS-00004037,PT-000703,ENC-0002018,2339-0,Glucose,117.5,mg/dL,2026-01-26
OBS-00004038,PT-000703,ENC-0002018,2160-0,Creatinine,1.8,mg/dL,2026-01-26
OBS-00004039,PT-000703,ENC-0002019,8462-4,Diastolic blood pressure,104.7,mmHg,2026-06-25
OBS-00004040,PT-000703,ENC-0002019,8462-4,Diastolic blood pressure,106.2,mmHg,2026-06-25
OBS-00004041,PT-000703,ENC-0002020,4548-4,Hemoglobin A1c,10.7,%,2025-02-06
OBS-00004042,PT-000703,ENC-0002020,2339-0,Glucose,229.9,mg/dL,2025-02-06
OBS-00004043,PT-000703,ENC-0002021,8480-6,Systolic blood pressure,170.3,mmHg,2024-10-24
OBS-00004044,PT-000703,ENC-0002021,8480-6,Systolic blood pressure,146.5,mmHg,2024-10-24
OBS-00004045,PT-000703,ENC-0002021,4548-4,Hemoglobin A1c,5.3,%,2024-10-24
OBS-00004046,PT-000703,ENC-0002022,718-7,Hemoglobin,15.0,g/dL,2025-02-25
OBS-00004047,PT-000703,ENC-0002023,718-7,Hemoglobin,11.9,g/dL,2026-04-22
OBS-00004048,PT-000704,ENC-0002024,8462-4,Diastolic blood pressure,109.3,mmHg,2024-10-24
OBS-00004049,PT-000704,ENC-0002025,4548-4,Hemoglobin A1c,5.9,%,2026-06-16
OBS-00004050,PT-000704,ENC-0002025,2339-0,Glucose,246.0,mg/dL,2026-06-16
OBS-00004051,PT-000704,ENC-0002025,8462-4,Diastolic blood pressure,55.9,mmHg,2026-06-16
OBS-00004052,PT-000704,ENC-0002026,718-7,Hemoglobin,9.3,g/dL,2026-03-25
OBS-00004053,PT-000704,ENC-0002026,2160-0,Creatinine,2.8,mg/dL,2026-03-25
OBS-00004054,PT-000705,ENC-0002027,2160-0,Creatinine,3.0,mg/dL,2025-06-16
OBS-00004055,PT-000705,ENC-0002027,718-7,Hemoglobin,15.9,g/dL,2025-06-16
OBS-00004056,PT-000705,ENC-0002027,718-7,Hemoglobin,13.1,g/dL,2025-06-16
OBS-00004057,PT-000706,ENC-0002028,8462-4,Diastolic blood pressure,59.6,mmHg,2025-04-04
OBS-00004058,PT-000707,ENC-0002029,8480-6,Systolic blood pressure,125.7,mmHg,2024-11-30
OBS-00004059,PT-000707,ENC-0002030,2160-0,Creatinine,4.0,mg/dL,2025-10-13
OBS-00004060,PT-000707,ENC-0002031,8462-4,Diastolic blood pressure,66.3,mmHg,2024-12-28
OBS-00004061,PT-000707,ENC-0002031,8462-4,Diastolic blood pressure,55.5,mmHg,2024-12-28
OBS-00004062,PT-000708,ENC-0002032,718-7,Hemoglobin,16.3,g/dL,2026-03-11
OBS-00004063,PT-000708,ENC-0002032,2339-0,Glucose,141.3,mg/dL,2026-03-11
OBS-00004064,PT-000708,ENC-0002032,2160-0,Creatinine,1.6,mg/dL,2026-03-11
OBS-00004065,PT-000708,ENC-0002033,8480-6,Systolic blood pressure,140.9,mmHg,2026-04-01
OBS-00004066,PT-000708,ENC-0002033,2339-0,Glucose,124.3,mg/dL,2026-04-01
OBS-00004067,PT-000708,ENC-0002033,8480-6,Systolic blood pressure,180.6,mmHg,2026-04-01
OBS-00004068,PT-000708,ENC-0002034,8462-4,Diastolic blood pressure,80.9,mmHg,2026-05-30
OBS-00004069,PT-000708,ENC-0002034,718-7,Hemoglobin,15.2,g/dL,2026-05-30
OBS-00004070,PT-000709,ENC-0002035,718-7,Hemoglobin,14.3,g/dL,2025-10-15
OBS-00004071,PT-000709,ENC-0002035,4548-4,Hemoglobin A1c,5.6,%,2025-10-15
OBS-00004072,PT-000709,ENC-0002036,718-7,Hemoglobin,15.3,g/dL,2025-11-05
OBS-00004073,PT-000709,ENC-0002037,718-7,Hemoglobin,11.2,g/dL,2026-09-06
OBS-00004074,PT-000709,ENC-0002037,4548-4,Hemoglobin A1c,5.3,%,2026-09-06
OBS-00004075,PT-000709,ENC-0002037,4548-4,Hemoglobin A1c,6.4,%,2026-09-06
OBS-00004076,PT-000709,ENC-0002038,718-7,Hemoglobin,12.8,g/dL,2024-10-16
OBS-00004077,PT-000709,ENC-0002039,4548-4,Hemoglobin A1c,6.7,%,2026-09-04
OBS-00004078,PT-000709,ENC-0002039,2339-0,Glucose,123.9,mg/dL,2026-09-04
OBS-00004079,PT-000710,ENC-0002040,8480-6,Systolic blood pressure,118.2,mmHg,2024-11-09
OBS-00004080,PT-000710,ENC-0002041,8462-4,Diastolic blood pressure,74.1,mmHg,2024-12-10
OBS-00004081,PT-000710,ENC-0002041,718-7,Hemoglobin,10.3,g/dL,2024-12-10
OBS-00004082,PT-000710,ENC-0002042,2160-0,Creatinine,1.4,mg/dL,2025-07-07
OBS-00004083,PT-000710,ENC-0002042,718-7,Hemoglobin,10.5,g/dL,2025-07-07
OBS-00004084,PT-000711,ENC-0002043,2339-0,Glucose,279.3,mg/dL,2025-03-18
OBS-00004085,PT-000711,ENC-0002043,8480-6,Systolic blood pressure,114.8,mmHg,2025-03-18
OBS-00004086,PT-000711,ENC-0002044,718-7,Hemoglobin,10.9,g/dL,2025-01-18
OBS-00004087,PT-000712,ENC-0002045,8462-4,Diastolic blood pressure,65.4,mmHg,2026-04-13
OBS-00004088,PT-000712,ENC-0002046,2160-0,Creatinine,4.1,mg/dL,2025-12-29
OBS-00004089,PT-000713,ENC-0002047,8462-4,Diastolic blood pressure,93.7,mmHg,2026-03-22
OBS-00004090,PT-000713,ENC-0002048,4548-4,Hemoglobin A1c,7.9,%,2026-01-23
OBS-00004091,PT-000713,ENC-0002049,2339-0,Glucose,116.7,mg/dL,2024-11-23
OBS-00004092,PT-000713,ENC-0002049,4548-4,Hemoglobin A1c,10.6,%,2024-11-23
OBS-00004093,PT-000713,ENC-0002050,8462-4,Diastolic blood pressure,90.1,mmHg,2026-04-19
OBS-00004094,PT-000713,ENC-0002050,2160-0,Creatinine,4.4,mg/dL,2026-04-19
OBS-00004095,PT-000713,ENC-0002050,2160-0,Creatinine,4.0,mg/dL,2026-04-19
OBS-00004096,PT-000714,ENC-0002051,718-7,Hemoglobin,11.5,g/dL,2026-02-06
OBS-00004097,PT-000714,ENC-0002052,718-7,Hemoglobin,16.2,g/dL,2025-12-12
OBS-00004098,PT-000714,ENC-0002052,2339-0,Glucose,177.6,mg/dL,2025-12-12
OBS-00004099,PT-000714,ENC-0002052,2160-0,Creatinine,4.2,mg/dL,2025-12-12
OBS-00004100,PT-000714,ENC-0002053,718-7,Hemoglobin,10.9,g/dL,2026-06-03
OBS-00004101,PT-000714,ENC-0002053,8462-4,Diastolic blood pressure,99.9,mmHg,2026-06-03
OBS-00004102,PT-000714,ENC-0002053,4548-4,Hemoglobin A1c,7.7,%,2026-06-03
OBS-00004103,PT-000714,ENC-0002054,2339-0,Glucose,234.5,mg/dL,2026-09-16
OBS-00004104,PT-000714,ENC-0002054,8462-4,Diastolic blood pressure,78.2,mmHg,2026-09-16
OBS-00004105,PT-000714,ENC-0002054,2339-0,Glucose,226.4,mg/dL,2026-09-16
OBS-00004106,PT-000715,ENC-0002055,2160-0,Creatinine,1.2,mg/dL,2026-04-14
OBS-00004107,PT-000715,ENC-0002056,8480-6,Systolic blood pressure,118.0,mmHg,2026-04-21
OBS-00004108,PT-000715,ENC-0002056,8480-6,Systolic blood pressure,174.9,mmHg,2026-04-21
OBS-00004109,PT-000715,ENC-0002056,2160-0,Creatinine,2.6,mg/dL,2026-04-21
OBS-00004110,PT-000715,ENC-0002057,2160-0,Creatinine,1.5,mg/dL,2025-04-08
OBS-00004111,PT-000715,ENC-0002057,718-7,Hemoglobin,9.4,g/dL,2025-04-08
OBS-00004112,PT-000716,ENC-0002058,2160-0,Creatinine,2.6,mg/dL,2026-05-14
OBS-00004113,PT-000716,ENC-0002058,2339-0,Glucose,111.9,mg/dL,2026-05-14
OBS-00004114,PT-000716,ENC-0002058,4548-4,Hemoglobin A1c,10.5,%,2026-05-14
OBS-00004115,PT-000716,ENC-0002059,8480-6,Systolic blood pressure,113.4,mmHg,2026-08-04
OBS-00004116,PT-000716,ENC-0002059,8462-4,Diastolic blood pressure,70.7,mmHg,2026-08-04
OBS-00004117,PT-000717,ENC-0002060,718-7,Hemoglobin,9.0,g/dL,2024-09-27
OBS-00004118,PT-000717,ENC-0002060,8462-4,Diastolic blood pressure,67.7,mmHg,2024-09-27
OBS-00004119,PT-000717,ENC-0002060,2160-0,Creatinine,1.2,mg/dL,2024-09-27
OBS-00004120,PT-000718,ENC-0002061,4548-4,Hemoglobin A1c,6.8,%,2025-05-16
OBS-00004121,PT-000718,ENC-0002061,8480-6,Systolic blood pressure,156.3,mmHg,2025-05-16
OBS-00004122,PT-000718,ENC-0002061,8480-6,Systolic blood pressure,183.0,mmHg,2025-05-16
OBS-00004123,PT-000718,ENC-0002062,2160-0,Creatinine,3.2,mg/dL,2025-06-07
OBS-00004124,PT-000718,ENC-0002062,8462-4,Diastolic blood pressure,69.9,mmHg,2025-06-07
OBS-00004125,PT-000718,ENC-0002062,2339-0,Glucose,210.5,mg/dL,2025-06-07
OBS-00004126,PT-000718,ENC-0002063,2339-0,Glucose,144.0,mg/dL,2025-11-02
OBS-00004127,PT-000718,ENC-0002064,718-7,Hemoglobin,12.0,g/dL,2026-04-10
OBS-00004128,PT-000718,ENC-0002065,4548-4,Hemoglobin A1c,10.3,%,2026-08-15
OBS-00004129,PT-000719,ENC-0002066,8480-6,Systolic blood pressure,100.0,mmHg,2025-11-09
OBS-00004130,PT-000719,ENC-0002066,2339-0,Glucose,306.4,mg/dL,2025-11-09
OBS-00004131,PT-000719,ENC-0002066,718-7,Hemoglobin,15.2,g/dL,2025-11-09
OBS-00004132,PT-000719,ENC-0002067,2339-0,Glucose,90.7,mg/dL,2025-02-20
OBS-00004133,PT-000719,ENC-0002068,8462-4,Diastolic blood pressure,62.6,mmHg,2026-02-12
OBS-00004134,PT-000719,ENC-0002068,718-7,Hemoglobin,10.1,g/dL,2026-02-12
OBS-00004135,PT-000719,ENC-0002068,8480-6,Systolic blood pressure,162.0,mmHg,2026-02-12
OBS-00004136,PT-000719,ENC-0002069,718-7,Hemoglobin,10.9,g/dL,2026-08-25
OBS-00004137,PT-000719,ENC-0002069,8480-6,Systolic blood pressure,137.6,mmHg,2026-08-25
OBS-00004138,PT-000719,ENC-0002069,718-7,Hemoglobin,14.3,g/dL,2026-08-25
OBS-00004139,PT-000720,ENC-0002070,4548-4,Hemoglobin A1c,11.9,%,2024-12-28
OBS-00004140,PT-000720,ENC-0002070,4548-4,Hemoglobin A1c,11.0,%,2024-12-28
OBS-00004141,PT-000720,ENC-0002071,8480-6,Systolic blood pressure,124.0,mmHg,2025-10-26
OBS-00004142,PT-000720,ENC-0002071,8462-4,Diastolic blood pressure,95.8,mmHg,2025-10-26
OBS-00004143,PT-000720,ENC-0002072,8462-4,Diastolic blood pressure,96.3,mmHg,2026-03-19
OBS-00004144,PT-000720,ENC-0002072,4548-4,Hemoglobin A1c,9.6,%,2026-03-19
OBS-00004145,PT-000720,ENC-0002073,8462-4,Diastolic blood pressure,81.5,mmHg,2025-12-29
OBS-00004146,PT-000720,ENC-0002073,2339-0,Glucose,239.5,mg/dL,2025-12-29
OBS-00004147,PT-000721,ENC-0002074,8462-4,Diastolic blood pressure,76.7,mmHg,2026-07-14
OBS-00004148,PT-000721,ENC-0002074,8480-6,Systolic blood pressure,103.6,mmHg,2026-07-14
OBS-00004149,PT-000721,ENC-0002075,718-7,Hemoglobin,12.2,g/dL,2025-05-11
OBS-00004150,PT-000721,ENC-0002075,8480-6,Systolic blood pressure,173.3,mmHg,2025-05-11
OBS-00004151,PT-000721,ENC-0002076,4548-4,Hemoglobin A1c,12.1,%,2025-05-07
OBS-00004152,PT-000721,ENC-0002077,718-7,Hemoglobin,13.5,g/dL,2026-06-30
OBS-00004153,PT-000721,ENC-0002077,8462-4,Diastolic blood pressure,86.3,mmHg,2026-06-30
OBS-00004154,PT-000721,ENC-0002077,2160-0,Creatinine,0.8,mg/dL,2026-06-30
OBS-00004155,PT-000721,ENC-0002078,8480-6,Systolic blood pressure,115.2,mmHg,2025-07-27
OBS-00004156,PT-000721,ENC-0002078,2339-0,Glucose,286.2,mg/dL,2025-07-27
OBS-00004157,PT-000721,ENC-0002078,2160-0,Creatinine,2.4,mg/dL,2025-07-27
OBS-00004158,PT-000722,ENC-0002079,2339-0,Glucose,282.9,mg/dL,2024-10-10
OBS-00004159,PT-000722,ENC-0002079,8462-4,Diastolic blood pressure,105.0,mmHg,2024-10-10
OBS-00004160,PT-000722,ENC-0002080,8462-4,Diastolic blood pressure,69.3,mmHg,2024-12-21
OBS-00004161,PT-000722,ENC-0002080,718-7,Hemoglobin,10.8,g/dL,2024-12-21
OBS-00004162,PT-000722,ENC-0002080,8480-6,Systolic blood pressure,135.4,mmHg,2024-12-21
OBS-00004163,PT-000723,ENC-0002081,718-7,Hemoglobin,14.7,g/dL,2026-01-03
OBS-00004164,PT-000724,ENC-0002082,2339-0,Glucose,191.6,mg/dL,2026-09-05
OBS-00004165,PT-000724,ENC-0002083,8480-6,Systolic blood pressure,96.9,mmHg,2025-05-31
OBS-00004166,PT-000724,ENC-0002083,4548-4,Hemoglobin A1c,6.6,%,2025-05-31
OBS-00004167,PT-000724,ENC-0002083,2339-0,Glucose,107.3,mg/dL,2025-05-31
OBS-00004168,PT-000725,ENC-0002084,2160-0,Creatinine,3.6,mg/dL,2026-01-10
OBS-00004169,PT-000726,ENC-0002085,8480-6,Systolic blood pressure,102.7,mmHg,2025-09-25
OBS-00004170,PT-000726,ENC-0002085,8462-4,Diastolic blood pressure,101.6,mmHg,2025-09-25
OBS-00004171,PT-000726,ENC-0002086,4548-4,Hemoglobin A1c,11.0,%,2025-08-08
OBS-00004172,PT-000726,ENC-0002087,8480-6,Systolic blood pressure,178.2,mmHg,2025-11-10
OBS-00004173,PT-000726,ENC-0002087,8462-4,Diastolic blood pressure,87.7,mmHg,2025-11-10
OBS-00004174,PT-000726,ENC-0002087,8480-6,Systolic blood pressure,109.7,mmHg,2025-11-10
OBS-00004175,PT-000726,ENC-0002088,8480-6,Systolic blood pressure,127.7,mmHg,2026-06-26
OBS-00004176,PT-000726,ENC-0002089,8462-4,Diastolic blood pressure,106.5,mmHg,2025-12-23
OBS-00004177,PT-000726,ENC-0002089,2160-0,Creatinine,2.8,mg/dL,2025-12-23
OBS-00004178,PT-000726,ENC-0002089,2160-0,Creatinine,2.6,mg/dL,2025-12-23
OBS-00004179,PT-000727,ENC-0002090,8480-6,Systolic blood pressure,157.1,mmHg,2025-08-21
OBS-00004180,PT-000727,ENC-0002090,8480-6,Systolic blood pressure,128.8,mmHg,2025-08-21
OBS-00004181,PT-000727,ENC-0002091,2339-0,Glucose,181.0,mg/dL,2025-03-13
OBS-00004182,PT-000727,ENC-0002091,4548-4,Hemoglobin A1c,10.0,%,2025-03-13
OBS-00004183,PT-000727,ENC-0002092,8462-4,Diastolic blood pressure,101.7,mmHg,2025-01-25
OBS-00004184,PT-000727,ENC-0002092,718-7,Hemoglobin,9.9,g/dL,2025-01-25
OBS-00004185,PT-000727,ENC-0002092,2160-0,Creatinine,2.8,mg/dL,2025-01-25
OBS-00004186,PT-000727,ENC-0002093,4548-4,Hemoglobin A1c,6.4,%,2026-03-24
OBS-00004187,PT-000727,ENC-0002093,4548-4,Hemoglobin A1c,10.5,%,2026-03-24
OBS-00004188,PT-000728,ENC-0002094,718-7,Hemoglobin,11.9,g/dL,2025-03-21
OBS-00004189,PT-000728,ENC-0002095,2160-0,Creatinine,4.2,mg/dL,2026-01-10
OBS-00004190,PT-000728,ENC-0002096,8462-4,Diastolic blood pressure,77.2,mmHg,2026-07-30
OBS-00004191,PT-000728,ENC-0002096,8462-4,Diastolic blood pressure,83.0,mmHg,2026-07-30
OBS-00004192,PT-000728,ENC-0002096,2160-0,Creatinine,4.2,mg/dL,2026-07-30
OBS-00004193,PT-000728,ENC-0002097,718-7,Hemoglobin,10.1,g/dL,2025-11-29
OBS-00004194,PT-000728,ENC-0002097,8480-6,Systolic blood pressure,148.4,mmHg,2025-11-29
OBS-00004195,PT-000728,ENC-0002097,8480-6,Systolic blood pressure,142.2,mmHg,2025-11-29
OBS-00004196,PT-000728,ENC-0002098,718-7,Hemoglobin,15.9,g/dL,2026-07-04
OBS-00004197,PT-000728,ENC-0002098,2160-0,Creatinine,3.1,mg/dL,2026-07-04
OBS-00004198,PT-000728,ENC-0002098,718-7,Hemoglobin,8.6,g/dL,2026-07-04
OBS-00004199,PT-000729,ENC-0002099,8462-4,Diastolic blood pressure,57.5,mmHg,2026-02-20
OBS-00004200,PT-000729,ENC-0002099,2339-0,Glucose,319.7,mg/dL,2026-02-20
OBS-00004201,PT-000729,ENC-0002099,718-7,Hemoglobin,12.5,g/dL,2026-02-20
OBS-00004202,PT-000729,ENC-0002100,2339-0,Glucose,264.1,mg/dL,2024-11-21
OBS-00004203,PT-000730,ENC-0002101,2160-0,Creatinine,1.5,mg/dL,2025-09-29
OBS-00004204,PT-000731,ENC-0002102,2160-0,Creatinine,2.7,mg/dL,2025-03-24
OBS-00004205,PT-000731,ENC-0002103,8480-6,Systolic blood pressure,131.8,mmHg,2026-05-21
OBS-00004206,PT-000731,ENC-0002103,8462-4,Diastolic blood pressure,94.0,mmHg,2026-05-21
OBS-00004207,PT-000731,ENC-0002103,2339-0,Glucose,149.5,mg/dL,2026-05-21
OBS-00004208,PT-000732,ENC-0002104,718-7,Hemoglobin,9.2,g/dL,2026-03-10
OBS-00004209,PT-000732,ENC-0002104,8480-6,Systolic blood pressure,140.1,mmHg,2026-03-10
OBS-00004210,PT-000732,ENC-0002104,8462-4,Diastolic blood pressure,105.6,mmHg,2026-03-10
OBS-00004211,PT-000733,ENC-0002105,4548-4,Hemoglobin A1c,10.4,%,2025-04-19
OBS-00004212,PT-000733,ENC-0002105,8462-4,Diastolic blood pressure,92.5,mmHg,2025-04-19
OBS-00004213,PT-000733,ENC-0002105,2160-0,Creatinine,3.5,mg/dL,2025-04-19
OBS-00004214,PT-000733,ENC-0002106,4548-4,Hemoglobin A1c,9.1,%,2025-11-04
OBS-00004215,PT-000733,ENC-0002106,8462-4,Diastolic blood pressure,72.2,mmHg,2025-11-04
OBS-00004216,PT-000733,ENC-0002107,8480-6,Systolic blood pressure,168.9,mmHg,2025-11-04
OBS-00004217,PT-000733,ENC-0002107,718-7,Hemoglobin,14.4,g/dL,2025-11-04
OBS-00004218,PT-000733,ENC-0002107,4548-4,Hemoglobin A1c,5.5,%,2025-11-04
OBS-00004219,PT-000733,ENC-0002108,8480-6,Systolic blood pressure,108.8,mmHg,2024-10-14
OBS-00004220,PT-000733,ENC-0002108,718-7,Hemoglobin,12.9,g/dL,2024-10-14
OBS-00004221,PT-000733,ENC-0002109,4548-4,Hemoglobin A1c,8.9,%,2025-10-20
OBS-00004222,PT-000733,ENC-0002109,8462-4,Diastolic blood pressure,63.1,mmHg,2025-10-20
OBS-00004223,PT-000733,ENC-0002109,2160-0,Creatinine,1.0,mg/dL,2025-10-20
OBS-00004224,PT-000734,ENC-0002110,8462-4,Diastolic blood pressure,83.3,mmHg,2026-06-30
OBS-00004225,PT-000734,ENC-0002110,2160-0,Creatinine,4.0,mg/dL,2026-06-30
OBS-00004226,PT-000734,ENC-0002110,718-7,Hemoglobin,13.5,g/dL,2026-06-30
OBS-00004227,PT-000735,ENC-0002111,2160-0,Creatinine,1.4,mg/dL,2026-03-25
OBS-00004228,PT-000735,ENC-0002111,8480-6,Systolic blood pressure,145.0,mmHg,2026-03-25
OBS-00004229,PT-000735,ENC-0002111,8462-4,Diastolic blood pressure,93.6,mmHg,2026-03-25
OBS-00004230,PT-000735,ENC-0002112,2160-0,Creatinine,1.4,mg/dL,2025-07-04
OBS-00004231,PT-000736,ENC-0002113,2339-0,Glucose,194.0,mg/dL,2025-06-07
OBS-00004232,PT-000736,ENC-0002113,718-7,Hemoglobin,12.9,g/dL,2025-06-07
OBS-00004233,PT-000736,ENC-0002114,2339-0,Glucose,102.3,mg/dL,2025-10-05
OBS-00004234,PT-000736,ENC-0002115,2339-0,Glucose,282.3,mg/dL,2026-04-21
OBS-00004235,PT-000736,ENC-0002116,8462-4,Diastolic blood pressure,82.3,mmHg,2026-02-13
OBS-00004236,PT-000736,ENC-0002116,8462-4,Diastolic blood pressure,103.8,mmHg,2026-02-13
OBS-00004237,PT-000736,ENC-0002116,2160-0,Creatinine,4.1,mg/dL,2026-02-13
OBS-00004238,PT-000736,ENC-0002117,8462-4,Diastolic blood pressure,86.7,mmHg,2025-08-12
OBS-00004239,PT-000736,ENC-0002117,2160-0,Creatinine,1.5,mg/dL,2025-08-12
OBS-00004240,PT-000736,ENC-0002117,718-7,Hemoglobin,12.0,g/dL,2025-08-12
OBS-00004241,PT-000737,ENC-0002118,4548-4,Hemoglobin A1c,9.5,%,2025-11-16
OBS-00004242,PT-000738,ENC-0002119,8480-6,Systolic blood pressure,180.3,mmHg,2025-07-06
OBS-00004243,PT-000738,ENC-0002119,8462-4,Diastolic blood pressure,62.1,mmHg,2025-07-06
OBS-00004244,PT-000738,ENC-0002119,2160-0,Creatinine,0.8,mg/dL,2025-07-06
OBS-00004245,PT-000738,ENC-0002120,2160-0,Creatinine,0.9,mg/dL,2024-11-19
OBS-00004246,PT-000739,ENC-0002121,8462-4,Diastolic blood pressure,63.5,mmHg,2025-08-12
OBS-00004247,PT-000739,ENC-0002122,8462-4,Diastolic blood pressure,104.9,mmHg,2026-07-25
OBS-00004248,PT-000739,ENC-0002122,8480-6,Systolic blood pressure,156.1,mmHg,2026-07-25
OBS-00004249,PT-000739,ENC-0002122,2339-0,Glucose,248.8,mg/dL,2026-07-25
OBS-00004250,PT-000740,ENC-0002123,4548-4,Hemoglobin A1c,7.0,%,2025-10-07
OBS-00004251,PT-000740,ENC-0002124,8462-4,Diastolic blood pressure,95.5,mmHg,2025-07-16
OBS-00004252,PT-000740,ENC-0002124,8462-4,Diastolic blood pressure,79.2,mmHg,2025-07-16
OBS-00004253,PT-000740,ENC-0002124,718-7,Hemoglobin,11.6,g/dL,2025-07-16
OBS-00004254,PT-000741,ENC-0002125,4548-4,Hemoglobin A1c,4.8,%,2025-08-06
OBS-00004255,PT-000741,ENC-0002125,4548-4,Hemoglobin A1c,12.3,%,2025-08-06
OBS-00004256,PT-000741,ENC-0002126,8462-4,Diastolic blood pressure,65.3,mmHg,2026-08-07
OBS-00004257,PT-000741,ENC-0002126,2339-0,Glucose,266.9,mg/dL,2026-08-07
OBS-00004258,PT-000741,ENC-0002126,4548-4,Hemoglobin A1c,11.2,%,2026-08-07
OBS-00004259,PT-000741,ENC-0002127,8462-4,Diastolic blood pressure,91.3,mmHg,2026-09-03
OBS-00004260,PT-000741,ENC-0002127,8480-6,Systolic blood pressure,120.7,mmHg,2026-09-03
OBS-00004261,PT-000741,ENC-0002128,2339-0,Glucose,268.2,mg/dL,2025-02-16
OBS-00004262,PT-000741,ENC-0002128,2160-0,Creatinine,1.5,mg/dL,2025-02-16
OBS-00004263,PT-000741,ENC-0002128,8480-6,Systolic blood pressure,169.8,mmHg,2025-02-16
OBS-00004264,PT-000742,ENC-0002129,2160-0,Creatinine,2.7,mg/dL,2026-03-12
OBS-00004265,PT-000742,ENC-0002130,2339-0,Glucose,237.4,mg/dL,2024-10-20
OBS-00004266,PT-000742,ENC-0002131,2339-0,Glucose,81.1,mg/dL,2026-06-29
OBS-00004267,PT-000742,ENC-0002131,8480-6,Systolic blood pressure,165.4,mmHg,2026-06-29
OBS-00004268,PT-000743,ENC-0002132,718-7,Hemoglobin,15.7,g/dL,2025-08-01
OBS-00004269,PT-000743,ENC-0002132,4548-4,Hemoglobin A1c,11.7,%,2025-08-01
OBS-00004270,PT-000743,ENC-0002132,4548-4,Hemoglobin A1c,10.4,%,2025-08-01
OBS-00004271,PT-000744,ENC-0002133,8480-6,Systolic blood pressure,170.8,mmHg,2025-04-24
OBS-00004272,PT-000744,ENC-0002133,2160-0,Creatinine,4.0,mg/dL,2025-04-24
OBS-00004273,PT-000744,ENC-0002134,2160-0,Creatinine,1.9,mg/dL,2025-11-16
OBS-00004274,PT-000744,ENC-0002134,8480-6,Systolic blood pressure,127.8,mmHg,2025-11-16
OBS-00004275,PT-000744,ENC-0002134,8480-6,Systolic blood pressure,104.4,mmHg,2025-11-16
OBS-00004276,PT-000745,ENC-0002135,718-7,Hemoglobin,9.5,g/dL,2025-12-05
OBS-00004277,PT-000745,ENC-0002135,2160-0,Creatinine,1.2,mg/dL,2025-12-05
OBS-00004278,PT-000745,ENC-0002136,2339-0,Glucose,156.8,mg/dL,2026-03-04
OBS-00004279,PT-000746,ENC-0002137,718-7,Hemoglobin,8.6,g/dL,2025-04-21
OBS-00004280,PT-000746,ENC-0002137,8462-4,Diastolic blood pressure,75.6,mmHg,2025-04-21
OBS-00004281,PT-000746,ENC-0002137,4548-4,Hemoglobin A1c,6.4,%,2025-04-21
OBS-00004282,PT-000746,ENC-0002138,2160-0,Creatinine,1.6,mg/dL,2025-04-02
OBS-00004283,PT-000746,ENC-0002138,2160-0,Creatinine,1.7,mg/dL,2025-04-02
OBS-00004284,PT-000746,ENC-0002139,2160-0,Creatinine,1.6,mg/dL,2026-03-17
OBS-00004285,PT-000747,ENC-0002140,2160-0,Creatinine,1.0,mg/dL,2025-03-05
OBS-00004286,PT-000747,ENC-0002140,2160-0,Creatinine,0.7,mg/dL,2025-03-05
OBS-00004287,PT-000747,ENC-0002140,4548-4,Hemoglobin A1c,5.3,%,2025-03-05
OBS-00004288,PT-000747,ENC-0002141,4548-4,Hemoglobin A1c,7.2,%,2025-09-08
OBS-00004289,PT-000747,ENC-0002141,8462-4,Diastolic blood pressure,93.8,mmHg,2025-09-08
OBS-00004290,PT-000747,ENC-0002141,718-7,Hemoglobin,14.6,g/dL,2025-09-08
OBS-00004291,PT-000747,ENC-0002142,2339-0,Glucose,114.8,mg/dL,2026-03-11
OBS-00004292,PT-000747,ENC-0002142,8462-4,Diastolic blood pressure,76.2,mmHg,2026-03-11
OBS-00004293,PT-000747,ENC-0002143,4548-4,Hemoglobin A1c,7.4,%,2025-02-15
OBS-00004294,PT-000747,ENC-0002143,2339-0,Glucose,158.0,mg/dL,2025-02-15
OBS-00004295,PT-000747,ENC-0002144,8462-4,Diastolic blood pressure,96.7,mmHg,2025-12-20
OBS-00004296,PT-000747,ENC-0002144,8462-4,Diastolic blood pressure,58.6,mmHg,2025-12-20
OBS-00004297,PT-000747,ENC-0002145,4548-4,Hemoglobin A1c,6.7,%,2025-01-03
OBS-00004298,PT-000747,ENC-0002145,8480-6,Systolic blood pressure,123.2,mmHg,2025-01-03
OBS-00004299,PT-000748,ENC-0002146,2339-0,Glucose,247.8,mg/dL,2025-04-01
OBS-00004300,PT-000749,ENC-0002147,2160-0,Creatinine,4.0,mg/dL,2026-08-30
OBS-00004301,PT-000750,ENC-0002148,4548-4,Hemoglobin A1c,5.9,%,2025-09-19
OBS-00004302,PT-000750,ENC-0002148,718-7,Hemoglobin,11.7,g/dL,2025-09-19
OBS-00004303,PT-000750,ENC-0002149,8480-6,Systolic blood pressure,124.8,mmHg,2025-06-18
OBS-00004304,PT-000750,ENC-0002149,2160-0,Creatinine,1.0,mg/dL,2025-06-18
OBS-00004305,PT-000750,ENC-0002150,8480-6,Systolic blood pressure,157.9,mmHg,2025-02-18
OBS-00004306,PT-000750,ENC-0002150,8480-6,Systolic blood pressure,174.7,mmHg,2025-02-18
OBS-00004307,PT-000750,ENC-0002150,8462-4,Diastolic blood pressure,97.6,mmHg,2025-02-18
OBS-00004308,PT-000751,ENC-0002151,8462-4,Diastolic blood pressure,91.3,mmHg,2025-03-12
OBS-00004309,PT-000751,ENC-0002151,8480-6,Systolic blood pressure,146.7,mmHg,2025-03-12
OBS-00004310,PT-000751,ENC-0002151,718-7,Hemoglobin,8.4,g/dL,2025-03-12
OBS-00004311,PT-000751,ENC-0002152,8480-6,Systolic blood pressure,117.1,mmHg,2026-04-24
OBS-00004312,PT-000751,ENC-0002152,2339-0,Glucose,133.6,mg/dL,2026-04-24
OBS-00004313,PT-000752,ENC-0002153,2339-0,Glucose,197.7,mg/dL,2024-12-24
OBS-00004314,PT-000752,ENC-0002153,2160-0,Creatinine,3.5,mg/dL,2024-12-24
OBS-00004315,PT-000752,ENC-0002154,8462-4,Diastolic blood pressure,98.7,mmHg,2025-03-03
OBS-00004316,PT-000752,ENC-0002155,8462-4,Diastolic blood pressure,92.9,mmHg,2026-03-07
OBS-00004317,PT-000752,ENC-0002155,2160-0,Creatinine,3.0,mg/dL,2026-03-07
OBS-00004318,PT-000752,ENC-0002155,2339-0,Glucose,308.3,mg/dL,2026-03-07
OBS-00004319,PT-000753,ENC-0002156,4548-4,Hemoglobin A1c,8.9,%,2025-10-21
OBS-00004320,PT-000753,ENC-0002156,2339-0,Glucose,141.9,mg/dL,2025-10-21
OBS-00004321,PT-000753,ENC-0002156,2339-0,Glucose,244.6,mg/dL,2025-10-21
OBS-00004322,PT-000753,ENC-0002157,2339-0,Glucose,300.2,mg/dL,2026-04-26
OBS-00004323,PT-000753,ENC-0002157,8462-4,Diastolic blood pressure,63.1,mmHg,2026-04-26
OBS-00004324,PT-000753,ENC-0002158,8462-4,Diastolic blood pressure,79.5,mmHg,2026-01-02
OBS-00004325,PT-000753,ENC-0002158,8462-4,Diastolic blood pressure,109.4,mmHg,2026-01-02
OBS-00004326,PT-000753,ENC-0002159,8480-6,Systolic blood pressure,149.0,mmHg,2026-03-08
OBS-00004327,PT-000753,ENC-0002160,2160-0,Creatinine,3.7,mg/dL,2025-12-02
OBS-00004328,PT-000753,ENC-0002160,718-7,Hemoglobin,8.1,g/dL,2025-12-02
OBS-00004329,PT-000753,ENC-0002160,4548-4,Hemoglobin A1c,12.1,%,2025-12-02
OBS-00004330,PT-000754,ENC-0002161,2339-0,Glucose,245.7,mg/dL,2025-11-28
OBS-00004331,PT-000754,ENC-0002161,718-7,Hemoglobin,9.5,g/dL,2025-11-28
OBS-00004332,PT-000754,ENC-0002162,8462-4,Diastolic blood pressure,94.9,mmHg,2026-08-21
OBS-00004333,PT-000754,ENC-0002162,8480-6,Systolic blood pressure,134.2,mmHg,2026-08-21
OBS-00004334,PT-000755,ENC-0002163,2160-0,Creatinine,3.0,mg/dL,2026-07-17
OBS-00004335,PT-000755,ENC-0002164,718-7,Hemoglobin,14.8,g/dL,2025-09-25
OBS-00004336,PT-000756,ENC-0002165,8480-6,Systolic blood pressure,149.5,mmHg,2025-02-10
OBS-00004337,PT-000756,ENC-0002165,2160-0,Creatinine,1.3,mg/dL,2025-02-10
OBS-00004338,PT-000756,ENC-0002166,8462-4,Diastolic blood pressure,82.3,mmHg,2026-01-25
OBS-00004339,PT-000756,ENC-0002166,8462-4,Diastolic blood pressure,62.3,mmHg,2026-01-25
OBS-00004340,PT-000756,ENC-0002167,718-7,Hemoglobin,10.5,g/dL,2025-03-28
OBS-00004341,PT-000756,ENC-0002167,8480-6,Systolic blood pressure,176.5,mmHg,2025-03-28
OBS-00004342,PT-000756,ENC-0002167,718-7,Hemoglobin,13.6,g/dL,2025-03-28
OBS-00004343,PT-000756,ENC-0002168,4548-4,Hemoglobin A1c,6.3,%,2026-04-22
OBS-00004344,PT-000756,ENC-0002168,718-7,Hemoglobin,15.9,g/dL,2026-04-22
OBS-00004345,PT-000757,ENC-0002169,718-7,Hemoglobin,14.6,g/dL,2025-07-30
OBS-00004346,PT-000757,ENC-0002169,718-7,Hemoglobin,13.4,g/dL,2025-07-30
OBS-00004347,PT-000757,ENC-0002169,8480-6,Systolic blood pressure,129.6,mmHg,2025-07-30
OBS-00004348,PT-000758,ENC-0002170,8480-6,Systolic blood pressure,139.6,mmHg,2025-11-09
OBS-00004349,PT-000758,ENC-0002170,2339-0,Glucose,218.1,mg/dL,2025-11-09
OBS-00004350,PT-000758,ENC-0002170,8480-6,Systolic blood pressure,158.1,mmHg,2025-11-09
OBS-00004351,PT-000758,ENC-0002171,2339-0,Glucose,145.5,mg/dL,2025-10-05
OBS-00004352,PT-000758,ENC-0002172,4548-4,Hemoglobin A1c,5.0,%,2026-03-08
OBS-00004353,PT-000759,ENC-0002173,2339-0,Glucose,135.2,mg/dL,2025-10-18
OBS-00004354,PT-000759,ENC-0002173,4548-4,Hemoglobin A1c,12.0,%,2025-10-18
OBS-00004355,PT-000759,ENC-0002173,2339-0,Glucose,316.2,mg/dL,2025-10-18
OBS-00004356,PT-000759,ENC-0002174,4548-4,Hemoglobin A1c,9.6,%,2025-07-24
OBS-00004357,PT-000759,ENC-0002174,2160-0,Creatinine,1.8,mg/dL,2025-07-24
OBS-00004358,PT-000759,ENC-0002175,2339-0,Glucose,234.3,mg/dL,2025-04-20
OBS-00004359,PT-000759,ENC-0002175,2339-0,Glucose,256.4,mg/dL,2025-04-20
OBS-00004360,PT-000759,ENC-0002175,8462-4,Diastolic blood pressure,55.8,mmHg,2025-04-20
OBS-00004361,PT-000759,ENC-0002176,718-7,Hemoglobin,8.2,g/dL,2025-05-09
OBS-00004362,PT-000759,ENC-0002176,8480-6,Systolic blood pressure,158.9,mmHg,2025-05-09
OBS-00004363,PT-000759,ENC-0002176,718-7,Hemoglobin,16.0,g/dL,2025-05-09
OBS-00004364,PT-000760,ENC-0002177,2339-0,Glucose,275.7,mg/dL,2025-12-18
OBS-00004365,PT-000760,ENC-0002177,4548-4,Hemoglobin A1c,12.3,%,2025-12-18
OBS-00004366,PT-000760,ENC-0002178,2339-0,Glucose,75.6,mg/dL,2026-03-20
OBS-00004367,PT-000760,ENC-0002178,8462-4,Diastolic blood pressure,90.0,mmHg,2026-03-20
OBS-00004368,PT-000760,ENC-0002178,4548-4,Hemoglobin A1c,12.3,%,2026-03-20
OBS-00004369,PT-000760,ENC-0002179,2339-0,Glucose,121.0,mg/dL,2025-09-16
OBS-00004370,PT-000760,ENC-0002179,718-7,Hemoglobin,14.8,g/dL,2025-09-16
OBS-00004371,PT-000760,ENC-0002179,8480-6,Systolic blood pressure,134.3,mmHg,2025-09-16
OBS-00004372,PT-000761,ENC-0002180,8480-6,Systolic blood pressure,107.0,mmHg,2025-09-25
OBS-00004373,PT-000761,ENC-0002180,8480-6,Systolic blood pressure,148.3,mmHg,2025-09-25
OBS-00004374,PT-000761,ENC-0002180,2160-0,Creatinine,0.8,mg/dL,2025-09-25
OBS-00004375,PT-000761,ENC-0002181,8480-6,Systolic blood pressure,140.6,mmHg,2025-06-04
OBS-00004376,PT-000761,ENC-0002181,2160-0,Creatinine,3.0,mg/dL,2025-06-04
OBS-00004377,PT-000761,ENC-0002181,718-7,Hemoglobin,13.2,g/dL,2025-06-04
OBS-00004378,PT-000762,ENC-0002182,718-7,Hemoglobin,13.9,g/dL,2025-09-13
OBS-00004379,PT-000762,ENC-0002183,4548-4,Hemoglobin A1c,9.5,%,2025-04-17
OBS-00004380,PT-000762,ENC-0002184,8462-4,Diastolic blood pressure,75.0,mmHg,2026-02-02
OBS-00004381,PT-000762,ENC-0002184,718-7,Hemoglobin,12.2,g/dL,2026-02-02
OBS-00004382,PT-000763,ENC-0002185,4548-4,Hemoglobin A1c,7.9,%,2026-07-16
OBS-00004383,PT-000763,ENC-0002185,718-7,Hemoglobin,13.8,g/dL,2026-07-16
OBS-00004384,PT-000763,ENC-0002186,4548-4,Hemoglobin A1c,12.0,%,2025-10-02
OBS-00004385,PT-000763,ENC-0002187,8480-6,Systolic blood pressure,112.7,mmHg,2025-06-01
OBS-00004386,PT-000763,ENC-0002187,2339-0,Glucose,300.8,mg/dL,2025-06-01
OBS-00004387,PT-000763,ENC-0002188,2339-0,Glucose,109.0,mg/dL,2024-10-01
OBS-00004388,PT-000763,ENC-0002188,4548-4,Hemoglobin A1c,5.1,%,2024-10-01
OBS-00004389,PT-000764,ENC-0002189,2339-0,Glucose,133.8,mg/dL,2024-09-26
OBS-00004390,PT-000764,ENC-0002189,2339-0,Glucose,116.2,mg/dL,2024-09-26
OBS-00004391,PT-000764,ENC-0002190,718-7,Hemoglobin,12.8,g/dL,2026-09-17
OBS-00004392,PT-000764,ENC-0002190,8462-4,Diastolic blood pressure,102.5,mmHg,2026-09-17
OBS-00004393,PT-000765,ENC-0002191,4548-4,Hemoglobin A1c,9.3,%,2025-06-14
OBS-00004394,PT-000765,ENC-0002191,718-7,Hemoglobin,13.6,g/dL,2025-06-14
OBS-00004395,PT-000766,ENC-0002192,718-7,Hemoglobin,12.9,g/dL,2026-02-02
OBS-00004396,PT-000766,ENC-0002192,2160-0,Creatinine,1.0,mg/dL,2026-02-02
OBS-00004397,PT-000766,ENC-0002193,8462-4,Diastolic blood pressure,101.7,mmHg,2025-05-24
OBS-00004398,PT-000766,ENC-0002193,718-7,Hemoglobin,10.1,g/dL,2025-05-24
OBS-00004399,PT-000766,ENC-0002194,2339-0,Glucose,150.0,mg/dL,2025-02-05
OBS-00004400,PT-000767,ENC-0002195,2160-0,Creatinine,3.7,mg/dL,2026-06-14
OBS-00004401,PT-000767,ENC-0002195,8462-4,Diastolic blood pressure,70.1,mmHg,2026-06-14
OBS-00004402,PT-000767,ENC-0002195,718-7,Hemoglobin,15.2,g/dL,2026-06-14
OBS-00004403,PT-000767,ENC-0002196,2160-0,Creatinine,3.4,mg/dL,2025-04-19
OBS-00004404,PT-000767,ENC-0002197,2339-0,Glucose,72.7,mg/dL,2026-07-17
OBS-00004405,PT-000767,ENC-0002197,2160-0,Creatinine,0.7,mg/dL,2026-07-17
OBS-00004406,PT-000767,ENC-0002198,2160-0,Creatinine,1.5,mg/dL,2025-11-24
OBS-00004407,PT-000767,ENC-0002198,2339-0,Glucose,311.8,mg/dL,2025-11-24
OBS-00004408,PT-000767,ENC-0002198,8480-6,Systolic blood pressure,144.9,mmHg,2025-11-24
OBS-00004409,PT-000768,ENC-0002199,2339-0,Glucose,135.4,mg/dL,2026-05-13
OBS-00004410,PT-000768,ENC-0002199,8462-4,Diastolic blood pressure,76.2,mmHg,2026-05-13
OBS-00004411,PT-000768,ENC-0002199,2160-0,Creatinine,0.7,mg/dL,2026-05-13
OBS-00004412,PT-000768,ENC-0002200,718-7,Hemoglobin,16.9,g/dL,2024-10-30
OBS-00004413,PT-000769,ENC-0002201,8480-6,Systolic blood pressure,115.2,mmHg,2026-06-27
OBS-00004414,PT-000769,ENC-0002201,8462-4,Diastolic blood pressure,59.5,mmHg,2026-06-27
OBS-00004415,PT-000769,ENC-0002201,8480-6,Systolic blood pressure,136.1,mmHg,2026-06-27
OBS-00004416,PT-000769,ENC-0002202,8480-6,Systolic blood pressure,164.8,mmHg,2025-10-14
OBS-00004417,PT-000769,ENC-0002203,8462-4,Diastolic blood pressure,109.6,mmHg,2025-06-20
OBS-00004418,PT-000769,ENC-0002203,2160-0,Creatinine,1.3,mg/dL,2025-06-20
OBS-00004419,PT-000769,ENC-0002203,8462-4,Diastolic blood pressure,76.4,mmHg,2025-06-20
OBS-00004420,PT-000770,ENC-0002204,2339-0,Glucose,202.4,mg/dL,2025-04-30
OBS-00004421,PT-000770,ENC-0002205,8462-4,Diastolic blood pressure,86.5,mmHg,2024-12-28
OBS-00004422,PT-000770,ENC-0002205,4548-4,Hemoglobin A1c,11.1,%,2024-12-28
OBS-00004423,PT-000770,ENC-0002205,2160-0,Creatinine,3.2,mg/dL,2024-12-28
OBS-00004424,PT-000771,ENC-0002206,2160-0,Creatinine,1.5,mg/dL,2025-01-16
OBS-00004425,PT-000771,ENC-0002207,2339-0,Glucose,233.7,mg/dL,2026-06-17
OBS-00004426,PT-000771,ENC-0002207,2160-0,Creatinine,3.6,mg/dL,2026-06-17
OBS-00004427,PT-000771,ENC-0002208,2339-0,Glucose,238.6,mg/dL,2024-10-06
OBS-00004428,PT-000771,ENC-0002208,718-7,Hemoglobin,11.9,g/dL,2024-10-06
OBS-00004429,PT-000771,ENC-0002209,8462-4,Diastolic blood pressure,87.5,mmHg,2024-10-13
OBS-00004430,PT-000771,ENC-0002209,2339-0,Glucose,282.7,mg/dL,2024-10-13
OBS-00004431,PT-000772,ENC-0002210,8462-4,Diastolic blood pressure,89.0,mmHg,2026-06-05
OBS-00004432,PT-000772,ENC-0002210,2160-0,Creatinine,0.9,mg/dL,2026-06-05
OBS-00004433,PT-000772,ENC-0002210,718-7,Hemoglobin,11.9,g/dL,2026-06-05
OBS-00004434,PT-000773,ENC-0002211,4548-4,Hemoglobin A1c,11.0,%,2024-11-28
OBS-00004435,PT-000773,ENC-0002212,718-7,Hemoglobin,14.0,g/dL,2025-08-22
OBS-00004436,PT-000773,ENC-0002212,8480-6,Systolic blood pressure,108.2,mmHg,2025-08-22
OBS-00004437,PT-000773,ENC-0002213,718-7,Hemoglobin,13.5,g/dL,2026-06-06
OBS-00004438,PT-000773,ENC-0002213,718-7,Hemoglobin,16.2,g/dL,2026-06-06
OBS-00004439,PT-000773,ENC-0002213,718-7,Hemoglobin,16.9,g/dL,2026-06-06
OBS-00004440,PT-000773,ENC-0002214,8462-4,Diastolic blood pressure,86.8,mmHg,2026-02-02
OBS-00004441,PT-000773,ENC-0002214,2160-0,Creatinine,0.8,mg/dL,2026-02-02
OBS-00004442,PT-000773,ENC-0002214,4548-4,Hemoglobin A1c,10.0,%,2026-02-02
OBS-00004443,PT-000774,ENC-0002215,4548-4,Hemoglobin A1c,7.0,%,2025-03-07
OBS-00004444,PT-000774,ENC-0002215,718-7,Hemoglobin,14.3,g/dL,2025-03-07
OBS-00004445,PT-000774,ENC-0002215,718-7,Hemoglobin,10.5,g/dL,2025-03-07
OBS-00004446,PT-000775,ENC-0002216,8480-6,Systolic blood pressure,116.8,mmHg,2024-12-04
OBS-00004447,PT-000775,ENC-0002217,8462-4,Diastolic blood pressure,68.6,mmHg,2025-03-26
OBS-00004448,PT-000775,ENC-0002217,8462-4,Diastolic blood pressure,99.5,mmHg,2025-03-26
OBS-00004449,PT-000775,ENC-0002217,2160-0,Creatinine,3.8,mg/dL,2025-03-26
OBS-00004450,PT-000776,ENC-0002218,4548-4,Hemoglobin A1c,5.0,%,2025-12-09
OBS-00004451,PT-000776,ENC-0002218,718-7,Hemoglobin,8.7,g/dL,2025-12-09
OBS-00004452,PT-000777,ENC-0002219,4548-4,Hemoglobin A1c,5.4,%,2025-07-27
OBS-00004453,PT-000777,ENC-0002220,2160-0,Creatinine,0.7,mg/dL,2024-09-28
OBS-00004454,PT-000777,ENC-0002220,4548-4,Hemoglobin A1c,6.6,%,2024-09-28
OBS-00004455,PT-000777,ENC-0002220,8480-6,Systolic blood pressure,102.5,mmHg,2024-09-28
OBS-00004456,PT-000777,ENC-0002221,718-7,Hemoglobin,10.0,g/dL,2025-12-03
OBS-00004457,PT-000777,ENC-0002221,718-7,Hemoglobin,9.0,g/dL,2025-12-03
OBS-00004458,PT-000777,ENC-0002222,2339-0,Glucose,148.6,mg/dL,2025-08-05
OBS-00004459,PT-000777,ENC-0002222,2339-0,Glucose,222.3,mg/dL,2025-08-05
OBS-00004460,PT-000778,ENC-0002223,2160-0,Creatinine,4.4,mg/dL,2025-12-18
OBS-00004461,PT-000778,ENC-0002223,8480-6,Systolic blood pressure,105.3,mmHg,2025-12-18
OBS-00004462,PT-000778,ENC-0002223,8462-4,Diastolic blood pressure,80.8,mmHg,2025-12-18
OBS-00004463,PT-000778,ENC-0002224,2160-0,Creatinine,2.6,mg/dL,2026-09-03
OBS-00004464,PT-000778,ENC-0002224,8462-4,Diastolic blood pressure,57.0,mmHg,2026-09-03
OBS-00004465,PT-000778,ENC-0002224,4548-4,Hemoglobin A1c,11.1,%,2026-09-03
OBS-00004466,PT-000778,ENC-0002225,718-7,Hemoglobin,10.3,g/dL,2025-10-24
OBS-00004467,PT-000778,ENC-0002225,718-7,Hemoglobin,16.9,g/dL,2025-10-24
OBS-00004468,PT-000778,ENC-0002225,8462-4,Diastolic blood pressure,55.6,mmHg,2025-10-24
OBS-00004469,PT-000778,ENC-0002226,8480-6,Systolic blood pressure,166.4,mmHg,2025-10-15
OBS-00004470,PT-000778,ENC-0002226,4548-4,Hemoglobin A1c,9.5,%,2025-10-15
OBS-00004471,PT-000778,ENC-0002226,2160-0,Creatinine,1.6,mg/dL,2025-10-15
OBS-00004472,PT-000778,ENC-0002227,8480-6,Systolic blood pressure,118.2,mmHg,2025-12-08
OBS-00004473,PT-000778,ENC-0002227,8462-4,Diastolic blood pressure,104.0,mmHg,2025-12-08
OBS-00004474,PT-000778,ENC-0002227,2160-0,Creatinine,2.6,mg/dL,2025-12-08
OBS-00004475,PT-000778,ENC-0002228,718-7,Hemoglobin,10.2,g/dL,2026-08-14
OBS-00004476,PT-000778,ENC-0002228,2160-0,Creatinine,1.9,mg/dL,2026-08-14
OBS-00004477,PT-000779,ENC-0002229,8480-6,Systolic blood pressure,180.4,mmHg,2025-07-27
OBS-00004478,PT-000779,ENC-0002229,8462-4,Diastolic blood pressure,94.9,mmHg,2025-07-27
OBS-00004479,PT-000779,ENC-0002230,2160-0,Creatinine,3.2,mg/dL,2024-11-27
OBS-00004480,PT-000779,ENC-0002230,8462-4,Diastolic blood pressure,87.2,mmHg,2024-11-27
OBS-00004481,PT-000779,ENC-0002231,8462-4,Diastolic blood pressure,95.7,mmHg,2025-07-07
OBS-00004482,PT-000779,ENC-0002232,8462-4,Diastolic blood pressure,56.7,mmHg,2026-04-10
OBS-00004483,PT-000779,ENC-0002232,8480-6,Systolic blood pressure,167.3,mmHg,2026-04-10
OBS-00004484,PT-000779,ENC-0002232,2339-0,Glucose,156.8,mg/dL,2026-04-10
OBS-00004485,PT-000779,ENC-0002233,4548-4,Hemoglobin A1c,6.8,%,2025-09-10
OBS-00004486,PT-000780,ENC-0002234,8480-6,Systolic blood pressure,160.4,mmHg,2026-06-04
OBS-00004487,PT-000780,ENC-0002235,8480-6,Systolic blood pressure,139.7,mmHg,2025-04-27
OBS-00004488,PT-000781,ENC-0002236,2160-0,Creatinine,2.8,mg/dL,2025-07-07
OBS-00004489,PT-000781,ENC-0002237,2160-0,Creatinine,1.7,mg/dL,2024-12-01
OBS-00004490,PT-000781,ENC-0002238,2339-0,Glucose,289.8,mg/dL,2024-10-18
OBS-00004491,PT-000781,ENC-0002239,718-7,Hemoglobin,10.1,g/dL,2026-04-18
OBS-00004492,PT-000782,ENC-0002240,4548-4,Hemoglobin A1c,8.8,%,2024-10-09
OBS-00004493,PT-000782,ENC-0002240,4548-4,Hemoglobin A1c,7.8,%,2024-10-09
OBS-00004494,PT-000782,ENC-0002240,2339-0,Glucose,83.4,mg/dL,2024-10-09
OBS-00004495,PT-000782,ENC-0002241,4548-4,Hemoglobin A1c,12.3,%,2025-07-06
OBS-00004496,PT-000783,ENC-0002242,4548-4,Hemoglobin A1c,11.7,%,2025-10-13
OBS-00004497,PT-000783,ENC-0002242,8462-4,Diastolic blood pressure,62.5,mmHg,2025-10-13
OBS-00004498,PT-000783,ENC-0002242,718-7,Hemoglobin,11.8,g/dL,2025-10-13
OBS-00004499,PT-000783,ENC-0002243,4548-4,Hemoglobin A1c,11.3,%,2026-05-06
OBS-00004500,PT-000783,ENC-0002244,8480-6,Systolic blood pressure,112.2,mmHg,2025-12-20
OBS-00004501,PT-000783,ENC-0002244,8462-4,Diastolic blood pressure,86.3,mmHg,2025-12-20
OBS-00004502,PT-000783,ENC-0002244,718-7,Hemoglobin,13.9,g/dL,2025-12-20
OBS-00004503,PT-000783,ENC-0002245,718-7,Hemoglobin,10.3,g/dL,2025-11-15
OBS-00004504,PT-000783,ENC-0002245,2160-0,Creatinine,2.2,mg/dL,2025-11-15
OBS-00004505,PT-000783,ENC-0002246,2160-0,Creatinine,0.9,mg/dL,2026-09-17
OBS-00004506,PT-000783,ENC-0002246,2339-0,Glucose,264.4,mg/dL,2026-09-17
OBS-00004507,PT-000783,ENC-0002247,8480-6,Systolic blood pressure,169.9,mmHg,2025-10-15
OBS-00004508,PT-000783,ENC-0002248,2339-0,Glucose,254.7,mg/dL,2026-07-05
OBS-00004509,PT-000783,ENC-0002248,2160-0,Creatinine,3.1,mg/dL,2026-07-05
OBS-00004510,PT-000784,ENC-0002249,8462-4,Diastolic blood pressure,103.1,mmHg,2025-07-26
OBS-00004511,PT-000784,ENC-0002249,8462-4,Diastolic blood pressure,84.6,mmHg,2025-07-26
OBS-00004512,PT-000784,ENC-0002250,8480-6,Systolic blood pressure,101.2,mmHg,2026-04-05
OBS-00004513,PT-000784,ENC-0002250,718-7,Hemoglobin,8.2,g/dL,2026-04-05
OBS-00004514,PT-000784,ENC-0002250,718-7,Hemoglobin,14.1,g/dL,2026-04-05
OBS-00004515,PT-000784,ENC-0002251,2160-0,Creatinine,1.8,mg/dL,2026-04-02
OBS-00004516,PT-000784,ENC-0002251,8462-4,Diastolic blood pressure,109.2,mmHg,2026-04-02
OBS-00004517,PT-000784,ENC-0002251,8480-6,Systolic blood pressure,102.9,mmHg,2026-04-02
OBS-00004518,PT-000784,ENC-0002252,718-7,Hemoglobin,16.6,g/dL,2026-04-07
OBS-00004519,PT-000784,ENC-0002252,2160-0,Creatinine,2.2,mg/dL,2026-04-07
OBS-00004520,PT-000785,ENC-0002253,2339-0,Glucose,311.9,mg/dL,2025-10-11
OBS-00004521,PT-000785,ENC-0002253,718-7,Hemoglobin,15.8,g/dL,2025-10-11
OBS-00004522,PT-000785,ENC-0002253,2160-0,Creatinine,3.5,mg/dL,2025-10-11
OBS-00004523,PT-000786,ENC-0002254,4548-4,Hemoglobin A1c,8.9,%,2024-10-03
OBS-00004524,PT-000787,ENC-0002255,2339-0,Glucose,129.8,mg/dL,2025-12-23
OBS-00004525,PT-000787,ENC-0002255,2339-0,Glucose,185.9,mg/dL,2025-12-23
OBS-00004526,PT-000787,ENC-0002256,718-7,Hemoglobin,8.5,g/dL,2025-10-06
OBS-00004527,PT-000787,ENC-0002256,2160-0,Creatinine,1.2,mg/dL,2025-10-06
OBS-00004528,PT-000787,ENC-0002257,2160-0,Creatinine,3.4,mg/dL,2024-12-07
OBS-00004529,PT-000787,ENC-0002257,4548-4,Hemoglobin A1c,9.6,%,2024-12-07
OBS-00004530,PT-000787,ENC-0002258,2339-0,Glucose,193.4,mg/dL,2025-01-23
OBS-00004531,PT-000787,ENC-0002258,2339-0,Glucose,276.5,mg/dL,2025-01-23
OBS-00004532,PT-000787,ENC-0002258,8480-6,Systolic blood pressure,135.9,mmHg,2025-01-23
OBS-00004533,PT-000787,ENC-0002259,2339-0,Glucose,177.7,mg/dL,2025-10-16
OBS-00004534,PT-000787,ENC-0002259,718-7,Hemoglobin,13.1,g/dL,2025-10-16
OBS-00004535,PT-000787,ENC-0002259,4548-4,Hemoglobin A1c,10.3,%,2025-10-16
OBS-00004536,PT-000787,ENC-0002260,4548-4,Hemoglobin A1c,5.1,%,2025-09-02
OBS-00004537,PT-000788,ENC-0002261,4548-4,Hemoglobin A1c,12.4,%,2025-04-19
OBS-00004538,PT-000788,ENC-0002262,4548-4,Hemoglobin A1c,11.0,%,2026-02-11
OBS-00004539,PT-000788,ENC-0002262,4548-4,Hemoglobin A1c,7.2,%,2026-02-11
OBS-00004540,PT-000788,ENC-0002262,8462-4,Diastolic blood pressure,71.4,mmHg,2026-02-11
OBS-00004541,PT-000789,ENC-0002263,2160-0,Creatinine,1.4,mg/dL,2026-04-03
OBS-00004542,PT-000790,ENC-0002264,8480-6,Systolic blood pressure,128.7,mmHg,2026-02-19
OBS-00004543,PT-000790,ENC-0002264,2160-0,Creatinine,3.6,mg/dL,2026-02-19
OBS-00004544,PT-000790,ENC-0002265,8462-4,Diastolic blood pressure,79.4,mmHg,2025-05-31
OBS-00004545,PT-000790,ENC-0002265,8480-6,Systolic blood pressure,147.3,mmHg,2025-05-31
OBS-00004546,PT-000790,ENC-0002266,2160-0,Creatinine,4.4,mg/dL,2026-05-25
OBS-00004547,PT-000790,ENC-0002266,2339-0,Glucose,278.4,mg/dL,2026-05-25
OBS-00004548,PT-000790,ENC-0002267,8462-4,Diastolic blood pressure,79.1,mmHg,2025-07-17
OBS-00004549,PT-000790,ENC-0002267,2160-0,Creatinine,3.1,mg/dL,2025-07-17
OBS-00004550,PT-000791,ENC-0002268,718-7,Hemoglobin,10.6,g/dL,2025-08-06
OBS-00004551,PT-000791,ENC-0002269,4548-4,Hemoglobin A1c,4.9,%,2026-01-09
OBS-00004552,PT-000791,ENC-0002269,2160-0,Creatinine,0.7,mg/dL,2026-01-09
OBS-00004553,PT-000791,ENC-0002269,8462-4,Diastolic blood pressure,97.9,mmHg,2026-01-09
OBS-00004554,PT-000792,ENC-0002270,4548-4,Hemoglobin A1c,8.9,%,2025-03-13
OBS-00004555,PT-000792,ENC-0002270,2339-0,Glucose,168.3,mg/dL,2025-03-13
OBS-00004556,PT-000792,ENC-0002271,8462-4,Diastolic blood pressure,88.0,mmHg,2025-06-03
OBS-00004557,PT-000792,ENC-0002271,4548-4,Hemoglobin A1c,10.6,%,2025-06-03
OBS-00004558,PT-000793,ENC-0002272,4548-4,Hemoglobin A1c,5.2,%,2025-09-13
OBS-00004559,PT-000793,ENC-0002272,4548-4,Hemoglobin A1c,5.4,%,2025-09-13
OBS-00004560,PT-000793,ENC-0002272,2160-0,Creatinine,3.0,mg/dL,2025-09-13
OBS-00004561,PT-000794,ENC-0002273,2339-0,Glucose,85.6,mg/dL,2025-12-21
OBS-00004562,PT-000794,ENC-0002273,2160-0,Creatinine,2.5,mg/dL,2025-12-21
OBS-00004563,PT-000794,ENC-0002273,2160-0,Creatinine,0.8,mg/dL,2025-12-21
OBS-00004564,PT-000794,ENC-0002274,2160-0,Creatinine,0.8,mg/dL,2025-08-18
OBS-00004565,PT-000794,ENC-0002274,718-7,Hemoglobin,10.4,g/dL,2025-08-18
OBS-00004566,PT-000794,ENC-0002274,8462-4,Diastolic blood pressure,81.3,mmHg,2025-08-18
OBS-00004567,PT-000794,ENC-0002275,8480-6,Systolic blood pressure,119.6,mmHg,2025-02-04
OBS-00004568,PT-000794,ENC-0002275,8462-4,Diastolic blood pressure,83.6,mmHg,2025-02-04
OBS-00004569,PT-000794,ENC-0002276,4548-4,Hemoglobin A1c,10.6,%,2026-05-15
OBS-00004570,PT-000794,ENC-0002276,4548-4,Hemoglobin A1c,8.2,%,2026-05-15
OBS-00004571,PT-000795,ENC-0002277,2339-0,Glucose,172.8,mg/dL,2025-08-23
OBS-00004572,PT-000795,ENC-0002277,718-7,Hemoglobin,16.7,g/dL,2025-08-23
OBS-00004573,PT-000795,ENC-0002278,2339-0,Glucose,205.7,mg/dL,2024-12-01
OBS-00004574,PT-000795,ENC-0002278,8480-6,Systolic blood pressure,135.7,mmHg,2024-12-01
OBS-00004575,PT-000795,ENC-0002278,2160-0,Creatinine,3.3,mg/dL,2024-12-01
OBS-00004576,PT-000795,ENC-0002279,718-7,Hemoglobin,12.0,g/dL,2024-11-24
OBS-00004577,PT-000795,ENC-0002279,2339-0,Glucose,78.0,mg/dL,2024-11-24
OBS-00004578,PT-000795,ENC-0002279,8480-6,Systolic blood pressure,144.9,mmHg,2024-11-24
OBS-00004579,PT-000796,ENC-0002280,718-7,Hemoglobin,13.4,g/dL,2025-04-12
OBS-00004580,PT-000797,ENC-0002281,2160-0,Creatinine,2.1,mg/dL,2026-01-22
OBS-00004581,PT-000797,ENC-0002281,8462-4,Diastolic blood pressure,56.6,mmHg,2026-01-22
OBS-00004582,PT-000797,ENC-0002281,2160-0,Creatinine,2.5,mg/dL,2026-01-22
OBS-00004583,PT-000797,ENC-0002282,8462-4,Diastolic blood pressure,83.1,mmHg,2025-09-10
OBS-00004584,PT-000797,ENC-0002282,718-7,Hemoglobin,8.9,g/dL,2025-09-10
OBS-00004585,PT-000797,ENC-0002282,2339-0,Glucose,237.8,mg/dL,2025-09-10
OBS-00004586,PT-000797,ENC-0002283,2339-0,Glucose,264.4,mg/dL,2025-10-15
OBS-00004587,PT-000797,ENC-0002284,4548-4,Hemoglobin A1c,11.7,%,2024-12-09
OBS-00004588,PT-000797,ENC-0002284,4548-4,Hemoglobin A1c,8.6,%,2024-12-09
OBS-00004589,PT-000797,ENC-0002284,8480-6,Systolic blood pressure,181.4,mmHg,2024-12-09
OBS-00004590,PT-000797,ENC-0002285,2160-0,Creatinine,3.9,mg/dL,2026-07-13
OBS-00004591,PT-000797,ENC-0002285,4548-4,Hemoglobin A1c,5.2,%,2026-07-13
OBS-00004592,PT-000797,ENC-0002286,2160-0,Creatinine,2.8,mg/dL,2025-12-20
OBS-00004593,PT-000797,ENC-0002286,8480-6,Systolic blood pressure,159.2,mmHg,2025-12-20
OBS-00004594,PT-000797,ENC-0002286,2339-0,Glucose,188.6,mg/dL,2025-12-20
OBS-00004595,PT-000798,ENC-0002287,8462-4,Diastolic blood pressure,99.1,mmHg,2026-02-19
OBS-00004596,PT-000799,ENC-0002288,2339-0,Glucose,251.2,mg/dL,2025-07-25
OBS-00004597,PT-000799,ENC-0002289,2339-0,Glucose,160.1,mg/dL,2026-02-05
OBS-00004598,PT-000799,ENC-0002289,2160-0,Creatinine,3.5,mg/dL,2026-02-05
OBS-00004599,PT-000799,ENC-0002289,8480-6,Systolic blood pressure,101.3,mmHg,2026-02-05
OBS-00004600,PT-000799,ENC-0002290,8462-4,Diastolic blood pressure,107.2,mmHg,2025-02-16
OBS-00004601,PT-000799,ENC-0002290,2339-0,Glucose,170.2,mg/dL,2025-02-16
OBS-00004602,PT-000799,ENC-0002290,4548-4,Hemoglobin A1c,8.2,%,2025-02-16
OBS-00004603,PT-000799,ENC-0002291,718-7,Hemoglobin,13.1,g/dL,2026-04-06
OBS-00004604,PT-000799,ENC-0002292,8480-6,Systolic blood pressure,178.2,mmHg,2025-03-23
OBS-00004605,PT-000799,ENC-0002292,718-7,Hemoglobin,8.3,g/dL,2025-03-23
OBS-00004606,PT-000800,ENC-0002293,8480-6,Systolic blood pressure,107.3,mmHg,2025-01-20
OBS-00004607,PT-000800,ENC-0002293,2160-0,Creatinine,3.2,mg/dL,2025-01-20
OBS-00004608,PT-000800,ENC-0002293,718-7,Hemoglobin,16.7,g/dL,2025-01-20
OBS-00004609,PT-000800,ENC-0002294,8462-4,Diastolic blood pressure,101.2,mmHg,2026-08-09
OBS-00004610,PT-000800,ENC-0002294,4548-4,Hemoglobin A1c,6.6,%,2026-08-09
OBS-00004611,PT-000800,ENC-0002294,2339-0,Glucose,216.7,mg/dL,2026-08-09
OBS-00004612,PT-000800,ENC-0002295,4548-4,Hemoglobin A1c,6.4,%,2025-06-01
OBS-00004613,PT-000800,ENC-0002295,718-7,Hemoglobin,8.7,g/dL,2025-06-01
OBS-00004614,PT-000800,ENC-0002295,718-7,Hemoglobin,13.5,g/dL,2025-06-01
OBS-00004615,PT-000800,ENC-0002296,8480-6,Systolic blood pressure,122.0,mmHg,2025-05-22
OBS-00004616,PT-000800,ENC-0002296,718-7,Hemoglobin,9.2,g/dL,2025-05-22
OBS-00004617,PT-000800,ENC-0002296,8462-4,Diastolic blood pressure,56.1,mmHg,2025-05-22
OBS-00004618,PT-000800,ENC-0002297,2160-0,Creatinine,0.8,mg/dL,2026-01-13
OBS-00004619,PT-000801,ENC-0002298,718-7,Hemoglobin,15.5,g/dL,2026-05-25
OBS-00004620,PT-000801,ENC-0002299,8462-4,Diastolic blood pressure,84.0,mmHg,2026-07-27
OBS-00004621,PT-000801,ENC-0002300,2160-0,Creatinine,2.5,mg/dL,2025-11-19
OBS-00004622,PT-000801,ENC-0002301,2339-0,Glucose,168.4,mg/dL,2025-12-31
OBS-00004623,PT-000801,ENC-0002301,8462-4,Diastolic blood pressure,69.0,mmHg,2025-12-31
OBS-00004624,PT-000801,ENC-0002301,4548-4,Hemoglobin A1c,5.7,%,2025-12-31
OBS-00004625,PT-000801,ENC-0002302,8480-6,Systolic blood pressure,152.9,mmHg,2025-09-25
OBS-00004626,PT-000802,ENC-0002303,718-7,Hemoglobin,10.7,g/dL,2025-10-14
OBS-00004627,PT-000802,ENC-0002303,8462-4,Diastolic blood pressure,90.2,mmHg,2025-10-14
OBS-00004628,PT-000802,ENC-0002304,4548-4,Hemoglobin A1c,6.1,%,2026-05-08
OBS-00004629,PT-000802,ENC-0002304,8480-6,Systolic blood pressure,182.6,mmHg,2026-05-08
OBS-00004630,PT-000803,ENC-0002305,4548-4,Hemoglobin A1c,10.9,%,2025-02-10
OBS-00004631,PT-000803,ENC-0002305,718-7,Hemoglobin,10.3,g/dL,2025-02-10
OBS-00004632,PT-000803,ENC-0002305,8462-4,Diastolic blood pressure,85.9,mmHg,2025-02-10
OBS-00004633,PT-000804,ENC-0002306,2160-0,Creatinine,0.6,mg/dL,2025-10-06
OBS-00004634,PT-000804,ENC-0002307,2160-0,Creatinine,1.2,mg/dL,2025-04-22
OBS-00004635,PT-000804,ENC-0002308,4548-4,Hemoglobin A1c,10.0,%,2025-11-28
OBS-00004636,PT-000804,ENC-0002308,4548-4,Hemoglobin A1c,12.0,%,2025-11-28
OBS-00004637,PT-000805,ENC-0002309,8480-6,Systolic blood pressure,153.7,mmHg,2025-04-30
OBS-00004638,PT-000806,ENC-0002310,718-7,Hemoglobin,9.0,g/dL,2025-05-03
OBS-00004639,PT-000806,ENC-0002310,2160-0,Creatinine,3.6,mg/dL,2025-05-03
OBS-00004640,PT-000806,ENC-0002310,8480-6,Systolic blood pressure,176.9,mmHg,2025-05-03
OBS-00004641,PT-000806,ENC-0002311,8462-4,Diastolic blood pressure,82.8,mmHg,2024-11-19
OBS-00004642,PT-000806,ENC-0002312,4548-4,Hemoglobin A1c,7.0,%,2025-06-21
OBS-00004643,PT-000807,ENC-0002313,2339-0,Glucose,160.9,mg/dL,2026-08-05
OBS-00004644,PT-000807,ENC-0002313,4548-4,Hemoglobin A1c,12.2,%,2026-08-05
OBS-00004645,PT-000807,ENC-0002314,2160-0,Creatinine,3.4,mg/dL,2026-07-15
OBS-00004646,PT-000807,ENC-0002315,2339-0,Glucose,302.4,mg/dL,2026-03-09
OBS-00004647,PT-000807,ENC-0002315,8480-6,Systolic blood pressure,112.5,mmHg,2026-03-09
OBS-00004648,PT-000807,ENC-0002315,2160-0,Creatinine,1.0,mg/dL,2026-03-09
OBS-00004649,PT-000808,ENC-0002316,8462-4,Diastolic blood pressure,84.4,mmHg,2025-04-16
OBS-00004650,PT-000809,ENC-0002317,8480-6,Systolic blood pressure,180.9,mmHg,2026-01-22
OBS-00004651,PT-000809,ENC-0002318,8480-6,Systolic blood pressure,184.9,mmHg,2024-11-04
OBS-00004652,PT-000810,ENC-0002319,4548-4,Hemoglobin A1c,7.3,%,2025-01-04
OBS-00004653,PT-000810,ENC-0002320,8462-4,Diastolic blood pressure,70.2,mmHg,2025-08-02
OBS-00004654,PT-000810,ENC-0002320,2160-0,Creatinine,2.2,mg/dL,2025-08-02
OBS-00004655,PT-000810,ENC-0002321,718-7,Hemoglobin,11.2,g/dL,2025-02-10
OBS-00004656,PT-000810,ENC-0002321,4548-4,Hemoglobin A1c,9.1,%,2025-02-10
OBS-00004657,PT-000810,ENC-0002322,4548-4,Hemoglobin A1c,9.1,%,2026-09-11
OBS-00004658,PT-000810,ENC-0002323,2339-0,Glucose,142.7,mg/dL,2026-09-03
OBS-00004659,PT-000810,ENC-0002324,4548-4,Hemoglobin A1c,12.1,%,2025-02-12
OBS-00004660,PT-000810,ENC-0002324,718-7,Hemoglobin,14.2,g/dL,2025-02-12
OBS-00004661,PT-000810,ENC-0002324,2160-0,Creatinine,3.0,mg/dL,2025-02-12
OBS-00004662,PT-000811,ENC-0002325,4548-4,Hemoglobin A1c,11.4,%,2026-05-31
OBS-00004663,PT-000812,ENC-0002326,8480-6,Systolic blood pressure,131.5,mmHg,2025-01-12
OBS-00004664,PT-000812,ENC-0002326,8462-4,Diastolic blood pressure,69.0,mmHg,2025-01-12
OBS-00004665,PT-000812,ENC-0002326,8462-4,Diastolic blood pressure,81.4,mmHg,2025-01-12
OBS-00004666,PT-000813,ENC-0002327,2160-0,Creatinine,3.0,mg/dL,2025-08-14
OBS-00004667,PT-000813,ENC-0002328,718-7,Hemoglobin,8.8,g/dL,2026-09-13
OBS-00004668,PT-000813,ENC-0002328,2339-0,Glucose,236.9,mg/dL,2026-09-13
OBS-00004669,PT-000813,ENC-0002329,2160-0,Creatinine,2.0,mg/dL,2024-10-01
OBS-00004670,PT-000813,ENC-0002330,4548-4,Hemoglobin A1c,11.9,%,2024-10-13
OBS-00004671,PT-000813,ENC-0002330,8480-6,Systolic blood pressure,99.6,mmHg,2024-10-13
OBS-00004672,PT-000813,ENC-0002330,8462-4,Diastolic blood pressure,72.0,mmHg,2024-10-13
OBS-00004673,PT-000814,ENC-0002331,8462-4,Diastolic blood pressure,109.3,mmHg,2024-12-12
OBS-00004674,PT-000814,ENC-0002332,2160-0,Creatinine,3.6,mg/dL,2026-06-20
OBS-00004675,PT-000814,ENC-0002333,2160-0,Creatinine,2.7,mg/dL,2024-10-07
OBS-00004676,PT-000814,ENC-0002333,2339-0,Glucose,160.0,mg/dL,2024-10-07
OBS-00004677,PT-000814,ENC-0002333,718-7,Hemoglobin,15.0,g/dL,2024-10-07
OBS-00004678,PT-000814,ENC-0002334,8480-6,Systolic blood pressure,100.0,mmHg,2026-02-26
OBS-00004679,PT-000814,ENC-0002334,8462-4,Diastolic blood pressure,103.0,mmHg,2026-02-26
OBS-00004680,PT-000814,ENC-0002335,2160-0,Creatinine,2.5,mg/dL,2025-12-08
OBS-00004681,PT-000814,ENC-0002335,8480-6,Systolic blood pressure,143.2,mmHg,2025-12-08
OBS-00004682,PT-000814,ENC-0002335,718-7,Hemoglobin,13.1,g/dL,2025-12-08
OBS-00004683,PT-000814,ENC-0002336,2339-0,Glucose,143.5,mg/dL,2025-01-13
OBS-00004684,PT-000814,ENC-0002336,718-7,Hemoglobin,9.7,g/dL,2025-01-13
OBS-00004685,PT-000814,ENC-0002336,2160-0,Creatinine,0.8,mg/dL,2025-01-13
OBS-00004686,PT-000815,ENC-0002337,718-7,Hemoglobin,14.2,g/dL,2025-01-03
OBS-00004687,PT-000815,ENC-0002337,4548-4,Hemoglobin A1c,5.6,%,2025-01-03
OBS-00004688,PT-000815,ENC-0002338,4548-4,Hemoglobin A1c,10.2,%,2025-04-09
OBS-00004689,PT-000815,ENC-0002338,8480-6,Systolic blood pressure,101.4,mmHg,2025-04-09
OBS-00004690,PT-000815,ENC-0002338,2339-0,Glucose,121.2,mg/dL,2025-04-09
OBS-00004691,PT-000815,ENC-0002339,2339-0,Glucose,303.7,mg/dL,2025-12-07
OBS-00004692,PT-000816,ENC-0002340,2339-0,Glucose,142.6,mg/dL,2026-01-14
OBS-00004693,PT-000816,ENC-0002340,2160-0,Creatinine,3.3,mg/dL,2026-01-14
OBS-00004694,PT-000816,ENC-0002340,2339-0,Glucose,145.6,mg/dL,2026-01-14
OBS-00004695,PT-000816,ENC-0002341,8480-6,Systolic blood pressure,149.6,mmHg,2024-10-22
OBS-00004696,PT-000816,ENC-0002342,2160-0,Creatinine,3.1,mg/dL,2026-06-13
OBS-00004697,PT-000816,ENC-0002343,2160-0,Creatinine,4.4,mg/dL,2024-10-06
OBS-00004698,PT-000816,ENC-0002343,8480-6,Systolic blood pressure,181.7,mmHg,2024-10-06
OBS-00004699,PT-000816,ENC-0002344,2339-0,Glucose,166.5,mg/dL,2025-12-27
OBS-00004700,PT-000816,ENC-0002344,8462-4,Diastolic blood pressure,65.1,mmHg,2025-12-27
OBS-00004701,PT-000816,ENC-0002344,8480-6,Systolic blood pressure,176.2,mmHg,2025-12-27
OBS-00004702,PT-000817,ENC-0002345,4548-4,Hemoglobin A1c,10.9,%,2026-01-10
OBS-00004703,PT-000817,ENC-0002345,718-7,Hemoglobin,11.2,g/dL,2026-01-10
OBS-00004704,PT-000817,ENC-0002346,718-7,Hemoglobin,11.5,g/dL,2025-10-25
OBS-00004705,PT-000817,ENC-0002346,2160-0,Creatinine,4.2,mg/dL,2025-10-25
OBS-00004706,PT-000817,ENC-0002346,8462-4,Diastolic blood pressure,107.9,mmHg,2025-10-25
OBS-00004707,PT-000817,ENC-0002347,2339-0,Glucose,80.9,mg/dL,2026-05-14
OBS-00004708,PT-000817,ENC-0002347,8462-4,Diastolic blood pressure,77.3,mmHg,2026-05-14
OBS-00004709,PT-000817,ENC-0002347,4548-4,Hemoglobin A1c,5.4,%,2026-05-14
OBS-00004710,PT-000817,ENC-0002348,2160-0,Creatinine,3.2,mg/dL,2026-05-11
OBS-00004711,PT-000818,ENC-0002349,2339-0,Glucose,214.9,mg/dL,2025-07-07
OBS-00004712,PT-000818,ENC-0002349,2339-0,Glucose,282.2,mg/dL,2025-07-07
OBS-00004713,PT-000818,ENC-0002349,718-7,Hemoglobin,8.8,g/dL,2025-07-07
OBS-00004714,PT-000818,ENC-0002350,2160-0,Creatinine,4.1,mg/dL,2024-11-25
OBS-00004715,PT-000818,ENC-0002350,8480-6,Systolic blood pressure,95.4,mmHg,2024-11-25
OBS-00004716,PT-000818,ENC-0002351,2160-0,Creatinine,0.8,mg/dL,2026-06-27
OBS-00004717,PT-000818,ENC-0002351,4548-4,Hemoglobin A1c,5.9,%,2026-06-27
OBS-00004718,PT-000819,ENC-0002352,4548-4,Hemoglobin A1c,8.5,%,2026-09-08
OBS-00004719,PT-000819,ENC-0002352,4548-4,Hemoglobin A1c,10.5,%,2026-09-08
OBS-00004720,PT-000820,ENC-0002353,8462-4,Diastolic blood pressure,78.6,mmHg,2025-02-21
OBS-00004721,PT-000820,ENC-0002353,8462-4,Diastolic blood pressure,59.9,mmHg,2025-02-21
OBS-00004722,PT-000820,ENC-0002354,8480-6,Systolic blood pressure,102.4,mmHg,2025-03-12
OBS-00004723,PT-000820,ENC-0002354,4548-4,Hemoglobin A1c,7.1,%,2025-03-12
OBS-00004724,PT-000820,ENC-0002355,2339-0,Glucose,161.7,mg/dL,2024-12-29
OBS-00004725,PT-000820,ENC-0002355,718-7,Hemoglobin,14.1,g/dL,2024-12-29
OBS-00004726,PT-000820,ENC-0002355,8480-6,Systolic blood pressure,181.1,mmHg,2024-12-29
OBS-00004727,PT-000821,ENC-0002356,2339-0,Glucose,211.0,mg/dL,2026-04-29
OBS-00004728,PT-000822,ENC-0002357,4548-4,Hemoglobin A1c,9.8,%,2026-06-12
OBS-00004729,PT-000822,ENC-0002357,8462-4,Diastolic blood pressure,90.7,mmHg,2026-06-12
OBS-00004730,PT-000822,ENC-0002358,718-7,Hemoglobin,14.3,g/dL,2026-05-18
OBS-00004731,PT-000822,ENC-0002359,2339-0,Glucose,276.2,mg/dL,2024-10-24
OBS-00004732,PT-000822,ENC-0002360,8462-4,Diastolic blood pressure,105.9,mmHg,2025-11-20
OBS-00004733,PT-000822,ENC-0002360,718-7,Hemoglobin,8.4,g/dL,2025-11-20
OBS-00004734,PT-000822,ENC-0002360,2160-0,Creatinine,2.6,mg/dL,2025-11-20
OBS-00004735,PT-000822,ENC-0002361,2160-0,Creatinine,4.1,mg/dL,2026-02-01
OBS-00004736,PT-000822,ENC-0002362,8462-4,Diastolic blood pressure,59.8,mmHg,2026-03-01
OBS-00004737,PT-000822,ENC-0002362,8480-6,Systolic blood pressure,174.1,mmHg,2026-03-01
OBS-00004738,PT-000822,ENC-0002362,2339-0,Glucose,79.0,mg/dL,2026-03-01
OBS-00004739,PT-000823,ENC-0002363,2160-0,Creatinine,3.1,mg/dL,2026-09-15
OBS-00004740,PT-000823,ENC-0002363,8462-4,Diastolic blood pressure,71.3,mmHg,2026-09-15
OBS-00004741,PT-000823,ENC-0002363,718-7,Hemoglobin,13.2,g/dL,2026-09-15
OBS-00004742,PT-000823,ENC-0002364,2160-0,Creatinine,4.0,mg/dL,2025-02-25
OBS-00004743,PT-000823,ENC-0002364,8462-4,Diastolic blood pressure,84.8,mmHg,2025-02-25
OBS-00004744,PT-000823,ENC-0002364,2160-0,Creatinine,1.5,mg/dL,2025-02-25
OBS-00004745,PT-000824,ENC-0002365,8462-4,Diastolic blood pressure,81.7,mmHg,2025-04-08
OBS-00004746,PT-000825,ENC-0002366,2339-0,Glucose,117.7,mg/dL,2025-08-05
OBS-00004747,PT-000825,ENC-0002366,2160-0,Creatinine,3.9,mg/dL,2025-08-05
OBS-00004748,PT-000826,ENC-0002367,718-7,Hemoglobin,8.7,g/dL,2025-10-29
OBS-00004749,PT-000826,ENC-0002367,8480-6,Systolic blood pressure,183.3,mmHg,2025-10-29
OBS-00004750,PT-000826,ENC-0002367,4548-4,Hemoglobin A1c,8.8,%,2025-10-29
OBS-00004751,PT-000826,ENC-0002368,8480-6,Systolic blood pressure,138.9,mmHg,2025-03-23
OBS-00004752,PT-000826,ENC-0002368,2160-0,Creatinine,3.7,mg/dL,2025-03-23
OBS-00004753,PT-000826,ENC-0002368,2339-0,Glucose,86.2,mg/dL,2025-03-23
OBS-00004754,PT-000827,ENC-0002369,2339-0,Glucose,298.8,mg/dL,2025-09-17
OBS-00004755,PT-000827,ENC-0002369,4548-4,Hemoglobin A1c,11.8,%,2025-09-17
OBS-00004756,PT-000827,ENC-0002369,2160-0,Creatinine,3.8,mg/dL,2025-09-17
OBS-00004757,PT-000827,ENC-0002370,8480-6,Systolic blood pressure,169.2,mmHg,2024-12-12
OBS-00004758,PT-000828,ENC-0002371,2339-0,Glucose,112.1,mg/dL,2025-10-25
OBS-00004759,PT-000829,ENC-0002372,718-7,Hemoglobin,10.4,g/dL,2025-12-30
OBS-00004760,PT-000829,ENC-0002373,2339-0,Glucose,251.2,mg/dL,2026-01-16
OBS-00004761,PT-000829,ENC-0002373,8462-4,Diastolic blood pressure,69.9,mmHg,2026-01-16
OBS-00004762,PT-000830,ENC-0002374,718-7,Hemoglobin,8.2,g/dL,2025-08-11
OBS-00004763,PT-000830,ENC-0002374,718-7,Hemoglobin,16.7,g/dL,2025-08-11
OBS-00004764,PT-000830,ENC-0002374,718-7,Hemoglobin,16.8,g/dL,2025-08-11
OBS-00004765,PT-000830,ENC-0002375,718-7,Hemoglobin,14.7,g/dL,2025-07-21
OBS-00004766,PT-000830,ENC-0002376,2160-0,Creatinine,4.3,mg/dL,2025-03-14
OBS-00004767,PT-000830,ENC-0002376,4548-4,Hemoglobin A1c,6.0,%,2025-03-14
OBS-00004768,PT-000830,ENC-0002376,718-7,Hemoglobin,8.4,g/dL,2025-03-14
OBS-00004769,PT-000830,ENC-0002377,718-7,Hemoglobin,10.1,g/dL,2025-04-30
OBS-00004770,PT-000830,ENC-0002377,8480-6,Systolic blood pressure,163.3,mmHg,2025-04-30
OBS-00004771,PT-000830,ENC-0002377,2339-0,Glucose,72.8,mg/dL,2025-04-30
OBS-00004772,PT-000830,ENC-0002378,8480-6,Systolic blood pressure,171.9,mmHg,2025-08-16
OBS-00004773,PT-000831,ENC-0002379,718-7,Hemoglobin,16.3,g/dL,2026-03-18
OBS-00004774,PT-000831,ENC-0002379,8480-6,Systolic blood pressure,110.6,mmHg,2026-03-18
OBS-00004775,PT-000831,ENC-0002380,2339-0,Glucose,167.9,mg/dL,2025-12-08
OBS-00004776,PT-000831,ENC-0002380,2160-0,Creatinine,2.9,mg/dL,2025-12-08
OBS-00004777,PT-000831,ENC-0002380,8462-4,Diastolic blood pressure,66.3,mmHg,2025-12-08
OBS-00004778,PT-000832,ENC-0002381,4548-4,Hemoglobin A1c,6.1,%,2026-04-17
OBS-00004779,PT-000832,ENC-0002381,4548-4,Hemoglobin A1c,10.5,%,2026-04-17
OBS-00004780,PT-000832,ENC-0002381,718-7,Hemoglobin,10.1,g/dL,2026-04-17
OBS-00004781,PT-000832,ENC-0002382,2160-0,Creatinine,1.2,mg/dL,2025-10-21
OBS-00004782,PT-000832,ENC-0002382,2339-0,Glucose,189.5,mg/dL,2025-10-21
OBS-00004783,PT-000832,ENC-0002383,8462-4,Diastolic blood pressure,71.8,mmHg,2024-10-05
OBS-00004784,PT-000832,ENC-0002384,718-7,Hemoglobin,14.7,g/dL,2026-08-18
OBS-00004785,PT-000832,ENC-0002384,2339-0,Glucose,236.9,mg/dL,2026-08-18
OBS-00004786,PT-000832,ENC-0002385,8462-4,Diastolic blood pressure,63.6,mmHg,2026-07-05
OBS-00004787,PT-000833,ENC-0002386,8462-4,Diastolic blood pressure,87.8,mmHg,2024-10-31
OBS-00004788,PT-000833,ENC-0002387,2339-0,Glucose,257.3,mg/dL,2025-05-06
OBS-00004789,PT-000833,ENC-0002387,718-7,Hemoglobin,16.9,g/dL,2025-05-06
OBS-00004790,PT-000834,ENC-0002388,2160-0,Creatinine,3.0,mg/dL,2025-11-12
OBS-00004791,PT-000834,ENC-0002388,4548-4,Hemoglobin A1c,5.2,%,2025-11-12
OBS-00004792,PT-000835,ENC-0002389,8462-4,Diastolic blood pressure,79.7,mmHg,2026-07-17
OBS-00004793,PT-000835,ENC-0002389,2160-0,Creatinine,3.9,mg/dL,2026-07-17
OBS-00004794,PT-000836,ENC-0002390,8462-4,Diastolic blood pressure,90.4,mmHg,2025-02-10
OBS-00004795,PT-000836,ENC-0002390,8480-6,Systolic blood pressure,149.1,mmHg,2025-02-10
OBS-00004796,PT-000836,ENC-0002390,2160-0,Creatinine,1.4,mg/dL,2025-02-10
OBS-00004797,PT-000837,ENC-0002391,8462-4,Diastolic blood pressure,88.2,mmHg,2025-12-18
OBS-00004798,PT-000837,ENC-0002391,718-7,Hemoglobin,11.7,g/dL,2025-12-18
OBS-00004799,PT-000837,ENC-0002391,718-7,Hemoglobin,14.1,g/dL,2025-12-18
OBS-00004800,PT-000837,ENC-0002392,718-7,Hemoglobin,12.3,g/dL,2025-06-07
OBS-00004801,PT-000837,ENC-0002392,4548-4,Hemoglobin A1c,10.2,%,2025-06-07
OBS-00004802,PT-000837,ENC-0002393,8480-6,Systolic blood pressure,105.6,mmHg,2024-11-25
OBS-00004803,PT-000837,ENC-0002393,718-7,Hemoglobin,9.4,g/dL,2024-11-25
OBS-00004804,PT-000837,ENC-0002393,2160-0,Creatinine,3.5,mg/dL,2024-11-25
OBS-00004805,PT-000837,ENC-0002394,8480-6,Systolic blood pressure,96.2,mmHg,2025-03-03
OBS-00004806,PT-000837,ENC-0002394,2160-0,Creatinine,2.9,mg/dL,2025-03-03
OBS-00004807,PT-000837,ENC-0002394,4548-4,Hemoglobin A1c,6.6,%,2025-03-03
OBS-00004808,PT-000838,ENC-0002395,2160-0,Creatinine,3.1,mg/dL,2026-07-04
OBS-00004809,PT-000838,ENC-0002395,2160-0,Creatinine,2.6,mg/dL,2026-07-04
OBS-00004810,PT-000838,ENC-0002395,8480-6,Systolic blood pressure,158.7,mmHg,2026-07-04
OBS-00004811,PT-000838,ENC-0002396,8462-4,Diastolic blood pressure,59.3,mmHg,2025-10-26
OBS-00004812,PT-000839,ENC-0002397,718-7,Hemoglobin,10.9,g/dL,2024-10-20
OBS-00004813,PT-000839,ENC-0002397,718-7,Hemoglobin,16.8,g/dL,2024-10-20
OBS-00004814,PT-000839,ENC-0002398,8480-6,Systolic blood pressure,162.9,mmHg,2025-01-14
OBS-00004815,PT-000839,ENC-0002398,8462-4,Diastolic blood pressure,81.5,mmHg,2025-01-14
OBS-00004816,PT-000839,ENC-0002398,718-7,Hemoglobin,12.1,g/dL,2025-01-14
OBS-00004817,PT-000839,ENC-0002399,4548-4,Hemoglobin A1c,7.6,%,2025-06-26
OBS-00004818,PT-000839,ENC-0002400,2339-0,Glucose,121.0,mg/dL,2024-10-19
OBS-00004819,PT-000839,ENC-0002400,8462-4,Diastolic blood pressure,56.7,mmHg,2024-10-19
OBS-00004820,PT-000840,ENC-0002401,2339-0,Glucose,70.8,mg/dL,2024-11-06
OBS-00004821,PT-000840,ENC-0002402,8480-6,Systolic blood pressure,183.4,mmHg,2026-01-21
OBS-00004822,PT-000840,ENC-0002402,718-7,Hemoglobin,8.2,g/dL,2026-01-21
OBS-00004823,PT-000840,ENC-0002402,2339-0,Glucose,227.6,mg/dL,2026-01-21
OBS-00004824,PT-000840,ENC-0002403,2160-0,Creatinine,3.3,mg/dL,2024-10-25
OBS-00004825,PT-000840,ENC-0002404,2160-0,Creatinine,4.2,mg/dL,2026-03-09
OBS-00004826,PT-000840,ENC-0002404,2339-0,Glucose,247.0,mg/dL,2026-03-09
OBS-00004827,PT-000840,ENC-0002405,8480-6,Systolic blood pressure,160.3,mmHg,2024-12-18
OBS-00004828,PT-000840,ENC-0002405,8462-4,Diastolic blood pressure,87.0,mmHg,2024-12-18
OBS-00004829,PT-000840,ENC-0002405,4548-4,Hemoglobin A1c,9.8,%,2024-12-18
OBS-00004830,PT-000841,ENC-0002406,718-7,Hemoglobin,10.6,g/dL,2025-04-02
OBS-00004831,PT-000841,ENC-0002407,8480-6,Systolic blood pressure,161.7,mmHg,2025-01-08
OBS-00004832,PT-000841,ENC-0002407,4548-4,Hemoglobin A1c,5.0,%,2025-01-08
OBS-00004833,PT-000841,ENC-0002407,4548-4,Hemoglobin A1c,5.7,%,2025-01-08
OBS-00004834,PT-000842,ENC-0002408,8480-6,Systolic blood pressure,117.8,mmHg,2025-01-31
OBS-00004835,PT-000842,ENC-0002408,2160-0,Creatinine,2.1,mg/dL,2025-01-31
OBS-00004836,PT-000842,ENC-0002409,8462-4,Diastolic blood pressure,87.8,mmHg,2025-10-30
OBS-00004837,PT-000842,ENC-0002409,2339-0,Glucose,77.3,mg/dL,2025-10-30
OBS-00004838,PT-000842,ENC-0002410,718-7,Hemoglobin,17.0,g/dL,2025-06-25
OBS-00004839,PT-000842,ENC-0002410,4548-4,Hemoglobin A1c,6.4,%,2025-06-25
OBS-00004840,PT-000843,ENC-0002411,8462-4,Diastolic blood pressure,108.8,mmHg,2026-09-03
OBS-00004841,PT-000843,ENC-0002412,4548-4,Hemoglobin A1c,8.4,%,2026-08-02
OBS-00004842,PT-000843,ENC-0002412,2339-0,Glucose,132.0,mg/dL,2026-08-02
OBS-00004843,PT-000843,ENC-0002412,2160-0,Creatinine,1.9,mg/dL,2026-08-02
OBS-00004844,PT-000843,ENC-0002413,2160-0,Creatinine,4.0,mg/dL,2025-06-14
OBS-00004845,PT-000843,ENC-0002414,8480-6,Systolic blood pressure,95.9,mmHg,2025-07-31
OBS-00004846,PT-000843,ENC-0002415,8462-4,Diastolic blood pressure,105.8,mmHg,2024-11-27
OBS-00004847,PT-000844,ENC-0002416,2339-0,Glucose,134.1,mg/dL,2025-10-13
OBS-00004848,PT-000844,ENC-0002416,8462-4,Diastolic blood pressure,58.4,mmHg,2025-10-13
OBS-00004849,PT-000844,ENC-0002417,718-7,Hemoglobin,9.9,g/dL,2025-11-11
OBS-00004850,PT-000844,ENC-0002417,8462-4,Diastolic blood pressure,76.4,mmHg,2025-11-11
OBS-00004851,PT-000844,ENC-0002417,2160-0,Creatinine,3.4,mg/dL,2025-11-11
OBS-00004852,PT-000844,ENC-0002418,2339-0,Glucose,95.3,mg/dL,2026-01-09
OBS-00004853,PT-000844,ENC-0002418,4548-4,Hemoglobin A1c,11.3,%,2026-01-09
OBS-00004854,PT-000844,ENC-0002418,8462-4,Diastolic blood pressure,107.2,mmHg,2026-01-09
OBS-00004855,PT-000844,ENC-0002419,8480-6,Systolic blood pressure,178.3,mmHg,2025-01-03
OBS-00004856,PT-000844,ENC-0002420,2160-0,Creatinine,4.0,mg/dL,2026-08-17
OBS-00004857,PT-000844,ENC-0002420,8480-6,Systolic blood pressure,129.1,mmHg,2026-08-17
OBS-00004858,PT-000845,ENC-0002421,8480-6,Systolic blood pressure,144.2,mmHg,2025-06-09
OBS-00004859,PT-000845,ENC-0002422,8480-6,Systolic blood pressure,137.5,mmHg,2024-10-18
OBS-00004860,PT-000845,ENC-0002423,8480-6,Systolic blood pressure,176.6,mmHg,2025-07-12
OBS-00004861,PT-000846,ENC-0002424,2339-0,Glucose,118.1,mg/dL,2025-12-02
OBS-00004862,PT-000846,ENC-0002424,2160-0,Creatinine,1.3,mg/dL,2025-12-02
OBS-00004863,PT-000846,ENC-0002425,2339-0,Glucose,76.2,mg/dL,2025-12-01
OBS-00004864,PT-000846,ENC-0002425,8480-6,Systolic blood pressure,157.6,mmHg,2025-12-01
OBS-00004865,PT-000846,ENC-0002426,2339-0,Glucose,184.3,mg/dL,2026-07-06
OBS-00004866,PT-000846,ENC-0002427,2160-0,Creatinine,4.3,mg/dL,2024-11-24
OBS-00004867,PT-000846,ENC-0002427,718-7,Hemoglobin,11.1,g/dL,2024-11-24
OBS-00004868,PT-000846,ENC-0002428,8462-4,Diastolic blood pressure,91.5,mmHg,2025-01-25
OBS-00004869,PT-000846,ENC-0002428,8480-6,Systolic blood pressure,109.3,mmHg,2025-01-25
OBS-00004870,PT-000846,ENC-0002428,8462-4,Diastolic blood pressure,71.0,mmHg,2025-01-25
OBS-00004871,PT-000847,ENC-0002429,718-7,Hemoglobin,10.7,g/dL,2025-10-22
OBS-00004872,PT-000847,ENC-0002430,4548-4,Hemoglobin A1c,9.0,%,2025-12-23
OBS-00004873,PT-000847,ENC-0002430,2339-0,Glucose,184.1,mg/dL,2025-12-23
OBS-00004874,PT-000848,ENC-0002431,718-7,Hemoglobin,16.7,g/dL,2025-11-09
OBS-00004875,PT-000848,ENC-0002431,4548-4,Hemoglobin A1c,5.7,%,2025-11-09
OBS-00004876,PT-000849,ENC-0002432,8462-4,Diastolic blood pressure,92.4,mmHg,2025-01-18
OBS-00004877,PT-000849,ENC-0002433,2339-0,Glucose,249.6,mg/dL,2026-08-30
OBS-00004878,PT-000849,ENC-0002434,4548-4,Hemoglobin A1c,11.9,%,2025-01-24
OBS-00004879,PT-000849,ENC-0002434,8462-4,Diastolic blood pressure,93.2,mmHg,2025-01-24
OBS-00004880,PT-000849,ENC-0002435,2339-0,Glucose,236.4,mg/dL,2025-11-13
OBS-00004881,PT-000849,ENC-0002436,8462-4,Diastolic blood pressure,83.3,mmHg,2026-01-07
OBS-00004882,PT-000849,ENC-0002436,718-7,Hemoglobin,15.0,g/dL,2026-01-07
OBS-00004883,PT-000849,ENC-0002437,2339-0,Glucose,112.2,mg/dL,2025-04-19
OBS-00004884,PT-000849,ENC-0002438,2160-0,Creatinine,3.7,mg/dL,2025-04-22
OBS-00004885,PT-000849,ENC-0002438,8462-4,Diastolic blood pressure,97.4,mmHg,2025-04-22
OBS-00004886,PT-000850,ENC-0002439,2339-0,Glucose,241.8,mg/dL,2026-01-09
OBS-00004887,PT-000850,ENC-0002439,718-7,Hemoglobin,11.2,g/dL,2026-01-09
OBS-00004888,PT-000850,ENC-0002439,8480-6,Systolic blood pressure,136.0,mmHg,2026-01-09
OBS-00004889,PT-000850,ENC-0002440,718-7,Hemoglobin,9.6,g/dL,2026-01-16
OBS-00004890,PT-000850,ENC-0002440,4548-4,Hemoglobin A1c,10.6,%,2026-01-16
OBS-00004891,PT-000850,ENC-0002441,2339-0,Glucose,253.2,mg/dL,2025-07-19
OBS-00004892,PT-000850,ENC-0002441,4548-4,Hemoglobin A1c,6.1,%,2025-07-19
OBS-00004893,PT-000850,ENC-0002442,2339-0,Glucose,230.6,mg/dL,2024-09-19
OBS-00004894,PT-000850,ENC-0002442,2160-0,Creatinine,2.1,mg/dL,2024-09-19
OBS-00004895,PT-000850,ENC-0002443,2160-0,Creatinine,2.7,mg/dL,2025-08-20
OBS-00004896,PT-000850,ENC-0002443,8480-6,Systolic blood pressure,151.5,mmHg,2025-08-20
OBS-00004897,PT-000850,ENC-0002444,2339-0,Glucose,121.5,mg/dL,2024-09-27
OBS-00004898,PT-000850,ENC-0002444,8480-6,Systolic blood pressure,184.7,mmHg,2024-09-27
OBS-00004899,PT-000850,ENC-0002444,2339-0,Glucose,214.0,mg/dL,2024-09-27
OBS-00004900,PT-000851,ENC-0002445,2160-0,Creatinine,1.6,mg/dL,2024-10-31
OBS-00004901,PT-000851,ENC-0002445,8480-6,Systolic blood pressure,140.9,mmHg,2024-10-31
OBS-00004902,PT-000851,ENC-0002446,2160-0,Creatinine,1.2,mg/dL,2025-03-28
OBS-00004903,PT-000851,ENC-0002447,8462-4,Diastolic blood pressure,58.0,mmHg,2026-05-16
OBS-00004904,PT-000851,ENC-0002447,718-7,Hemoglobin,15.1,g/dL,2026-05-16
OBS-00004905,PT-000852,ENC-0002448,2339-0,Glucose,212.3,mg/dL,2024-10-25
OBS-00004906,PT-000852,ENC-0002448,2339-0,Glucose,289.4,mg/dL,2024-10-25
OBS-00004907,PT-000852,ENC-0002448,718-7,Hemoglobin,8.3,g/dL,2024-10-25
OBS-00004908,PT-000852,ENC-0002449,718-7,Hemoglobin,10.5,g/dL,2025-05-21
OBS-00004909,PT-000852,ENC-0002449,2160-0,Creatinine,2.0,mg/dL,2025-05-21
OBS-00004910,PT-000852,ENC-0002450,2160-0,Creatinine,1.0,mg/dL,2025-07-27
OBS-00004911,PT-000853,ENC-0002451,8480-6,Systolic blood pressure,172.6,mmHg,2025-01-19
OBS-00004912,PT-000853,ENC-0002452,4548-4,Hemoglobin A1c,5.3,%,2024-10-22
OBS-00004913,PT-000853,ENC-0002452,2339-0,Glucose,181.5,mg/dL,2024-10-22
OBS-00004914,PT-000853,ENC-0002452,4548-4,Hemoglobin A1c,5.9,%,2024-10-22
OBS-00004915,PT-000853,ENC-0002453,4548-4,Hemoglobin A1c,5.8,%,2025-11-21
OBS-00004916,PT-000853,ENC-0002453,8462-4,Diastolic blood pressure,103.0,mmHg,2025-11-21
OBS-00004917,PT-000854,ENC-0002454,4548-4,Hemoglobin A1c,9.2,%,2025-06-13
OBS-00004918,PT-000854,ENC-0002455,8462-4,Diastolic blood pressure,91.4,mmHg,2025-12-21
OBS-00004919,PT-000854,ENC-0002455,8480-6,Systolic blood pressure,177.8,mmHg,2025-12-21
OBS-00004920,PT-000854,ENC-0002455,8480-6,Systolic blood pressure,161.7,mmHg,2025-12-21
OBS-00004921,PT-000854,ENC-0002456,8462-4,Diastolic blood pressure,75.3,mmHg,2025-01-26
OBS-00004922,PT-000855,ENC-0002457,4548-4,Hemoglobin A1c,4.8,%,2025-04-11
OBS-00004923,PT-000855,ENC-0002457,8462-4,Diastolic blood pressure,90.4,mmHg,2025-04-11
OBS-00004924,PT-000855,ENC-0002457,2339-0,Glucose,112.0,mg/dL,2025-04-11
OBS-00004925,PT-000855,ENC-0002458,4548-4,Hemoglobin A1c,12.1,%,2025-09-13
OBS-00004926,PT-000855,ENC-0002458,718-7,Hemoglobin,15.3,g/dL,2025-09-13
OBS-00004927,PT-000855,ENC-0002458,8480-6,Systolic blood pressure,159.3,mmHg,2025-09-13
OBS-00004928,PT-000856,ENC-0002459,2160-0,Creatinine,0.9,mg/dL,2026-08-23
OBS-00004929,PT-000856,ENC-0002459,2160-0,Creatinine,1.2,mg/dL,2026-08-23
OBS-00004930,PT-000856,ENC-0002459,4548-4,Hemoglobin A1c,10.7,%,2026-08-23
OBS-00004931,PT-000856,ENC-0002460,8462-4,Diastolic blood pressure,70.4,mmHg,2025-11-20
OBS-00004932,PT-000856,ENC-0002460,4548-4,Hemoglobin A1c,5.6,%,2025-11-20
OBS-00004933,PT-000856,ENC-0002461,8480-6,Systolic blood pressure,161.1,mmHg,2026-05-22
OBS-00004934,PT-000856,ENC-0002461,2339-0,Glucose,264.7,mg/dL,2026-05-22
OBS-00004935,PT-000856,ENC-0002461,2160-0,Creatinine,1.1,mg/dL,2026-05-22
OBS-00004936,PT-000856,ENC-0002462,2339-0,Glucose,116.5,mg/dL,2026-05-20
OBS-00004937,PT-000856,ENC-0002462,8480-6,Systolic blood pressure,161.3,mmHg,2026-05-20
OBS-00004938,PT-000856,ENC-0002462,2339-0,Glucose,214.6,mg/dL,2026-05-20
OBS-00004939,PT-000857,ENC-0002463,718-7,Hemoglobin,14.9,g/dL,2024-11-11
OBS-00004940,PT-000857,ENC-0002463,8462-4,Diastolic blood pressure,59.6,mmHg,2024-11-11
OBS-00004941,PT-000858,ENC-0002464,4548-4,Hemoglobin A1c,11.8,%,2025-04-28
OBS-00004942,PT-000858,ENC-0002465,8480-6,Systolic blood pressure,113.6,mmHg,2026-05-07
OBS-00004943,PT-000858,ENC-0002465,8462-4,Diastolic blood pressure,83.6,mmHg,2026-05-07
OBS-00004944,PT-000859,ENC-0002466,2339-0,Glucose,230.7,mg/dL,2025-05-15
OBS-00004945,PT-000859,ENC-0002466,4548-4,Hemoglobin A1c,8.1,%,2025-05-15
OBS-00004946,PT-000859,ENC-0002467,2339-0,Glucose,259.0,mg/dL,2026-08-05
OBS-00004947,PT-000859,ENC-0002468,8480-6,Systolic blood pressure,106.4,mmHg,2024-11-16
OBS-00004948,PT-000859,ENC-0002468,718-7,Hemoglobin,13.7,g/dL,2024-11-16
OBS-00004949,PT-000859,ENC-0002469,2160-0,Creatinine,4.1,mg/dL,2026-06-12
OBS-00004950,PT-000859,ENC-0002469,2160-0,Creatinine,3.8,mg/dL,2026-06-12
OBS-00004951,PT-000859,ENC-0002469,2160-0,Creatinine,4.3,mg/dL,2026-06-12
OBS-00004952,PT-000859,ENC-0002470,2160-0,Creatinine,3.8,mg/dL,2025-03-02
OBS-00004953,PT-000859,ENC-0002470,2339-0,Glucose,98.5,mg/dL,2025-03-02
OBS-00004954,PT-000859,ENC-0002471,4548-4,Hemoglobin A1c,9.5,%,2025-07-17
OBS-00004955,PT-000859,ENC-0002471,4548-4,Hemoglobin A1c,5.7,%,2025-07-17
OBS-00004956,PT-000860,ENC-0002472,2339-0,Glucose,135.5,mg/dL,2026-03-03
OBS-00004957,PT-000861,ENC-0002473,2339-0,Glucose,157.2,mg/dL,2026-08-05
OBS-00004958,PT-000861,ENC-0002473,2160-0,Creatinine,0.9,mg/dL,2026-08-05
OBS-00004959,PT-000861,ENC-0002474,8462-4,Diastolic blood pressure,57.8,mmHg,2024-10-18
OBS-00004960,PT-000861,ENC-0002474,4548-4,Hemoglobin A1c,7.5,%,2024-10-18
OBS-00004961,PT-000861,ENC-0002475,718-7,Hemoglobin,13.1,g/dL,2025-01-24
OBS-00004962,PT-000861,ENC-0002475,8480-6,Systolic blood pressure,109.3,mmHg,2025-01-24
OBS-00004963,PT-000861,ENC-0002476,2160-0,Creatinine,4.4,mg/dL,2026-07-10
OBS-00004964,PT-000861,ENC-0002476,718-7,Hemoglobin,15.5,g/dL,2026-07-10
OBS-00004965,PT-000862,ENC-0002477,4548-4,Hemoglobin A1c,6.9,%,2025-04-19
OBS-00004966,PT-000862,ENC-0002477,2339-0,Glucose,190.9,mg/dL,2025-04-19
OBS-00004967,PT-000862,ENC-0002477,2339-0,Glucose,78.4,mg/dL,2025-04-19
OBS-00004968,PT-000862,ENC-0002478,8480-6,Systolic blood pressure,157.9,mmHg,2026-06-15
OBS-00004969,PT-000862,ENC-0002478,8462-4,Diastolic blood pressure,76.2,mmHg,2026-06-15
OBS-00004970,PT-000862,ENC-0002478,2160-0,Creatinine,3.7,mg/dL,2026-06-15
OBS-00004971,PT-000862,ENC-0002479,2160-0,Creatinine,2.6,mg/dL,2024-11-09
OBS-00004972,PT-000862,ENC-0002480,2160-0,Creatinine,2.1,mg/dL,2025-11-02
OBS-00004973,PT-000862,ENC-0002480,8480-6,Systolic blood pressure,125.7,mmHg,2025-11-02
OBS-00004974,PT-000862,ENC-0002481,718-7,Hemoglobin,11.8,g/dL,2025-09-08
OBS-00004975,PT-000862,ENC-0002481,2160-0,Creatinine,0.6,mg/dL,2025-09-08
OBS-00004976,PT-000862,ENC-0002481,4548-4,Hemoglobin A1c,12.1,%,2025-09-08
OBS-00004977,PT-000863,ENC-0002482,8462-4,Diastolic blood pressure,102.8,mmHg,2025-11-02
OBS-00004978,PT-000863,ENC-0002482,2339-0,Glucose,187.6,mg/dL,2025-11-02
OBS-00004979,PT-000863,ENC-0002483,8480-6,Systolic blood pressure,95.3,mmHg,2026-04-21
OBS-00004980,PT-000863,ENC-0002484,718-7,Hemoglobin,10.1,g/dL,2026-06-09
OBS-00004981,PT-000863,ENC-0002484,8480-6,Systolic blood pressure,99.4,mmHg,2026-06-09
OBS-00004982,PT-000863,ENC-0002485,2339-0,Glucose,282.8,mg/dL,2026-01-09
OBS-00004983,PT-000864,ENC-0002486,4548-4,Hemoglobin A1c,9.8,%,2025-08-14
OBS-00004984,PT-000864,ENC-0002486,2339-0,Glucose,242.0,mg/dL,2025-08-14
OBS-00004985,PT-000864,ENC-0002487,2160-0,Creatinine,1.9,mg/dL,2026-07-11
OBS-00004986,PT-000864,ENC-0002488,8480-6,Systolic blood pressure,136.3,mmHg,2025-01-24
OBS-00004987,PT-000864,ENC-0002488,8480-6,Systolic blood pressure,132.1,mmHg,2025-01-24
OBS-00004988,PT-000864,ENC-0002488,8480-6,Systolic blood pressure,176.2,mmHg,2025-01-24
OBS-00004989,PT-000865,ENC-0002489,4548-4,Hemoglobin A1c,10.7,%,2025-02-23
OBS-00004990,PT-000866,ENC-0002490,2160-0,Creatinine,2.9,mg/dL,2026-04-26
OBS-00004991,PT-000866,ENC-0002491,8480-6,Systolic blood pressure,137.2,mmHg,2025-11-14
OBS-00004992,PT-000866,ENC-0002491,8462-4,Diastolic blood pressure,90.2,mmHg,2025-11-14
OBS-00004993,PT-000867,ENC-0002492,8462-4,Diastolic blood pressure,89.7,mmHg,2025-05-28
OBS-00004994,PT-000867,ENC-0002492,8480-6,Systolic blood pressure,102.4,mmHg,2025-05-28
OBS-00004995,PT-000867,ENC-0002493,8480-6,Systolic blood pressure,151.2,mmHg,2026-02-16
OBS-00004996,PT-000867,ENC-0002493,8462-4,Diastolic blood pressure,85.8,mmHg,2026-02-16
OBS-00004997,PT-000867,ENC-0002493,718-7,Hemoglobin,12.0,g/dL,2026-02-16
OBS-00004998,PT-000867,ENC-0002494,4548-4,Hemoglobin A1c,5.4,%,2025-11-28
OBS-00004999,PT-000867,ENC-0002494,2339-0,Glucose,305.1,mg/dL,2025-11-28
OBS-00005000,PT-000867,ENC-0002495,8462-4,Diastolic blood pressure,83.3,mmHg,2025-02-26
OBS-00005001,PT-000868,ENC-0002496,8480-6,Systolic blood pressure,168.7,mmHg,2025-02-13
OBS-00005002,PT-000868,ENC-0002496,8462-4,Diastolic blood pressure,106.5,mmHg,2025-02-13
OBS-00005003,PT-000868,ENC-0002496,718-7,Hemoglobin,11.9,g/dL,2025-02-13
OBS-00005004,PT-000869,ENC-0002497,8462-4,Diastolic blood pressure,99.3,mmHg,2025-10-11
OBS-00005005,PT-000869,ENC-0002497,4548-4,Hemoglobin A1c,10.5,%,2025-10-11
OBS-00005006,PT-000869,ENC-0002497,718-7,Hemoglobin,16.1,g/dL,2025-10-11
OBS-00005007,PT-000869,ENC-0002498,2339-0,Glucose,263.1,mg/dL,2026-07-28
OBS-00005008,PT-000869,ENC-0002499,4548-4,Hemoglobin A1c,5.9,%,2025-04-23
OBS-00005009,PT-000869,ENC-0002499,718-7,Hemoglobin,15.4,g/dL,2025-04-23
OBS-00005010,PT-000870,ENC-0002500,2160-0,Creatinine,1.9,mg/dL,2025-08-09
OBS-00005011,PT-000870,ENC-0002500,8480-6,Systolic blood pressure,136.7,mmHg,2025-08-09
OBS-00005012,PT-000870,ENC-0002500,2339-0,Glucose,280.6,mg/dL,2025-08-09
OBS-00005013,PT-000870,ENC-0002501,4548-4,Hemoglobin A1c,12.1,%,2024-11-27
OBS-00005014,PT-000871,ENC-0002502,4548-4,Hemoglobin A1c,10.9,%,2026-02-28
OBS-00005015,PT-000871,ENC-0002502,4548-4,Hemoglobin A1c,11.6,%,2026-02-28
OBS-00005016,PT-000871,ENC-0002502,2339-0,Glucose,151.5,mg/dL,2026-02-28
OBS-00005017,PT-000871,ENC-0002503,8480-6,Systolic blood pressure,108.5,mmHg,2025-11-03
OBS-00005018,PT-000871,ENC-0002503,2339-0,Glucose,257.7,mg/dL,2025-11-03
OBS-00005019,PT-000871,ENC-0002503,718-7,Hemoglobin,15.6,g/dL,2025-11-03
OBS-00005020,PT-000871,ENC-0002504,718-7,Hemoglobin,13.3,g/dL,2025-03-25
OBS-00005021,PT-000871,ENC-0002504,2160-0,Creatinine,1.9,mg/dL,2025-03-25
OBS-00005022,PT-000871,ENC-0002504,2160-0,Creatinine,3.7,mg/dL,2025-03-25
OBS-00005023,PT-000871,ENC-0002505,2339-0,Glucose,203.3,mg/dL,2026-09-02
OBS-00005024,PT-000871,ENC-0002506,718-7,Hemoglobin,14.2,g/dL,2026-03-31
OBS-00005025,PT-000871,ENC-0002506,2339-0,Glucose,298.7,mg/dL,2026-03-31
OBS-00005026,PT-000872,ENC-0002507,2160-0,Creatinine,3.0,mg/dL,2025-07-18
OBS-00005027,PT-000872,ENC-0002507,2160-0,Creatinine,0.7,mg/dL,2025-07-18
OBS-00005028,PT-000873,ENC-0002508,8480-6,Systolic blood pressure,174.6,mmHg,2025-01-23
OBS-00005029,PT-000873,ENC-0002509,4548-4,Hemoglobin A1c,10.9,%,2026-01-26
OBS-00005030,PT-000873,ENC-0002509,8480-6,Systolic blood pressure,167.4,mmHg,2026-01-26
OBS-00005031,PT-000873,ENC-0002510,8462-4,Diastolic blood pressure,98.7,mmHg,2025-06-29
OBS-00005032,PT-000873,ENC-0002511,2339-0,Glucose,310.8,mg/dL,2026-07-15
OBS-00005033,PT-000873,ENC-0002511,8462-4,Diastolic blood pressure,84.1,mmHg,2026-07-15
OBS-00005034,PT-000873,ENC-0002511,8480-6,Systolic blood pressure,160.9,mmHg,2026-07-15
OBS-00005035,PT-000874,ENC-0002512,2339-0,Glucose,243.3,mg/dL,2026-06-17
OBS-00005036,PT-000874,ENC-0002512,2160-0,Creatinine,0.9,mg/dL,2026-06-17
OBS-00005037,PT-000874,ENC-0002512,2339-0,Glucose,271.6,mg/dL,2026-06-17
OBS-00005038,PT-000874,ENC-0002513,718-7,Hemoglobin,8.6,g/dL,2025-11-08
OBS-00005039,PT-000874,ENC-0002514,8462-4,Diastolic blood pressure,69.2,mmHg,2024-10-20
OBS-00005040,PT-000874,ENC-0002514,8480-6,Systolic blood pressure,115.8,mmHg,2024-10-20
OBS-00005041,PT-000874,ENC-0002514,8462-4,Diastolic blood pressure,69.4,mmHg,2024-10-20
OBS-00005042,PT-000874,ENC-0002515,8462-4,Diastolic blood pressure,109.1,mmHg,2025-02-11
OBS-00005043,PT-000874,ENC-0002515,718-7,Hemoglobin,17.0,g/dL,2025-02-11
OBS-00005044,PT-000874,ENC-0002516,2160-0,Creatinine,3.6,mg/dL,2026-08-24
OBS-00005045,PT-000874,ENC-0002516,8480-6,Systolic blood pressure,138.7,mmHg,2026-08-24
OBS-00005046,PT-000874,ENC-0002516,718-7,Hemoglobin,13.1,g/dL,2026-08-24
OBS-00005047,PT-000875,ENC-0002517,2160-0,Creatinine,4.0,mg/dL,2026-03-15
OBS-00005048,PT-000875,ENC-0002517,4548-4,Hemoglobin A1c,10.8,%,2026-03-15
OBS-00005049,PT-000875,ENC-0002518,8480-6,Systolic blood pressure,157.4,mmHg,2025-07-11
OBS-00005050,PT-000875,ENC-0002519,4548-4,Hemoglobin A1c,12.4,%,2024-11-01
OBS-00005051,PT-000875,ENC-0002520,4548-4,Hemoglobin A1c,12.0,%,2025-11-06
OBS-00005052,PT-000875,ENC-0002520,2160-0,Creatinine,3.6,mg/dL,2025-11-06
OBS-00005053,PT-000876,ENC-0002521,8480-6,Systolic blood pressure,128.8,mmHg,2025-05-14
OBS-00005054,PT-000876,ENC-0002521,2339-0,Glucose,222.2,mg/dL,2025-05-14
OBS-00005055,PT-000876,ENC-0002521,2160-0,Creatinine,3.5,mg/dL,2025-05-14
OBS-00005056,PT-000877,ENC-0002522,8462-4,Diastolic blood pressure,75.3,mmHg,2025-07-05
OBS-00005057,PT-000877,ENC-0002522,8480-6,Systolic blood pressure,96.9,mmHg,2025-07-05
OBS-00005058,PT-000877,ENC-0002522,4548-4,Hemoglobin A1c,9.8,%,2025-07-05
OBS-00005059,PT-000877,ENC-0002523,718-7,Hemoglobin,16.1,g/dL,2025-11-25
OBS-00005060,PT-000877,ENC-0002523,2339-0,Glucose,184.3,mg/dL,2025-11-25
OBS-00005061,PT-000877,ENC-0002523,8462-4,Diastolic blood pressure,55.7,mmHg,2025-11-25
OBS-00005062,PT-000878,ENC-0002524,8480-6,Systolic blood pressure,128.5,mmHg,2026-02-09
OBS-00005063,PT-000878,ENC-0002525,718-7,Hemoglobin,8.3,g/dL,2025-11-07
OBS-00005064,PT-000878,ENC-0002525,8462-4,Diastolic blood pressure,78.8,mmHg,2025-11-07
OBS-00005065,PT-000878,ENC-0002526,4548-4,Hemoglobin A1c,7.1,%,2025-01-07
OBS-00005066,PT-000878,ENC-0002526,718-7,Hemoglobin,14.6,g/dL,2025-01-07
OBS-00005067,PT-000878,ENC-0002527,2160-0,Creatinine,3.5,mg/dL,2025-12-02
OBS-00005068,PT-000878,ENC-0002527,2339-0,Glucose,230.0,mg/dL,2025-12-02
OBS-00005069,PT-000878,ENC-0002527,2339-0,Glucose,140.0,mg/dL,2025-12-02
OBS-00005070,PT-000879,ENC-0002528,2160-0,Creatinine,3.7,mg/dL,2025-12-14
OBS-00005071,PT-000879,ENC-0002528,2160-0,Creatinine,3.3,mg/dL,2025-12-14
OBS-00005072,PT-000879,ENC-0002528,2160-0,Creatinine,3.2,mg/dL,2025-12-14
OBS-00005073,PT-000879,ENC-0002529,2160-0,Creatinine,3.6,mg/dL,2024-10-27
OBS-00005074,PT-000879,ENC-0002530,2339-0,Glucose,99.8,mg/dL,2025-12-01
OBS-00005075,PT-000879,ENC-0002530,4548-4,Hemoglobin A1c,8.8,%,2025-12-01
OBS-00005076,PT-000879,ENC-0002531,8480-6,Systolic blood pressure,108.7,mmHg,2024-11-25
OBS-00005077,PT-000879,ENC-0002531,2339-0,Glucose,240.0,mg/dL,2024-11-25
OBS-00005078,PT-000880,ENC-0002532,8480-6,Systolic blood pressure,172.3,mmHg,2025-05-24
OBS-00005079,PT-000880,ENC-0002533,8480-6,Systolic blood pressure,152.1,mmHg,2025-07-15
OBS-00005080,PT-000880,ENC-0002533,4548-4,Hemoglobin A1c,5.5,%,2025-07-15
OBS-00005081,PT-000880,ENC-0002533,2160-0,Creatinine,1.4,mg/dL,2025-07-15
OBS-00005082,PT-000880,ENC-0002534,718-7,Hemoglobin,13.1,g/dL,2026-08-02
OBS-00005083,PT-000880,ENC-0002534,2339-0,Glucose,88.0,mg/dL,2026-08-02
OBS-00005084,PT-000881,ENC-0002535,718-7,Hemoglobin,14.5,g/dL,2025-11-25
OBS-00005085,PT-000881,ENC-0002535,8462-4,Diastolic blood pressure,77.5,mmHg,2025-11-25
OBS-00005086,PT-000881,ENC-0002535,2339-0,Glucose,133.9,mg/dL,2025-11-25
OBS-00005087,PT-000881,ENC-0002536,8462-4,Diastolic blood pressure,77.5,mmHg,2025-12-04
OBS-00005088,PT-000881,ENC-0002536,8480-6,Systolic blood pressure,152.6,mmHg,2025-12-04
OBS-00005089,PT-000881,ENC-0002536,8480-6,Systolic blood pressure,104.3,mmHg,2025-12-04
OBS-00005090,PT-000881,ENC-0002537,8480-6,Systolic blood pressure,183.1,mmHg,2025-12-15
OBS-00005091,PT-000882,ENC-0002538,4548-4,Hemoglobin A1c,8.9,%,2026-01-05
OBS-00005092,PT-000882,ENC-0002538,4548-4,Hemoglobin A1c,8.7,%,2026-01-05
OBS-00005093,PT-000882,ENC-0002539,2160-0,Creatinine,3.6,mg/dL,2024-11-27
OBS-00005094,PT-000882,ENC-0002539,4548-4,Hemoglobin A1c,7.9,%,2024-11-27
OBS-00005095,PT-000882,ENC-0002539,2160-0,Creatinine,1.7,mg/dL,2024-11-27
OBS-00005096,PT-000882,ENC-0002540,2160-0,Creatinine,0.9,mg/dL,2026-07-26
OBS-00005097,PT-000883,ENC-0002541,8480-6,Systolic blood pressure,103.2,mmHg,2024-10-26
OBS-00005098,PT-000883,ENC-0002541,8462-4,Diastolic blood pressure,70.6,mmHg,2024-10-26
OBS-00005099,PT-000883,ENC-0002541,2160-0,Creatinine,0.8,mg/dL,2024-10-26
OBS-00005100,PT-000883,ENC-0002542,718-7,Hemoglobin,8.0,g/dL,2026-06-22
OBS-00005101,PT-000883,ENC-0002542,718-7,Hemoglobin,13.1,g/dL,2026-06-22
OBS-00005102,PT-000883,ENC-0002542,8462-4,Diastolic blood pressure,94.1,mmHg,2026-06-22
OBS-00005103,PT-000883,ENC-0002543,2160-0,Creatinine,3.1,mg/dL,2026-06-12
OBS-00005104,PT-000883,ENC-0002543,2160-0,Creatinine,3.7,mg/dL,2026-06-12
OBS-00005105,PT-000883,ENC-0002543,2160-0,Creatinine,1.9,mg/dL,2026-06-12
OBS-00005106,PT-000884,ENC-0002544,2160-0,Creatinine,3.0,mg/dL,2025-03-31
OBS-00005107,PT-000884,ENC-0002544,4548-4,Hemoglobin A1c,8.8,%,2025-03-31
OBS-00005108,PT-000884,ENC-0002544,718-7,Hemoglobin,9.0,g/dL,2025-03-31
OBS-00005109,PT-000885,ENC-0002545,2160-0,Creatinine,1.4,mg/dL,2026-06-14
OBS-00005110,PT-000885,ENC-0002546,4548-4,Hemoglobin A1c,7.1,%,2025-12-28
OBS-00005111,PT-000885,ENC-0002546,8480-6,Systolic blood pressure,153.1,mmHg,2025-12-28
OBS-00005112,PT-000885,ENC-0002546,2160-0,Creatinine,2.1,mg/dL,2025-12-28
OBS-00005113,PT-000886,ENC-0002547,8462-4,Diastolic blood pressure,77.5,mmHg,2026-05-13
OBS-00005114,PT-000886,ENC-0002548,2160-0,Creatinine,0.6,mg/dL,2026-04-08
OBS-00005115,PT-000887,ENC-0002549,8480-6,Systolic blood pressure,131.0,mmHg,2025-12-21
OBS-00005116,PT-000887,ENC-0002549,2339-0,Glucose,284.6,mg/dL,2025-12-21
OBS-00005117,PT-000887,ENC-0002550,718-7,Hemoglobin,8.2,g/dL,2025-07-15
OBS-00005118,PT-000887,ENC-0002550,718-7,Hemoglobin,16.7,g/dL,2025-07-15
OBS-00005119,PT-000887,ENC-0002550,4548-4,Hemoglobin A1c,8.9,%,2025-07-15
OBS-00005120,PT-000888,ENC-0002551,718-7,Hemoglobin,15.8,g/dL,2025-03-17
OBS-00005121,PT-000888,ENC-0002551,8480-6,Systolic blood pressure,158.8,mmHg,2025-03-17
OBS-00005122,PT-000888,ENC-0002551,2339-0,Glucose,78.7,mg/dL,2025-03-17
OBS-00005123,PT-000888,ENC-0002552,4548-4,Hemoglobin A1c,7.9,%,2025-03-17
OBS-00005124,PT-000888,ENC-0002552,2160-0,Creatinine,0.7,mg/dL,2025-03-17
OBS-00005125,PT-000888,ENC-0002552,2339-0,Glucose,166.0,mg/dL,2025-03-17
OBS-00005126,PT-000889,ENC-0002553,2339-0,Glucose,165.8,mg/dL,2025-02-11
OBS-00005127,PT-000889,ENC-0002553,2339-0,Glucose,311.9,mg/dL,2025-02-11
OBS-00005128,PT-000889,ENC-0002554,8462-4,Diastolic blood pressure,57.4,mmHg,2026-04-21
OBS-00005129,PT-000889,ENC-0002555,4548-4,Hemoglobin A1c,11.2,%,2024-11-28
OBS-00005130,PT-000889,ENC-0002555,2160-0,Creatinine,4.3,mg/dL,2024-11-28
OBS-00005131,PT-000889,ENC-0002556,2160-0,Creatinine,2.8,mg/dL,2026-04-28
OBS-00005132,PT-000889,ENC-0002556,718-7,Hemoglobin,13.3,g/dL,2026-04-28
OBS-00005133,PT-000889,ENC-0002556,8480-6,Systolic blood pressure,170.0,mmHg,2026-04-28
OBS-00005134,PT-000890,ENC-0002557,2339-0,Glucose,183.7,mg/dL,2025-01-03
OBS-00005135,PT-000890,ENC-0002558,8462-4,Diastolic blood pressure,97.2,mmHg,2026-01-16
OBS-00005136,PT-000890,ENC-0002558,2160-0,Creatinine,3.4,mg/dL,2026-01-16
OBS-00005137,PT-000891,ENC-0002559,8480-6,Systolic blood pressure,98.7,mmHg,2024-11-15
OBS-00005138,PT-000891,ENC-0002560,8480-6,Systolic blood pressure,170.0,mmHg,2026-09-10
OBS-00005139,PT-000891,ENC-0002560,8480-6,Systolic blood pressure,141.8,mmHg,2026-09-10
OBS-00005140,PT-000891,ENC-0002560,8480-6,Systolic blood pressure,168.5,mmHg,2026-09-10
OBS-00005141,PT-000891,ENC-0002561,8480-6,Systolic blood pressure,157.5,mmHg,2026-07-27
OBS-00005142,PT-000891,ENC-0002562,2339-0,Glucose,109.1,mg/dL,2025-04-10
OBS-00005143,PT-000891,ENC-0002562,718-7,Hemoglobin,16.6,g/dL,2025-04-10
OBS-00005144,PT-000891,ENC-0002562,2160-0,Creatinine,1.7,mg/dL,2025-04-10
OBS-00005145,PT-000891,ENC-0002563,2160-0,Creatinine,1.5,mg/dL,2026-02-20
OBS-00005146,PT-000892,ENC-0002564,4548-4,Hemoglobin A1c,5.8,%,2025-11-15
OBS-00005147,PT-000892,ENC-0002564,8480-6,Systolic blood pressure,150.8,mmHg,2025-11-15
OBS-00005148,PT-000892,ENC-0002565,8462-4,Diastolic blood pressure,64.1,mmHg,2025-06-26
OBS-00005149,PT-000892,ENC-0002565,2160-0,Creatinine,2.0,mg/dL,2025-06-26
OBS-00005150,PT-000892,ENC-0002566,4548-4,Hemoglobin A1c,7.9,%,2026-01-29
OBS-00005151,PT-000892,ENC-0002566,8462-4,Diastolic blood pressure,93.5,mmHg,2026-01-29
OBS-00005152,PT-000892,ENC-0002566,718-7,Hemoglobin,12.3,g/dL,2026-01-29
OBS-00005153,PT-000893,ENC-0002567,8480-6,Systolic blood pressure,116.5,mmHg,2025-09-04
OBS-00005154,PT-000893,ENC-0002567,8480-6,Systolic blood pressure,178.4,mmHg,2025-09-04
OBS-00005155,PT-000893,ENC-0002567,2339-0,Glucose,228.7,mg/dL,2025-09-04
OBS-00005156,PT-000894,ENC-0002568,2160-0,Creatinine,2.0,mg/dL,2025-03-21
OBS-00005157,PT-000894,ENC-0002569,8480-6,Systolic blood pressure,182.2,mmHg,2026-01-08
OBS-00005158,PT-000894,ENC-0002570,2160-0,Creatinine,1.5,mg/dL,2025-11-22
OBS-00005159,PT-000894,ENC-0002570,4548-4,Hemoglobin A1c,8.4,%,2025-11-22
OBS-00005160,PT-000894,ENC-0002571,8480-6,Systolic blood pressure,172.1,mmHg,2025-10-04
OBS-00005161,PT-000894,ENC-0002571,2339-0,Glucose,224.4,mg/dL,2025-10-04
OBS-00005162,PT-000894,ENC-0002571,2339-0,Glucose,304.2,mg/dL,2025-10-04
OBS-00005163,PT-000895,ENC-0002572,8480-6,Systolic blood pressure,95.6,mmHg,2026-02-24
OBS-00005164,PT-000895,ENC-0002573,2339-0,Glucose,213.1,mg/dL,2025-05-05
OBS-00005165,PT-000895,ENC-0002573,718-7,Hemoglobin,12.6,g/dL,2025-05-05
OBS-00005166,PT-000896,ENC-0002574,8462-4,Diastolic blood pressure,59.4,mmHg,2025-08-26
OBS-00005167,PT-000896,ENC-0002574,4548-4,Hemoglobin A1c,12.0,%,2025-08-26
OBS-00005168,PT-000896,ENC-0002575,8480-6,Systolic blood pressure,158.8,mmHg,2025-12-26
OBS-00005169,PT-000896,ENC-0002575,718-7,Hemoglobin,14.6,g/dL,2025-12-26
OBS-00005170,PT-000896,ENC-0002575,718-7,Hemoglobin,9.4,g/dL,2025-12-26
OBS-00005171,PT-000896,ENC-0002576,4548-4,Hemoglobin A1c,8.5,%,2025-08-02
OBS-00005172,PT-000896,ENC-0002576,8480-6,Systolic blood pressure,166.6,mmHg,2025-08-02
OBS-00005173,PT-000896,ENC-0002576,4548-4,Hemoglobin A1c,11.1,%,2025-08-02
OBS-00005174,PT-000896,ENC-0002577,8462-4,Diastolic blood pressure,63.3,mmHg,2026-01-14
OBS-00005175,PT-000896,ENC-0002578,2160-0,Creatinine,3.2,mg/dL,2026-03-30
OBS-00005176,PT-000896,ENC-0002578,4548-4,Hemoglobin A1c,8.2,%,2026-03-30
OBS-00005177,PT-000896,ENC-0002578,4548-4,Hemoglobin A1c,12.5,%,2026-03-30
OBS-00005178,PT-000897,ENC-0002579,8462-4,Diastolic blood pressure,90.4,mmHg,2026-03-04
OBS-00005179,PT-000897,ENC-0002579,8462-4,Diastolic blood pressure,74.7,mmHg,2026-03-04
OBS-00005180,PT-000897,ENC-0002580,8480-6,Systolic blood pressure,127.8,mmHg,2025-04-24
OBS-00005181,PT-000897,ENC-0002581,2160-0,Creatinine,3.7,mg/dL,2025-05-10
OBS-00005182,PT-000897,ENC-0002581,718-7,Hemoglobin,15.1,g/dL,2025-05-10
OBS-00005183,PT-000897,ENC-0002581,8480-6,Systolic blood pressure,134.1,mmHg,2025-05-10
OBS-00005184,PT-000897,ENC-0002582,718-7,Hemoglobin,9.5,g/dL,2026-03-19
OBS-00005185,PT-000897,ENC-0002582,4548-4,Hemoglobin A1c,11.3,%,2026-03-19
OBS-00005186,PT-000897,ENC-0002582,2339-0,Glucose,265.2,mg/dL,2026-03-19
OBS-00005187,PT-000897,ENC-0002583,2160-0,Creatinine,4.3,mg/dL,2024-09-29
OBS-00005188,PT-000897,ENC-0002583,2160-0,Creatinine,3.4,mg/dL,2024-09-29
OBS-00005189,PT-000897,ENC-0002583,8462-4,Diastolic blood pressure,94.6,mmHg,2024-09-29
OBS-00005190,PT-000897,ENC-0002584,8480-6,Systolic blood pressure,145.5,mmHg,2026-02-04
OBS-00005191,PT-000897,ENC-0002584,8462-4,Diastolic blood pressure,92.8,mmHg,2026-02-04
OBS-00005192,PT-000897,ENC-0002584,718-7,Hemoglobin,15.2,g/dL,2026-02-04
OBS-00005193,PT-000898,ENC-0002585,2339-0,Glucose,240.3,mg/dL,2025-04-06
OBS-00005194,PT-000898,ENC-0002586,8480-6,Systolic blood pressure,170.3,mmHg,2024-11-07
OBS-00005195,PT-000899,ENC-0002587,718-7,Hemoglobin,16.8,g/dL,2026-06-07
OBS-00005196,PT-000899,ENC-0002587,4548-4,Hemoglobin A1c,11.7,%,2026-06-07
OBS-00005197,PT-000899,ENC-0002587,4548-4,Hemoglobin A1c,5.4,%,2026-06-07
OBS-00005198,PT-000899,ENC-0002588,4548-4,Hemoglobin A1c,11.0,%,2026-03-02
OBS-00005199,PT-000899,ENC-0002588,8462-4,Diastolic blood pressure,74.1,mmHg,2026-03-02
OBS-00005200,PT-000900,ENC-0002589,2339-0,Glucose,216.9,mg/dL,2026-08-13
OBS-00005201,PT-000900,ENC-0002589,718-7,Hemoglobin,9.5,g/dL,2026-08-13
OBS-00005202,PT-000900,ENC-0002589,718-7,Hemoglobin,12.2,g/dL,2026-08-13
OBS-00005203,PT-000900,ENC-0002590,2160-0,Creatinine,3.7,mg/dL,2025-08-25
OBS-00005204,PT-000900,ENC-0002590,718-7,Hemoglobin,16.9,g/dL,2025-08-25
OBS-00005205,PT-000900,ENC-0002591,718-7,Hemoglobin,9.7,g/dL,2025-08-03
OBS-00005206,PT-000900,ENC-0002591,8480-6,Systolic blood pressure,158.6,mmHg,2025-08-03
OBS-00005207,PT-000900,ENC-0002592,718-7,Hemoglobin,11.0,g/dL,2024-10-25
OBS-00005208,PT-000900,ENC-0002592,8480-6,Systolic blood pressure,150.9,mmHg,2024-10-25
OBS-00005209,PT-000901,ENC-0002593,8480-6,Systolic blood pressure,143.3,mmHg,2026-08-11
OBS-00005210,PT-000901,ENC-0002594,4548-4,Hemoglobin A1c,6.1,%,2024-10-20
OBS-00005211,PT-000901,ENC-0002594,8462-4,Diastolic blood pressure,74.3,mmHg,2024-10-20
OBS-00005212,PT-000901,ENC-0002594,2160-0,Creatinine,4.0,mg/dL,2024-10-20
OBS-00005213,PT-000901,ENC-0002595,718-7,Hemoglobin,12.6,g/dL,2026-04-03
OBS-00005214,PT-000901,ENC-0002595,4548-4,Hemoglobin A1c,7.9,%,2026-04-03
OBS-00005215,PT-000901,ENC-0002595,8480-6,Systolic blood pressure,104.8,mmHg,2026-04-03
OBS-00005216,PT-000901,ENC-0002596,8480-6,Systolic blood pressure,178.7,mmHg,2026-08-05
OBS-00005217,PT-000902,ENC-0002597,4548-4,Hemoglobin A1c,5.9,%,2024-11-26
OBS-00005218,PT-000902,ENC-0002597,8462-4,Diastolic blood pressure,62.4,mmHg,2024-11-26
OBS-00005219,PT-000902,ENC-0002598,8462-4,Diastolic blood pressure,106.5,mmHg,2025-04-05
OBS-00005220,PT-000902,ENC-0002598,4548-4,Hemoglobin A1c,11.0,%,2025-04-05
OBS-00005221,PT-000903,ENC-0002599,8462-4,Diastolic blood pressure,70.4,mmHg,2026-03-04
OBS-00005222,PT-000903,ENC-0002599,718-7,Hemoglobin,14.4,g/dL,2026-03-04
OBS-00005223,PT-000903,ENC-0002599,4548-4,Hemoglobin A1c,12.5,%,2026-03-04
OBS-00005224,PT-000903,ENC-0002600,2160-0,Creatinine,4.1,mg/dL,2026-03-05
OBS-00005225,PT-000903,ENC-0002601,718-7,Hemoglobin,14.2,g/dL,2025-08-19
OBS-00005226,PT-000903,ENC-0002601,8480-6,Systolic blood pressure,181.8,mmHg,2025-08-19
OBS-00005227,PT-000903,ENC-0002601,2160-0,Creatinine,3.1,mg/dL,2025-08-19
OBS-00005228,PT-000903,ENC-0002602,8480-6,Systolic blood pressure,138.4,mmHg,2025-01-30
OBS-00005229,PT-000903,ENC-0002602,2160-0,Creatinine,2.0,mg/dL,2025-01-30
OBS-00005230,PT-000903,ENC-0002603,2160-0,Creatinine,4.2,mg/dL,2025-10-22
OBS-00005231,PT-000904,ENC-0002604,2339-0,Glucose,192.9,mg/dL,2025-03-27
OBS-00005232,PT-000904,ENC-0002605,8480-6,Systolic blood pressure,183.3,mmHg,2025-05-02
OBS-00005233,PT-000904,ENC-0002605,8462-4,Diastolic blood pressure,98.6,mmHg,2025-05-02
OBS-00005234,PT-000904,ENC-0002605,2339-0,Glucose,119.1,mg/dL,2025-05-02
OBS-00005235,PT-000904,ENC-0002606,8462-4,Diastolic blood pressure,64.8,mmHg,2026-03-04
OBS-00005236,PT-000904,ENC-0002606,8462-4,Diastolic blood pressure,99.5,mmHg,2026-03-04
OBS-00005237,PT-000904,ENC-0002606,2160-0,Creatinine,3.1,mg/dL,2026-03-04
OBS-00005238,PT-000905,ENC-0002607,8480-6,Systolic blood pressure,99.7,mmHg,2025-06-26
OBS-00005239,PT-000905,ENC-0002607,2160-0,Creatinine,3.8,mg/dL,2025-06-26
OBS-00005240,PT-000906,ENC-0002608,718-7,Hemoglobin,11.2,g/dL,2025-12-10
OBS-00005241,PT-000906,ENC-0002608,8462-4,Diastolic blood pressure,88.6,mmHg,2025-12-10
OBS-00005242,PT-000906,ENC-0002608,2160-0,Creatinine,2.6,mg/dL,2025-12-10
OBS-00005243,PT-000906,ENC-0002609,4548-4,Hemoglobin A1c,11.7,%,2024-12-05
OBS-00005244,PT-000906,ENC-0002610,718-7,Hemoglobin,16.0,g/dL,2025-10-28
OBS-00005245,PT-000906,ENC-0002610,8480-6,Systolic blood pressure,171.4,mmHg,2025-10-28
OBS-00005246,PT-000906,ENC-0002610,718-7,Hemoglobin,10.6,g/dL,2025-10-28
OBS-00005247,PT-000907,ENC-0002611,718-7,Hemoglobin,15.4,g/dL,2026-06-25
OBS-00005248,PT-000907,ENC-0002611,718-7,Hemoglobin,8.6,g/dL,2026-06-25
OBS-00005249,PT-000907,ENC-0002612,2160-0,Creatinine,2.0,mg/dL,2026-03-20
OBS-00005250,PT-000907,ENC-0002612,4548-4,Hemoglobin A1c,11.2,%,2026-03-20
OBS-00005251,PT-000907,ENC-0002613,8480-6,Systolic blood pressure,180.8,mmHg,2024-12-31
OBS-00005252,PT-000907,ENC-0002614,8462-4,Diastolic blood pressure,95.5,mmHg,2026-08-04
OBS-00005253,PT-000908,ENC-0002615,2339-0,Glucose,215.4,mg/dL,2026-05-11
OBS-00005254,PT-000908,ENC-0002615,4548-4,Hemoglobin A1c,9.4,%,2026-05-11
OBS-00005255,PT-000908,ENC-0002616,8480-6,Systolic blood pressure,99.7,mmHg,2025-12-22
OBS-00005256,PT-000908,ENC-0002616,2160-0,Creatinine,4.3,mg/dL,2025-12-22
OBS-00005257,PT-000908,ENC-0002616,8462-4,Diastolic blood pressure,76.3,mmHg,2025-12-22
OBS-00005258,PT-000908,ENC-0002617,8480-6,Systolic blood pressure,137.5,mmHg,2025-05-09
OBS-00005259,PT-000908,ENC-0002617,8462-4,Diastolic blood pressure,96.5,mmHg,2025-05-09
OBS-00005260,PT-000909,ENC-0002618,2339-0,Glucose,229.3,mg/dL,2025-01-25
OBS-00005261,PT-000909,ENC-0002618,2160-0,Creatinine,4.1,mg/dL,2025-01-25
OBS-00005262,PT-000910,ENC-0002619,2339-0,Glucose,180.7,mg/dL,2024-11-09
OBS-00005263,PT-000910,ENC-0002620,4548-4,Hemoglobin A1c,9.3,%,2026-01-24
OBS-00005264,PT-000910,ENC-0002620,2339-0,Glucose,199.7,mg/dL,2026-01-24
OBS-00005265,PT-000911,ENC-0002621,8480-6,Systolic blood pressure,181.3,mmHg,2025-02-18
OBS-00005266,PT-000911,ENC-0002621,2339-0,Glucose,89.0,mg/dL,2025-02-18
OBS-00005267,PT-000911,ENC-0002622,2339-0,Glucose,98.3,mg/dL,2024-11-20
OBS-00005268,PT-000911,ENC-0002623,718-7,Hemoglobin,10.4,g/dL,2025-05-16
OBS-00005269,PT-000911,ENC-0002623,4548-4,Hemoglobin A1c,7.8,%,2025-05-16
OBS-00005270,PT-000911,ENC-0002624,2339-0,Glucose,117.8,mg/dL,2025-06-05
OBS-00005271,PT-000911,ENC-0002624,8480-6,Systolic blood pressure,139.0,mmHg,2025-06-05
OBS-00005272,PT-000911,ENC-0002624,8480-6,Systolic blood pressure,106.2,mmHg,2025-06-05
OBS-00005273,PT-000912,ENC-0002625,2160-0,Creatinine,2.9,mg/dL,2026-08-04
OBS-00005274,PT-000913,ENC-0002626,2339-0,Glucose,289.2,mg/dL,2026-05-18
OBS-00005275,PT-000913,ENC-0002626,8480-6,Systolic blood pressure,160.7,mmHg,2026-05-18
OBS-00005276,PT-000913,ENC-0002627,2160-0,Creatinine,3.5,mg/dL,2026-02-22
OBS-00005277,PT-000913,ENC-0002627,2339-0,Glucose,180.0,mg/dL,2026-02-22
OBS-00005278,PT-000913,ENC-0002628,8462-4,Diastolic blood pressure,101.9,mmHg,2024-12-10
OBS-00005279,PT-000913,ENC-0002628,8480-6,Systolic blood pressure,139.5,mmHg,2024-12-10
OBS-00005280,PT-000913,ENC-0002628,8480-6,Systolic blood pressure,133.7,mmHg,2024-12-10
OBS-00005281,PT-000913,ENC-0002629,4548-4,Hemoglobin A1c,10.2,%,2025-06-01
OBS-00005282,PT-000913,ENC-0002630,2160-0,Creatinine,4.2,mg/dL,2025-12-17
OBS-00005283,PT-000913,ENC-0002631,2339-0,Glucose,193.7,mg/dL,2025-04-15
OBS-00005284,PT-000913,ENC-0002631,8462-4,Diastolic blood pressure,85.9,mmHg,2025-04-15
OBS-00005285,PT-000913,ENC-0002632,2160-0,Creatinine,0.8,mg/dL,2025-01-19
OBS-00005286,PT-000913,ENC-0002632,718-7,Hemoglobin,9.9,g/dL,2025-01-19
OBS-00005287,PT-000914,ENC-0002633,2339-0,Glucose,293.4,mg/dL,2026-04-01
OBS-00005288,PT-000914,ENC-0002634,4548-4,Hemoglobin A1c,9.8,%,2025-07-26
OBS-00005289,PT-000914,ENC-0002634,4548-4,Hemoglobin A1c,11.9,%,2025-07-26
OBS-00005290,PT-000914,ENC-0002635,8462-4,Diastolic blood pressure,63.2,mmHg,2025-09-10
OBS-00005291,PT-000914,ENC-0002636,8480-6,Systolic blood pressure,135.9,mmHg,2026-04-27
OBS-00005292,PT-000914,ENC-0002636,718-7,Hemoglobin,12.5,g/dL,2026-04-27
OBS-00005293,PT-000914,ENC-0002636,8462-4,Diastolic blood pressure,85.5,mmHg,2026-04-27
OBS-00005294,PT-000915,ENC-0002637,718-7,Hemoglobin,8.9,g/dL,2026-05-28
OBS-00005295,PT-000916,ENC-0002638,2339-0,Glucose,142.3,mg/dL,2026-05-22
OBS-00005296,PT-000916,ENC-0002638,718-7,Hemoglobin,16.5,g/dL,2026-05-22
OBS-00005297,PT-000916,ENC-0002639,2339-0,Glucose,215.1,mg/dL,2026-09-03
OBS-00005298,PT-000917,ENC-0002640,8480-6,Systolic blood pressure,102.1,mmHg,2025-12-09
OBS-00005299,PT-000917,ENC-0002640,8462-4,Diastolic blood pressure,57.7,mmHg,2025-12-09
OBS-00005300,PT-000917,ENC-0002640,2160-0,Creatinine,3.0,mg/dL,2025-12-09
OBS-00005301,PT-000917,ENC-0002641,4548-4,Hemoglobin A1c,8.9,%,2024-10-26
OBS-00005302,PT-000917,ENC-0002641,8462-4,Diastolic blood pressure,63.5,mmHg,2024-10-26
OBS-00005303,PT-000917,ENC-0002641,2160-0,Creatinine,2.2,mg/dL,2024-10-26
OBS-00005304,PT-000918,ENC-0002642,718-7,Hemoglobin,11.9,g/dL,2026-07-21
OBS-00005305,PT-000918,ENC-0002642,2339-0,Glucose,151.3,mg/dL,2026-07-21
OBS-00005306,PT-000918,ENC-0002642,8480-6,Systolic blood pressure,98.0,mmHg,2026-07-21
OBS-00005307,PT-000918,ENC-0002643,718-7,Hemoglobin,14.7,g/dL,2026-05-30
OBS-00005308,PT-000919,ENC-0002644,8462-4,Diastolic blood pressure,100.0,mmHg,2025-04-13
OBS-00005309,PT-000919,ENC-0002644,4548-4,Hemoglobin A1c,9.6,%,2025-04-13
OBS-00005310,PT-000919,ENC-0002644,8480-6,Systolic blood pressure,115.7,mmHg,2025-04-13
OBS-00005311,PT-000919,ENC-0002645,8462-4,Diastolic blood pressure,98.6,mmHg,2024-10-19
OBS-00005312,PT-000919,ENC-0002645,2339-0,Glucose,135.2,mg/dL,2024-10-19
OBS-00005313,PT-000919,ENC-0002645,8480-6,Systolic blood pressure,155.4,mmHg,2024-10-19
OBS-00005314,PT-000919,ENC-0002646,2339-0,Glucose,144.1,mg/dL,2025-05-14
OBS-00005315,PT-000919,ENC-0002647,718-7,Hemoglobin,15.8,g/dL,2024-10-26
OBS-00005316,PT-000919,ENC-0002647,2339-0,Glucose,77.3,mg/dL,2024-10-26
OBS-00005317,PT-000919,ENC-0002647,2339-0,Glucose,108.9,mg/dL,2024-10-26
OBS-00005318,PT-000920,ENC-0002648,8462-4,Diastolic blood pressure,68.5,mmHg,2025-06-16
OBS-00005319,PT-000920,ENC-0002648,8462-4,Diastolic blood pressure,58.7,mmHg,2025-06-16
OBS-00005320,PT-000920,ENC-0002649,4548-4,Hemoglobin A1c,11.6,%,2025-08-07
OBS-00005321,PT-000920,ENC-0002649,8462-4,Diastolic blood pressure,108.9,mmHg,2025-08-07
OBS-00005322,PT-000920,ENC-0002650,2339-0,Glucose,295.2,mg/dL,2024-10-22
OBS-00005323,PT-000920,ENC-0002650,2160-0,Creatinine,3.0,mg/dL,2024-10-22
OBS-00005324,PT-000920,ENC-0002651,2339-0,Glucose,307.0,mg/dL,2026-08-01
OBS-00005325,PT-000921,ENC-0002652,8462-4,Diastolic blood pressure,62.4,mmHg,2026-02-20
OBS-00005326,PT-000921,ENC-0002653,4548-4,Hemoglobin A1c,9.9,%,2025-08-31
OBS-00005327,PT-000921,ENC-0002654,2339-0,Glucose,122.8,mg/dL,2024-11-01
OBS-00005328,PT-000921,ENC-0002654,8462-4,Diastolic blood pressure,93.8,mmHg,2024-11-01
OBS-00005329,PT-000921,ENC-0002654,8462-4,Diastolic blood pressure,58.7,mmHg,2024-11-01
OBS-00005330,PT-000922,ENC-0002655,2339-0,Glucose,127.3,mg/dL,2026-04-24
OBS-00005331,PT-000922,ENC-0002656,2339-0,Glucose,161.1,mg/dL,2026-07-31
OBS-00005332,PT-000922,ENC-0002657,8480-6,Systolic blood pressure,183.3,mmHg,2026-01-05
OBS-00005333,PT-000922,ENC-0002657,8480-6,Systolic blood pressure,133.9,mmHg,2026-01-05
OBS-00005334,PT-000922,ENC-0002657,2339-0,Glucose,137.1,mg/dL,2026-01-05
OBS-00005335,PT-000923,ENC-0002658,718-7,Hemoglobin,16.7,g/dL,2026-01-12
OBS-00005336,PT-000923,ENC-0002658,4548-4,Hemoglobin A1c,5.6,%,2026-01-12
OBS-00005337,PT-000923,ENC-0002658,8480-6,Systolic blood pressure,169.5,mmHg,2026-01-12
OBS-00005338,PT-000923,ENC-0002659,8462-4,Diastolic blood pressure,96.9,mmHg,2026-09-08
OBS-00005339,PT-000923,ENC-0002659,718-7,Hemoglobin,10.6,g/dL,2026-09-08
OBS-00005340,PT-000924,ENC-0002660,718-7,Hemoglobin,14.2,g/dL,2024-10-10
OBS-00005341,PT-000924,ENC-0002661,8462-4,Diastolic blood pressure,80.7,mmHg,2024-10-04
OBS-00005342,PT-000924,ENC-0002662,2160-0,Creatinine,1.4,mg/dL,2025-09-09
OBS-00005343,PT-000924,ENC-0002662,4548-4,Hemoglobin A1c,8.2,%,2025-09-09
OBS-00005344,PT-000924,ENC-0002662,718-7,Hemoglobin,12.0,g/dL,2025-09-09
OBS-00005345,PT-000924,ENC-0002663,2339-0,Glucose,283.5,mg/dL,2026-01-07
OBS-00005346,PT-000924,ENC-0002663,4548-4,Hemoglobin A1c,8.9,%,2026-01-07
OBS-00005347,PT-000924,ENC-0002664,8462-4,Diastolic blood pressure,90.0,mmHg,2025-12-24
OBS-00005348,PT-000924,ENC-0002664,8462-4,Diastolic blood pressure,79.6,mmHg,2025-12-24
OBS-00005349,PT-000925,ENC-0002665,4548-4,Hemoglobin A1c,9.0,%,2025-03-12
OBS-00005350,PT-000925,ENC-0002666,8462-4,Diastolic blood pressure,85.2,mmHg,2025-09-27
OBS-00005351,PT-000925,ENC-0002667,2339-0,Glucose,214.6,mg/dL,2024-12-24
OBS-00005352,PT-000926,ENC-0002668,2160-0,Creatinine,2.4,mg/dL,2025-09-19
OBS-00005353,PT-000926,ENC-0002668,8480-6,Systolic blood pressure,106.6,mmHg,2025-09-19
OBS-00005354,PT-000926,ENC-0002668,2160-0,Creatinine,1.4,mg/dL,2025-09-19
OBS-00005355,PT-000927,ENC-0002669,718-7,Hemoglobin,8.9,g/dL,2024-09-30
OBS-00005356,PT-000927,ENC-0002669,4548-4,Hemoglobin A1c,8.1,%,2024-09-30
OBS-00005357,PT-000927,ENC-0002669,2339-0,Glucose,166.3,mg/dL,2024-09-30
OBS-00005358,PT-000927,ENC-0002670,2160-0,Creatinine,1.8,mg/dL,2026-01-23
OBS-00005359,PT-000927,ENC-0002670,2339-0,Glucose,206.2,mg/dL,2026-01-23
OBS-00005360,PT-000927,ENC-0002670,718-7,Hemoglobin,14.4,g/dL,2026-01-23
OBS-00005361,PT-000927,ENC-0002671,718-7,Hemoglobin,13.2,g/dL,2025-05-03
OBS-00005362,PT-000928,ENC-0002672,4548-4,Hemoglobin A1c,6.6,%,2025-12-31
OBS-00005363,PT-000928,ENC-0002672,4548-4,Hemoglobin A1c,8.5,%,2025-12-31
OBS-00005364,PT-000928,ENC-0002672,718-7,Hemoglobin,13.1,g/dL,2025-12-31
OBS-00005365,PT-000928,ENC-0002673,8462-4,Diastolic blood pressure,91.8,mmHg,2026-04-16
OBS-00005366,PT-000928,ENC-0002673,8480-6,Systolic blood pressure,181.6,mmHg,2026-04-16
OBS-00005367,PT-000928,ENC-0002674,2339-0,Glucose,301.8,mg/dL,2025-08-12
OBS-00005368,PT-000928,ENC-0002674,2160-0,Creatinine,1.3,mg/dL,2025-08-12
OBS-00005369,PT-000928,ENC-0002675,2339-0,Glucose,177.0,mg/dL,2025-07-11
OBS-00005370,PT-000928,ENC-0002676,2160-0,Creatinine,4.4,mg/dL,2024-11-09
OBS-00005371,PT-000928,ENC-0002676,2160-0,Creatinine,2.8,mg/dL,2024-11-09
OBS-00005372,PT-000928,ENC-0002676,2339-0,Glucose,71.9,mg/dL,2024-11-09
OBS-00005373,PT-000929,ENC-0002677,8480-6,Systolic blood pressure,146.0,mmHg,2025-11-04
OBS-00005374,PT-000929,ENC-0002677,4548-4,Hemoglobin A1c,9.4,%,2025-11-04
OBS-00005375,PT-000929,ENC-0002678,4548-4,Hemoglobin A1c,7.5,%,2026-02-14
OBS-00005376,PT-000929,ENC-0002678,718-7,Hemoglobin,15.3,g/dL,2026-02-14
OBS-00005377,PT-000930,ENC-0002679,718-7,Hemoglobin,8.1,g/dL,2026-08-23
OBS-00005378,PT-000930,ENC-0002679,2160-0,Creatinine,4.0,mg/dL,2026-08-23
OBS-00005379,PT-000930,ENC-0002680,8462-4,Diastolic blood pressure,82.6,mmHg,2025-12-15
OBS-00005380,PT-000930,ENC-0002680,8462-4,Diastolic blood pressure,84.6,mmHg,2025-12-15
OBS-00005381,PT-000930,ENC-0002680,4548-4,Hemoglobin A1c,5.1,%,2025-12-15
OBS-00005382,PT-000930,ENC-0002681,2339-0,Glucose,192.1,mg/dL,2025-09-07
OBS-00005383,PT-000931,ENC-0002682,718-7,Hemoglobin,14.2,g/dL,2026-01-03
OBS-00005384,PT-000931,ENC-0002682,718-7,Hemoglobin,11.9,g/dL,2026-01-03
OBS-00005385,PT-000931,ENC-0002682,2160-0,Creatinine,1.9,mg/dL,2026-01-03
OBS-00005386,PT-000931,ENC-0002683,8480-6,Systolic blood pressure,164.0,mmHg,2025-07-14
OBS-00005387,PT-000932,ENC-0002684,8480-6,Systolic blood pressure,135.5,mmHg,2026-09-07
OBS-00005388,PT-000932,ENC-0002684,2339-0,Glucose,279.4,mg/dL,2026-09-07
OBS-00005389,PT-000932,ENC-0002684,8480-6,Systolic blood pressure,140.6,mmHg,2026-09-07
OBS-00005390,PT-000933,ENC-0002685,4548-4,Hemoglobin A1c,5.9,%,2026-08-15
OBS-00005391,PT-000933,ENC-0002685,8480-6,Systolic blood pressure,123.4,mmHg,2026-08-15
OBS-00005392,PT-000933,ENC-0002685,2160-0,Creatinine,1.7,mg/dL,2026-08-15
OBS-00005393,PT-000933,ENC-0002686,2339-0,Glucose,198.7,mg/dL,2025-08-11
OBS-00005394,PT-000933,ENC-0002686,2339-0,Glucose,189.9,mg/dL,2025-08-11
OBS-00005395,PT-000934,ENC-0002687,8462-4,Diastolic blood pressure,73.8,mmHg,2025-08-28
OBS-00005396,PT-000934,ENC-0002687,8462-4,Diastolic blood pressure,77.8,mmHg,2025-08-28
OBS-00005397,PT-000934,ENC-0002688,8480-6,Systolic blood pressure,146.8,mmHg,2025-11-30
OBS-00005398,PT-000934,ENC-0002688,2339-0,Glucose,138.5,mg/dL,2025-11-30
OBS-00005399,PT-000935,ENC-0002689,2160-0,Creatinine,3.4,mg/dL,2025-05-15
OBS-00005400,PT-000935,ENC-0002689,8480-6,Systolic blood pressure,158.0,mmHg,2025-05-15
OBS-00005401,PT-000935,ENC-0002689,2339-0,Glucose,285.6,mg/dL,2025-05-15
OBS-00005402,PT-000936,ENC-0002690,2339-0,Glucose,219.4,mg/dL,2026-03-29
OBS-00005403,PT-000936,ENC-0002691,2160-0,Creatinine,3.4,mg/dL,2026-02-21
OBS-00005404,PT-000936,ENC-0002691,2160-0,Creatinine,1.2,mg/dL,2026-02-21
OBS-00005405,PT-000936,ENC-0002691,2160-0,Creatinine,2.3,mg/dL,2026-02-21
OBS-00005406,PT-000936,ENC-0002692,2339-0,Glucose,282.7,mg/dL,2025-04-20
OBS-00005407,PT-000936,ENC-0002692,2160-0,Creatinine,2.4,mg/dL,2025-04-20
OBS-00005408,PT-000936,ENC-0002692,8462-4,Diastolic blood pressure,66.3,mmHg,2025-04-20
OBS-00005409,PT-000936,ENC-0002693,8462-4,Diastolic blood pressure,55.8,mmHg,2024-12-07
OBS-00005410,PT-000937,ENC-0002694,8480-6,Systolic blood pressure,149.1,mmHg,2026-01-29
OBS-00005411,PT-000937,ENC-0002694,8462-4,Diastolic blood pressure,90.8,mmHg,2026-01-29
OBS-00005412,PT-000937,ENC-0002694,4548-4,Hemoglobin A1c,6.1,%,2026-01-29
OBS-00005413,PT-000937,ENC-0002695,8462-4,Diastolic blood pressure,102.1,mmHg,2025-07-22
OBS-00005414,PT-000937,ENC-0002695,8480-6,Systolic blood pressure,108.2,mmHg,2025-07-22
OBS-00005415,PT-000937,ENC-0002695,8462-4,Diastolic blood pressure,86.0,mmHg,2025-07-22
OBS-00005416,PT-000938,ENC-0002696,2339-0,Glucose,82.7,mg/dL,2025-06-24
OBS-00005417,PT-000938,ENC-0002696,8462-4,Diastolic blood pressure,92.3,mmHg,2025-06-24
OBS-00005418,PT-000938,ENC-0002696,2339-0,Glucose,200.9,mg/dL,2025-06-24
OBS-00005419,PT-000938,ENC-0002697,4548-4,Hemoglobin A1c,5.0,%,2025-08-25
OBS-00005420,PT-000938,ENC-0002697,2339-0,Glucose,254.6,mg/dL,2025-08-25
OBS-00005421,PT-000938,ENC-0002697,4548-4,Hemoglobin A1c,7.9,%,2025-08-25
OBS-00005422,PT-000939,ENC-0002698,4548-4,Hemoglobin A1c,9.3,%,2026-03-27
OBS-00005423,PT-000939,ENC-0002698,4548-4,Hemoglobin A1c,8.3,%,2026-03-27
OBS-00005424,PT-000939,ENC-0002698,8480-6,Systolic blood pressure,134.6,mmHg,2026-03-27
OBS-00005425,PT-000939,ENC-0002699,2160-0,Creatinine,3.7,mg/dL,2025-10-29
OBS-00005426,PT-000940,ENC-0002700,2160-0,Creatinine,3.7,mg/dL,2025-09-24
OBS-00005427,PT-000940,ENC-0002700,2339-0,Glucose,208.3,mg/dL,2025-09-24
OBS-00005428,PT-000940,ENC-0002701,4548-4,Hemoglobin A1c,8.8,%,2025-09-11
OBS-00005429,PT-000940,ENC-0002701,2160-0,Creatinine,0.8,mg/dL,2025-09-11
OBS-00005430,PT-000940,ENC-0002701,4548-4,Hemoglobin A1c,8.0,%,2025-09-11
OBS-00005431,PT-000940,ENC-0002702,2339-0,Glucose,152.1,mg/dL,2026-01-19
OBS-00005432,PT-000940,ENC-0002702,4548-4,Hemoglobin A1c,8.0,%,2026-01-19
OBS-00005433,PT-000940,ENC-0002702,2339-0,Glucose,298.6,mg/dL,2026-01-19
OBS-00005434,PT-000940,ENC-0002703,2160-0,Creatinine,1.0,mg/dL,2026-06-30
OBS-00005435,PT-000940,ENC-0002703,8462-4,Diastolic blood pressure,90.2,mmHg,2026-06-30
OBS-00005436,PT-000940,ENC-0002703,8462-4,Diastolic blood pressure,109.5,mmHg,2026-06-30
OBS-00005437,PT-000940,ENC-0002704,8462-4,Diastolic blood pressure,83.1,mmHg,2025-12-24
OBS-00005438,PT-000940,ENC-0002704,4548-4,Hemoglobin A1c,8.2,%,2025-12-24
OBS-00005439,PT-000940,ENC-0002705,8480-6,Systolic blood pressure,110.8,mmHg,2026-02-13
OBS-00005440,PT-000941,ENC-0002706,8462-4,Diastolic blood pressure,92.0,mmHg,2025-02-11
OBS-00005441,PT-000942,ENC-0002707,8480-6,Systolic blood pressure,143.6,mmHg,2024-11-01
OBS-00005442,PT-000942,ENC-0002707,4548-4,Hemoglobin A1c,11.3,%,2024-11-01
OBS-00005443,PT-000943,ENC-0002708,2339-0,Glucose,148.0,mg/dL,2026-02-23
OBS-00005444,PT-000944,ENC-0002709,4548-4,Hemoglobin A1c,6.2,%,2025-09-26
OBS-00005445,PT-000944,ENC-0002709,2339-0,Glucose,242.0,mg/dL,2025-09-26
OBS-00005446,PT-000945,ENC-0002710,8462-4,Diastolic blood pressure,71.6,mmHg,2026-04-26
OBS-00005447,PT-000945,ENC-0002710,2339-0,Glucose,84.8,mg/dL,2026-04-26
OBS-00005448,PT-000946,ENC-0002711,2160-0,Creatinine,1.0,mg/dL,2025-01-26
OBS-00005449,PT-000946,ENC-0002711,8462-4,Diastolic blood pressure,76.3,mmHg,2025-01-26
OBS-00005450,PT-000946,ENC-0002711,4548-4,Hemoglobin A1c,9.9,%,2025-01-26
OBS-00005451,PT-000947,ENC-0002712,718-7,Hemoglobin,16.6,g/dL,2026-02-27
OBS-00005452,PT-000947,ENC-0002712,8480-6,Systolic blood pressure,154.6,mmHg,2026-02-27
OBS-00005453,PT-000948,ENC-0002713,8480-6,Systolic blood pressure,160.0,mmHg,2025-12-29
OBS-00005454,PT-000948,ENC-0002714,4548-4,Hemoglobin A1c,5.2,%,2025-10-26
OBS-00005455,PT-000948,ENC-0002714,2160-0,Creatinine,0.6,mg/dL,2025-10-26
OBS-00005456,PT-000948,ENC-0002714,2160-0,Creatinine,1.6,mg/dL,2025-10-26
OBS-00005457,PT-000948,ENC-0002715,2160-0,Creatinine,2.0,mg/dL,2025-05-02
OBS-00005458,PT-000948,ENC-0002715,2160-0,Creatinine,3.4,mg/dL,2025-05-02
OBS-00005459,PT-000948,ENC-0002715,2339-0,Glucose,112.8,mg/dL,2025-05-02
OBS-00005460,PT-000948,ENC-0002716,8480-6,Systolic blood pressure,142.2,mmHg,2026-06-29
OBS-00005461,PT-000948,ENC-0002717,2160-0,Creatinine,3.0,mg/dL,2025-06-21
OBS-00005462,PT-000948,ENC-0002717,718-7,Hemoglobin,15.9,g/dL,2025-06-21
OBS-00005463,PT-000948,ENC-0002717,2160-0,Creatinine,2.9,mg/dL,2025-06-21
OBS-00005464,PT-000949,ENC-0002718,8480-6,Systolic blood pressure,158.4,mmHg,2025-10-16
OBS-00005465,PT-000949,ENC-0002718,718-7,Hemoglobin,14.3,g/dL,2025-10-16
OBS-00005466,PT-000949,ENC-0002718,718-7,Hemoglobin,15.5,g/dL,2025-10-16
OBS-00005467,PT-000950,ENC-0002719,718-7,Hemoglobin,12.3,g/dL,2026-08-03
OBS-00005468,PT-000950,ENC-0002720,718-7,Hemoglobin,13.7,g/dL,2026-03-12
OBS-00005469,PT-000950,ENC-0002721,2160-0,Creatinine,1.9,mg/dL,2026-03-18
OBS-00005470,PT-000950,ENC-0002721,8480-6,Systolic blood pressure,132.9,mmHg,2026-03-18
OBS-00005471,PT-000950,ENC-0002721,4548-4,Hemoglobin A1c,9.3,%,2026-03-18
OBS-00005472,PT-000950,ENC-0002722,2160-0,Creatinine,1.0,mg/dL,2026-01-25
OBS-00005473,PT-000950,ENC-0002722,4548-4,Hemoglobin A1c,7.0,%,2026-01-25
OBS-00005474,PT-000950,ENC-0002723,8480-6,Systolic blood pressure,120.8,mmHg,2025-04-01
OBS-00005475,PT-000950,ENC-0002723,2160-0,Creatinine,2.9,mg/dL,2025-04-01
OBS-00005476,PT-000950,ENC-0002723,8480-6,Systolic blood pressure,99.9,mmHg,2025-04-01
OBS-00005477,PT-000950,ENC-0002724,718-7,Hemoglobin,8.2,g/dL,2026-08-05
OBS-00005478,PT-000950,ENC-0002724,8462-4,Diastolic blood pressure,81.1,mmHg,2026-08-05
OBS-00005479,PT-000950,ENC-0002725,2339-0,Glucose,208.5,mg/dL,2025-11-05
OBS-00005480,PT-000950,ENC-0002725,2339-0,Glucose,135.9,mg/dL,2025-11-05
OBS-00005481,PT-000950,ENC-0002725,2339-0,Glucose,289.0,mg/dL,2025-11-05
OBS-00005482,PT-000950,ENC-0002726,8462-4,Diastolic blood pressure,78.8,mmHg,2026-06-14
OBS-00005483,PT-000950,ENC-0002726,2160-0,Creatinine,2.0,mg/dL,2026-06-14
OBS-00005484,PT-000951,ENC-0002727,8480-6,Systolic blood pressure,125.4,mmHg,2026-02-01
OBS-00005485,PT-000951,ENC-0002728,718-7,Hemoglobin,11.5,g/dL,2025-09-19
OBS-00005486,PT-000952,ENC-0002729,4548-4,Hemoglobin A1c,10.2,%,2026-07-03
OBS-00005487,PT-000952,ENC-0002730,8480-6,Systolic blood pressure,179.5,mmHg,2025-12-24
OBS-00005488,PT-000952,ENC-0002730,2339-0,Glucose,199.2,mg/dL,2025-12-24
OBS-00005489,PT-000952,ENC-0002730,2160-0,Creatinine,1.8,mg/dL,2025-12-24
OBS-00005490,PT-000952,ENC-0002731,2339-0,Glucose,72.7,mg/dL,2026-01-23
OBS-00005491,PT-000952,ENC-0002732,2339-0,Glucose,164.5,mg/dL,2025-12-28
OBS-00005492,PT-000952,ENC-0002732,4548-4,Hemoglobin A1c,11.9,%,2025-12-28
OBS-00005493,PT-000952,ENC-0002732,2339-0,Glucose,112.6,mg/dL,2025-12-28
OBS-00005494,PT-000953,ENC-0002733,4548-4,Hemoglobin A1c,9.9,%,2024-11-03
OBS-00005495,PT-000953,ENC-0002733,8480-6,Systolic blood pressure,110.5,mmHg,2024-11-03
OBS-00005496,PT-000953,ENC-0002734,2160-0,Creatinine,4.1,mg/dL,2024-11-06
OBS-00005497,PT-000953,ENC-0002734,718-7,Hemoglobin,10.2,g/dL,2024-11-06
OBS-00005498,PT-000953,ENC-0002734,2339-0,Glucose,310.1,mg/dL,2024-11-06
OBS-00005499,PT-000954,ENC-0002735,2339-0,Glucose,78.3,mg/dL,2025-11-28
OBS-00005500,PT-000954,ENC-0002735,718-7,Hemoglobin,13.0,g/dL,2025-11-28
OBS-00005501,PT-000954,ENC-0002735,4548-4,Hemoglobin A1c,10.7,%,2025-11-28
OBS-00005502,PT-000955,ENC-0002736,718-7,Hemoglobin,12.2,g/dL,2025-11-13
OBS-00005503,PT-000955,ENC-0002737,2339-0,Glucose,306.5,mg/dL,2025-04-25
OBS-00005504,PT-000955,ENC-0002737,8480-6,Systolic blood pressure,133.5,mmHg,2025-04-25
OBS-00005505,PT-000955,ENC-0002737,8480-6,Systolic blood pressure,99.1,mmHg,2025-04-25
OBS-00005506,PT-000955,ENC-0002738,4548-4,Hemoglobin A1c,10.7,%,2024-11-19
OBS-00005507,PT-000955,ENC-0002738,2160-0,Creatinine,4.2,mg/dL,2024-11-19
OBS-00005508,PT-000955,ENC-0002739,2339-0,Glucose,113.6,mg/dL,2025-10-09
OBS-00005509,PT-000955,ENC-0002740,2160-0,Creatinine,3.6,mg/dL,2025-11-29
OBS-00005510,PT-000955,ENC-0002740,8462-4,Diastolic blood pressure,65.0,mmHg,2025-11-29
OBS-00005511,PT-000955,ENC-0002740,4548-4,Hemoglobin A1c,10.5,%,2025-11-29
OBS-00005512,PT-000956,ENC-0002741,2160-0,Creatinine,1.0,mg/dL,2026-03-04
OBS-00005513,PT-000956,ENC-0002742,4548-4,Hemoglobin A1c,12.3,%,2025-04-14
OBS-00005514,PT-000956,ENC-0002742,718-7,Hemoglobin,14.1,g/dL,2025-04-14
OBS-00005515,PT-000956,ENC-0002743,4548-4,Hemoglobin A1c,5.1,%,2024-11-21
OBS-00005516,PT-000956,ENC-0002744,8462-4,Diastolic blood pressure,66.1,mmHg,2025-05-31
OBS-00005517,PT-000956,ENC-0002744,2160-0,Creatinine,3.6,mg/dL,2025-05-31
OBS-00005518,PT-000956,ENC-0002744,2160-0,Creatinine,4.0,mg/dL,2025-05-31
OBS-00005519,PT-000956,ENC-0002745,2160-0,Creatinine,3.8,mg/dL,2026-06-12
OBS-00005520,PT-000956,ENC-0002745,8480-6,Systolic blood pressure,134.1,mmHg,2026-06-12
OBS-00005521,PT-000956,ENC-0002745,8462-4,Diastolic blood pressure,74.8,mmHg,2026-06-12
OBS-00005522,PT-000956,ENC-0002746,4548-4,Hemoglobin A1c,10.0,%,2025-07-19
OBS-00005523,PT-000956,ENC-0002746,4548-4,Hemoglobin A1c,7.6,%,2025-07-19
OBS-00005524,PT-000956,ENC-0002747,718-7,Hemoglobin,10.8,g/dL,2025-08-17
OBS-00005525,PT-000956,ENC-0002748,4548-4,Hemoglobin A1c,12.1,%,2025-11-12
OBS-00005526,PT-000956,ENC-0002748,718-7,Hemoglobin,13.4,g/dL,2025-11-12
OBS-00005527,PT-000957,ENC-0002749,2160-0,Creatinine,3.3,mg/dL,2024-12-12
OBS-00005528,PT-000957,ENC-0002749,8462-4,Diastolic blood pressure,77.4,mmHg,2024-12-12
OBS-00005529,PT-000957,ENC-0002750,8462-4,Diastolic blood pressure,59.5,mmHg,2024-10-27
OBS-00005530,PT-000958,ENC-0002751,8480-6,Systolic blood pressure,141.9,mmHg,2026-09-13
OBS-00005531,PT-000958,ENC-0002752,8480-6,Systolic blood pressure,102.1,mmHg,2025-04-25
OBS-00005532,PT-000958,ENC-0002753,8480-6,Systolic blood pressure,118.7,mmHg,2025-03-16
OBS-00005533,PT-000958,ENC-0002753,4548-4,Hemoglobin A1c,11.6,%,2025-03-16
OBS-00005534,PT-000958,ENC-0002753,8462-4,Diastolic blood pressure,102.6,mmHg,2025-03-16
OBS-00005535,PT-000959,ENC-0002754,718-7,Hemoglobin,15.9,g/dL,2026-01-07
OBS-00005536,PT-000960,ENC-0002755,8462-4,Diastolic blood pressure,56.8,mmHg,2025-03-18
OBS-00005537,PT-000960,ENC-0002755,2339-0,Glucose,232.1,mg/dL,2025-03-18
OBS-00005538,PT-000960,ENC-0002756,8480-6,Systolic blood pressure,138.0,mmHg,2026-09-07
OBS-00005539,PT-000960,ENC-0002756,718-7,Hemoglobin,12.9,g/dL,2026-09-07
OBS-00005540,PT-000960,ENC-0002757,2160-0,Creatinine,1.4,mg/dL,2025-02-12
OBS-00005541,PT-000960,ENC-0002758,8480-6,Systolic blood pressure,118.6,mmHg,2026-07-06
OBS-00005542,PT-000960,ENC-0002758,4548-4,Hemoglobin A1c,10.4,%,2026-07-06
OBS-00005543,PT-000960,ENC-0002759,8480-6,Systolic blood pressure,95.6,mmHg,2026-02-07
OBS-00005544,PT-000960,ENC-0002759,8462-4,Diastolic blood pressure,66.1,mmHg,2026-02-07
OBS-00005545,PT-000960,ENC-0002759,2160-0,Creatinine,3.9,mg/dL,2026-02-07
OBS-00005546,PT-000960,ENC-0002760,2160-0,Creatinine,1.1,mg/dL,2026-09-10
OBS-00005547,PT-000960,ENC-0002760,8462-4,Diastolic blood pressure,58.6,mmHg,2026-09-10
OBS-00005548,PT-000961,ENC-0002761,4548-4,Hemoglobin A1c,12.3,%,2025-12-06
OBS-00005549,PT-000961,ENC-0002761,2160-0,Creatinine,1.1,mg/dL,2025-12-06
OBS-00005550,PT-000961,ENC-0002761,8462-4,Diastolic blood pressure,98.9,mmHg,2025-12-06
OBS-00005551,PT-000961,ENC-0002762,718-7,Hemoglobin,8.5,g/dL,2024-12-30
OBS-00005552,PT-000961,ENC-0002762,8462-4,Diastolic blood pressure,88.8,mmHg,2024-12-30
OBS-00005553,PT-000961,ENC-0002762,2339-0,Glucose,317.1,mg/dL,2024-12-30
OBS-00005554,PT-000962,ENC-0002763,8462-4,Diastolic blood pressure,71.7,mmHg,2026-08-10
OBS-00005555,PT-000962,ENC-0002763,4548-4,Hemoglobin A1c,8.8,%,2026-08-10
OBS-00005556,PT-000962,ENC-0002764,718-7,Hemoglobin,16.7,g/dL,2025-10-05
OBS-00005557,PT-000962,ENC-0002764,4548-4,Hemoglobin A1c,5.6,%,2025-10-05
OBS-00005558,PT-000962,ENC-0002764,4548-4,Hemoglobin A1c,10.7,%,2025-10-05
OBS-00005559,PT-000962,ENC-0002765,2160-0,Creatinine,4.0,mg/dL,2025-09-16
OBS-00005560,PT-000962,ENC-0002766,4548-4,Hemoglobin A1c,7.8,%,2025-08-10
OBS-00005561,PT-000962,ENC-0002766,8462-4,Diastolic blood pressure,97.4,mmHg,2025-08-10
OBS-00005562,PT-000962,ENC-0002766,2160-0,Creatinine,2.7,mg/dL,2025-08-10
OBS-00005563,PT-000963,ENC-0002767,718-7,Hemoglobin,12.5,g/dL,2024-11-14
OBS-00005564,PT-000963,ENC-0002767,8480-6,Systolic blood pressure,119.3,mmHg,2024-11-14
OBS-00005565,PT-000963,ENC-0002768,8462-4,Diastolic blood pressure,104.6,mmHg,2024-12-09
OBS-00005566,PT-000963,ENC-0002768,718-7,Hemoglobin,12.2,g/dL,2024-12-09
OBS-00005567,PT-000963,ENC-0002769,8462-4,Diastolic blood pressure,88.4,mmHg,2025-09-20
OBS-00005568,PT-000963,ENC-0002770,718-7,Hemoglobin,13.1,g/dL,2025-11-30
OBS-00005569,PT-000963,ENC-0002770,8462-4,Diastolic blood pressure,98.6,mmHg,2025-11-30
OBS-00005570,PT-000963,ENC-0002770,2160-0,Creatinine,1.2,mg/dL,2025-11-30
OBS-00005571,PT-000964,ENC-0002771,8462-4,Diastolic blood pressure,74.0,mmHg,2025-09-25
OBS-00005572,PT-000965,ENC-0002772,4548-4,Hemoglobin A1c,10.8,%,2025-12-31
OBS-00005573,PT-000965,ENC-0002772,2160-0,Creatinine,4.1,mg/dL,2025-12-31
OBS-00005574,PT-000966,ENC-0002773,8480-6,Systolic blood pressure,173.3,mmHg,2025-02-07
OBS-00005575,PT-000966,ENC-0002773,2160-0,Creatinine,3.9,mg/dL,2025-02-07
OBS-00005576,PT-000966,ENC-0002774,2339-0,Glucose,237.8,mg/dL,2025-12-08
OBS-00005577,PT-000966,ENC-0002775,8480-6,Systolic blood pressure,179.1,mmHg,2026-09-16
OBS-00005578,PT-000966,ENC-0002776,8480-6,Systolic blood pressure,130.3,mmHg,2026-03-31
OBS-00005579,PT-000966,ENC-0002776,4548-4,Hemoglobin A1c,10.3,%,2026-03-31
OBS-00005580,PT-000966,ENC-0002776,4548-4,Hemoglobin A1c,6.0,%,2026-03-31
OBS-00005581,PT-000967,ENC-0002777,2339-0,Glucose,194.6,mg/dL,2024-10-24
OBS-00005582,PT-000967,ENC-0002777,2160-0,Creatinine,2.6,mg/dL,2024-10-24
OBS-00005583,PT-000967,ENC-0002778,2160-0,Creatinine,1.7,mg/dL,2025-10-24
OBS-00005584,PT-000967,ENC-0002778,8462-4,Diastolic blood pressure,98.6,mmHg,2025-10-24
OBS-00005585,PT-000967,ENC-0002779,8462-4,Diastolic blood pressure,80.4,mmHg,2026-01-28
OBS-00005586,PT-000967,ENC-0002779,8480-6,Systolic blood pressure,163.8,mmHg,2026-01-28
OBS-00005587,PT-000968,ENC-0002780,8480-6,Systolic blood pressure,100.3,mmHg,2026-08-14
OBS-00005588,PT-000968,ENC-0002780,8462-4,Diastolic blood pressure,107.2,mmHg,2026-08-14
OBS-00005589,PT-000968,ENC-0002780,2339-0,Glucose,168.6,mg/dL,2026-08-14
OBS-00005590,PT-000969,ENC-0002781,4548-4,Hemoglobin A1c,11.2,%,2026-01-04
OBS-00005591,PT-000969,ENC-0002782,8462-4,Diastolic blood pressure,102.7,mmHg,2026-08-02
OBS-00005592,PT-000970,ENC-0002783,718-7,Hemoglobin,12.8,g/dL,2025-09-30
OBS-00005593,PT-000970,ENC-0002783,8462-4,Diastolic blood pressure,60.7,mmHg,2025-09-30
OBS-00005594,PT-000970,ENC-0002784,8462-4,Diastolic blood pressure,62.7,mmHg,2026-03-10
OBS-00005595,PT-000970,ENC-0002784,8480-6,Systolic blood pressure,153.3,mmHg,2026-03-10
OBS-00005596,PT-000971,ENC-0002785,2339-0,Glucose,119.2,mg/dL,2024-09-26
OBS-00005597,PT-000972,ENC-0002786,8462-4,Diastolic blood pressure,66.2,mmHg,2025-11-30
OBS-00005598,PT-000972,ENC-0002786,718-7,Hemoglobin,13.7,g/dL,2025-11-30
OBS-00005599,PT-000972,ENC-0002786,2339-0,Glucose,177.4,mg/dL,2025-11-30
OBS-00005600,PT-000972,ENC-0002787,4548-4,Hemoglobin A1c,6.6,%,2025-04-01
OBS-00005601,PT-000972,ENC-0002787,4548-4,Hemoglobin A1c,11.8,%,2025-04-01
OBS-00005602,PT-000973,ENC-0002788,4548-4,Hemoglobin A1c,11.9,%,2025-04-19
OBS-00005603,PT-000973,ENC-0002788,8462-4,Diastolic blood pressure,58.7,mmHg,2025-04-19
OBS-00005604,PT-000973,ENC-0002788,4548-4,Hemoglobin A1c,10.7,%,2025-04-19
OBS-00005605,PT-000974,ENC-0002789,2160-0,Creatinine,4.0,mg/dL,2026-04-22
OBS-00005606,PT-000974,ENC-0002789,2160-0,Creatinine,1.2,mg/dL,2026-04-22
OBS-00005607,PT-000974,ENC-0002789,4548-4,Hemoglobin A1c,7.2,%,2026-04-22
OBS-00005608,PT-000974,ENC-0002790,4548-4,Hemoglobin A1c,11.9,%,2024-09-21
OBS-00005609,PT-000974,ENC-0002790,718-7,Hemoglobin,16.5,g/dL,2024-09-21
OBS-00005610,PT-000974,ENC-0002791,718-7,Hemoglobin,15.3,g/dL,2025-12-30
OBS-00005611,PT-000974,ENC-0002792,2160-0,Creatinine,4.1,mg/dL,2025-04-01
OBS-00005612,PT-000974,ENC-0002792,2339-0,Glucose,103.9,mg/dL,2025-04-01
OBS-00005613,PT-000974,ENC-0002792,2160-0,Creatinine,0.8,mg/dL,2025-04-01
OBS-00005614,PT-000975,ENC-0002793,2160-0,Creatinine,1.3,mg/dL,2026-05-08
OBS-00005615,PT-000976,ENC-0002794,2339-0,Glucose,152.8,mg/dL,2025-04-01
OBS-00005616,PT-000976,ENC-0002794,4548-4,Hemoglobin A1c,9.9,%,2025-04-01
OBS-00005617,PT-000976,ENC-0002794,2339-0,Glucose,182.5,mg/dL,2025-04-01
OBS-00005618,PT-000977,ENC-0002795,8462-4,Diastolic blood pressure,61.8,mmHg,2025-01-20
OBS-00005619,PT-000977,ENC-0002795,8462-4,Diastolic blood pressure,88.3,mmHg,2025-01-20
OBS-00005620,PT-000977,ENC-0002795,4548-4,Hemoglobin A1c,8.1,%,2025-01-20
OBS-00005621,PT-000977,ENC-0002796,718-7,Hemoglobin,11.6,g/dL,2025-06-01
OBS-00005622,PT-000977,ENC-0002797,718-7,Hemoglobin,11.7,g/dL,2024-10-18
OBS-00005623,PT-000977,ENC-0002797,2339-0,Glucose,240.1,mg/dL,2024-10-18
OBS-00005624,PT-000977,ENC-0002797,2160-0,Creatinine,3.8,mg/dL,2024-10-18
OBS-00005625,PT-000977,ENC-0002798,718-7,Hemoglobin,14.7,g/dL,2026-09-01
OBS-00005626,PT-000977,ENC-0002798,8480-6,Systolic blood pressure,103.7,mmHg,2026-09-01
OBS-00005627,PT-000977,ENC-0002798,2160-0,Creatinine,1.1,mg/dL,2026-09-01
OBS-00005628,PT-000977,ENC-0002799,2160-0,Creatinine,3.1,mg/dL,2025-07-28
OBS-00005629,PT-000977,ENC-0002799,8480-6,Systolic blood pressure,184.6,mmHg,2025-07-28
OBS-00005630,PT-000978,ENC-0002800,8480-6,Systolic blood pressure,95.5,mmHg,2026-06-20
OBS-00005631,PT-000978,ENC-0002800,4548-4,Hemoglobin A1c,9.4,%,2026-06-20
OBS-00005632,PT-000979,ENC-0002801,8480-6,Systolic blood pressure,153.0,mmHg,2026-09-16
OBS-00005633,PT-000979,ENC-0002801,8480-6,Systolic blood pressure,154.9,mmHg,2026-09-16
OBS-00005634,PT-000980,ENC-0002802,2160-0,Creatinine,4.3,mg/dL,2025-12-20
OBS-00005635,PT-000980,ENC-0002802,4548-4,Hemoglobin A1c,4.9,%,2025-12-20
OBS-00005636,PT-000980,ENC-0002802,4548-4,Hemoglobin A1c,10.0,%,2025-12-20
OBS-00005637,PT-000981,ENC-0002803,718-7,Hemoglobin,12.3,g/dL,2024-12-25
OBS-00005638,PT-000981,ENC-0002803,8462-4,Diastolic blood pressure,56.6,mmHg,2024-12-25
OBS-00005639,PT-000981,ENC-0002804,2160-0,Creatinine,1.4,mg/dL,2025-12-11
OBS-00005640,PT-000981,ENC-0002804,2339-0,Glucose,167.4,mg/dL,2025-12-11
OBS-00005641,PT-000981,ENC-0002805,2339-0,Glucose,151.8,mg/dL,2025-09-19
OBS-00005642,PT-000982,ENC-0002806,4548-4,Hemoglobin A1c,10.3,%,2026-09-01
OBS-00005643,PT-000982,ENC-0002806,2339-0,Glucose,252.0,mg/dL,2026-09-01
OBS-00005644,PT-000982,ENC-0002807,2339-0,Glucose,134.7,mg/dL,2025-07-24
OBS-00005645,PT-000982,ENC-0002808,2339-0,Glucose,75.0,mg/dL,2026-01-22
OBS-00005646,PT-000982,ENC-0002808,8480-6,Systolic blood pressure,182.3,mmHg,2026-01-22
OBS-00005647,PT-000982,ENC-0002809,8480-6,Systolic blood pressure,127.4,mmHg,2025-06-02
OBS-00005648,PT-000983,ENC-0002810,8480-6,Systolic blood pressure,100.3,mmHg,2025-07-16
OBS-00005649,PT-000983,ENC-0002810,2160-0,Creatinine,4.3,mg/dL,2025-07-16
OBS-00005650,PT-000983,ENC-0002811,2160-0,Creatinine,0.9,mg/dL,2026-05-27
OBS-00005651,PT-000983,ENC-0002811,8480-6,Systolic blood pressure,143.2,mmHg,2026-05-27
OBS-00005652,PT-000983,ENC-0002811,2339-0,Glucose,144.1,mg/dL,2026-05-27
OBS-00005653,PT-000983,ENC-0002812,2339-0,Glucose,153.5,mg/dL,2025-08-21
OBS-00005654,PT-000983,ENC-0002812,4548-4,Hemoglobin A1c,7.6,%,2025-08-21
OBS-00005655,PT-000984,ENC-0002813,2339-0,Glucose,271.5,mg/dL,2025-01-29
OBS-00005656,PT-000984,ENC-0002813,4548-4,Hemoglobin A1c,9.5,%,2025-01-29
OBS-00005657,PT-000984,ENC-0002813,2160-0,Creatinine,0.6,mg/dL,2025-01-29
OBS-00005658,PT-000985,ENC-0002814,2339-0,Glucose,116.1,mg/dL,2025-02-11
OBS-00005659,PT-000985,ENC-0002815,2160-0,Creatinine,2.8,mg/dL,2025-05-10
OBS-00005660,PT-000985,ENC-0002815,718-7,Hemoglobin,11.8,g/dL,2025-05-10
OBS-00005661,PT-000986,ENC-0002816,718-7,Hemoglobin,12.6,g/dL,2026-05-03
OBS-00005662,PT-000986,ENC-0002816,4548-4,Hemoglobin A1c,9.0,%,2026-05-03
OBS-00005663,PT-000986,ENC-0002816,718-7,Hemoglobin,15.2,g/dL,2026-05-03
OBS-00005664,PT-000986,ENC-0002817,8462-4,Diastolic blood pressure,56.9,mmHg,2026-03-11
OBS-00005665,PT-000986,ENC-0002817,718-7,Hemoglobin,10.4,g/dL,2026-03-11
OBS-00005666,PT-000987,ENC-0002818,2339-0,Glucose,201.0,mg/dL,2025-08-08
OBS-00005667,PT-000987,ENC-0002819,8480-6,Systolic blood pressure,177.2,mmHg,2026-04-07
OBS-00005668,PT-000987,ENC-0002819,2160-0,Creatinine,3.2,mg/dL,2026-04-07
OBS-00005669,PT-000987,ENC-0002820,8462-4,Diastolic blood pressure,87.5,mmHg,2026-05-09
OBS-00005670,PT-000987,ENC-0002820,8462-4,Diastolic blood pressure,88.5,mmHg,2026-05-09
OBS-00005671,PT-000988,ENC-0002821,8462-4,Diastolic blood pressure,79.7,mmHg,2025-03-29
OBS-00005672,PT-000988,ENC-0002822,2339-0,Glucose,89.6,mg/dL,2024-12-14
OBS-00005673,PT-000988,ENC-0002823,718-7,Hemoglobin,14.4,g/dL,2024-10-03
OBS-00005674,PT-000988,ENC-0002824,8480-6,Systolic blood pressure,104.1,mmHg,2026-09-20
OBS-00005675,PT-000989,ENC-0002825,2160-0,Creatinine,2.4,mg/dL,2026-04-14
OBS-00005676,PT-000990,ENC-0002826,2160-0,Creatinine,0.9,mg/dL,2025-08-16
OBS-00005677,PT-000990,ENC-0002826,8462-4,Diastolic blood pressure,85.0,mmHg,2025-08-16
OBS-00005678,PT-000990,ENC-0002827,718-7,Hemoglobin,16.8,g/dL,2025-03-08
OBS-00005679,PT-000990,ENC-0002828,8462-4,Diastolic blood pressure,65.8,mmHg,2025-06-10
OBS-00005680,PT-000990,ENC-0002828,8480-6,Systolic blood pressure,144.5,mmHg,2025-06-10
OBS-00005681,PT-000990,ENC-0002829,8480-6,Systolic blood pressure,108.0,mmHg,2024-12-29
OBS-00005682,PT-000991,ENC-0002830,8480-6,Systolic blood pressure,179.8,mmHg,2026-07-30
OBS-00005683,PT-000991,ENC-0002830,2160-0,Creatinine,2.9,mg/dL,2026-07-30
OBS-00005684,PT-000991,ENC-0002830,2339-0,Glucose,252.8,mg/dL,2026-07-30
OBS-00005685,PT-000991,ENC-0002831,4548-4,Hemoglobin A1c,8.3,%,2024-12-24
OBS-00005686,PT-000991,ENC-0002832,8480-6,Systolic blood pressure,173.4,mmHg,2025-07-17
OBS-00005687,PT-000991,ENC-0002832,718-7,Hemoglobin,10.4,g/dL,2025-07-17
OBS-00005688,PT-000991,ENC-0002833,8480-6,Systolic blood pressure,97.0,mmHg,2025-01-14
OBS-00005689,PT-000991,ENC-0002833,4548-4,Hemoglobin A1c,8.4,%,2025-01-14
OBS-00005690,PT-000991,ENC-0002834,718-7,Hemoglobin,9.4,g/dL,2026-03-29
OBS-00005691,PT-000991,ENC-0002834,8480-6,Systolic blood pressure,173.2,mmHg,2026-03-29
OBS-00005692,PT-000991,ENC-0002834,4548-4,Hemoglobin A1c,6.6,%,2026-03-29
OBS-00005693,PT-000991,ENC-0002835,8462-4,Diastolic blood pressure,98.3,mmHg,2025-02-16
OBS-00005694,PT-000991,ENC-0002835,8462-4,Diastolic blood pressure,56.4,mmHg,2025-02-16
OBS-00005695,PT-000991,ENC-0002835,2160-0,Creatinine,4.3,mg/dL,2025-02-16
OBS-00005696,PT-000992,ENC-0002836,8480-6,Systolic blood pressure,173.6,mmHg,2026-09-04
OBS-00005697,PT-000992,ENC-0002837,2160-0,Creatinine,1.7,mg/dL,2025-02-03
OBS-00005698,PT-000992,ENC-0002837,8480-6,Systolic blood pressure,155.2,mmHg,2025-02-03
OBS-00005699,PT-000992,ENC-0002838,718-7,Hemoglobin,10.1,g/dL,2025-09-28
OBS-00005700,PT-000992,ENC-0002838,2339-0,Glucose,109.5,mg/dL,2025-09-28
OBS-00005701,PT-000992,ENC-0002838,8480-6,Systolic blood pressure,151.5,mmHg,2025-09-28
OBS-00005702,PT-000992,ENC-0002839,2160-0,Creatinine,1.8,mg/dL,2025-04-05
OBS-00005703,PT-000992,ENC-0002840,8480-6,Systolic blood pressure,112.0,mmHg,2026-05-19
OBS-00005704,PT-000993,ENC-0002841,2160-0,Creatinine,4.4,mg/dL,2026-09-03
OBS-00005705,PT-000993,ENC-0002841,2339-0,Glucose,193.3,mg/dL,2026-09-03
OBS-00005706,PT-000993,ENC-0002842,8462-4,Diastolic blood pressure,92.3,mmHg,2025-03-25
OBS-00005707,PT-000994,ENC-0002843,2160-0,Creatinine,4.3,mg/dL,2025-05-05
OBS-00005708,PT-000994,ENC-0002843,718-7,Hemoglobin,14.8,g/dL,2025-05-05
OBS-00005709,PT-000994,ENC-0002843,2160-0,Creatinine,2.1,mg/dL,2025-05-05
OBS-00005710,PT-000995,ENC-0002844,4548-4,Hemoglobin A1c,5.2,%,2025-03-04
OBS-00005711,PT-000995,ENC-0002844,8480-6,Systolic blood pressure,108.5,mmHg,2025-03-04
OBS-00005712,PT-000996,ENC-0002845,8480-6,Systolic blood pressure,130.0,mmHg,2024-11-22
OBS-00005713,PT-000996,ENC-0002845,718-7,Hemoglobin,13.8,g/dL,2024-11-22
OBS-00005714,PT-000996,ENC-0002845,718-7,Hemoglobin,11.0,g/dL,2024-11-22
OBS-00005715,PT-000997,ENC-0002846,2160-0,Creatinine,2.2,mg/dL,2025-12-20
OBS-00005716,PT-000997,ENC-0002847,2339-0,Glucose,125.1,mg/dL,2026-01-04
OBS-00005717,PT-000997,ENC-0002848,4548-4,Hemoglobin A1c,5.3,%,2025-09-15
OBS-00005718,PT-000997,ENC-0002848,8480-6,Systolic blood pressure,99.3,mmHg,2025-09-15
OBS-00005719,PT-000997,ENC-0002849,2339-0,Glucose,117.5,mg/dL,2025-05-12
OBS-00005720,PT-000997,ENC-0002850,8462-4,Diastolic blood pressure,89.8,mmHg,2026-06-25
OBS-00005721,PT-000997,ENC-0002850,2160-0,Creatinine,1.3,mg/dL,2026-06-25
OBS-00005722,PT-000997,ENC-0002850,718-7,Hemoglobin,16.7,g/dL,2026-06-25
OBS-00005723,PT-000998,ENC-0002851,2339-0,Glucose,304.7,mg/dL,2025-11-09
OBS-00005724,PT-000998,ENC-0002851,2339-0,Glucose,245.1,mg/dL,2025-11-09
OBS-00005725,PT-000998,ENC-0002851,718-7,Hemoglobin,10.6,g/dL,2025-11-09
OBS-00005726,PT-000998,ENC-0002852,2160-0,Creatinine,2.5,mg/dL,2026-08-06
OBS-00005727,PT-000998,ENC-0002852,2160-0,Creatinine,2.7,mg/dL,2026-08-06
OBS-00005728,PT-000999,ENC-0002853,2160-0,Creatinine,2.9,mg/dL,2026-02-23
OBS-00005729,PT-000999,ENC-0002853,2160-0,Creatinine,1.3,mg/dL,2026-02-23
OBS-00005730,PT-000999,ENC-0002854,718-7,Hemoglobin,16.4,g/dL,2026-05-21
OBS-00005731,PT-000999,ENC-0002855,2160-0,Creatinine,3.4,mg/dL,2026-03-27
OBS-00005732,PT-000999,ENC-0002855,2339-0,Glucose,110.3,mg/dL,2026-03-27
OBS-00005733,PT-000999,ENC-0002855,2339-0,Glucose,192.1,mg/dL,2026-03-27
OBS-00005734,PT-001000,ENC-0002856,2339-0,Glucose,186.0,mg/dL,2025-11-19
OBS-00005735,PT-001000,ENC-0002857,4548-4,Hemoglobin A1c,5.3,%,2024-11-25
OBS-00005736,PT-001000,ENC-0002857,2160-0,Creatinine,1.8,mg/dL,2024-11-25
OBS-00005737,PT-001000,ENC-0002857,718-7,Hemoglobin,12.6,g/dL,2024-11-25
OBS-00005738,PT-001000,ENC-0002858,8480-6,Systolic blood pressure,177.3,mmHg,2026-03-07
OBS-00005739,PT-001000,ENC-0002858,8462-4,Diastolic blood pressure,66.5,mmHg,2026-03-07
OBS-00005740,PT-001000,ENC-0002858,4548-4,Hemoglobin A1c,5.9,%,2026-03-07
OBS-00005741,PT-001001,ENC-0002859,8480-6,Systolic blood pressure,169.5,mmHg,2024-10-30
OBS-00005742,PT-001001,ENC-0002859,2339-0,Glucose,79.9,mg/dL,2024-10-30
OBS-00005743,PT-001001,ENC-0002859,2339-0,Glucose,93.2,mg/dL,2024-10-30
OBS-00005744,PT-001001,ENC-0002860,2160-0,Creatinine,3.7,mg/dL,2025-02-17
OBS-00005745,PT-001001,ENC-0002861,2339-0,Glucose,74.9,mg/dL,2026-03-09
OBS-00005746,PT-001001,ENC-0002861,2160-0,Creatinine,1.6,mg/dL,2026-03-09
OBS-00005747,PT-001001,ENC-0002861,2160-0,Creatinine,3.7,mg/dL,2026-03-09
OBS-00005748,PT-001001,ENC-0002862,8462-4,Diastolic blood pressure,92.9,mmHg,2024-11-11
OBS-00005749,PT-001001,ENC-0002862,8462-4,Diastolic blood pressure,88.2,mmHg,2024-11-11
OBS-00005750,PT-001001,ENC-0002863,2339-0,Glucose,98.2,mg/dL,2026-08-30
OBS-00005751,PT-001001,ENC-0002864,8462-4,Diastolic blood pressure,87.1,mmHg,2026-02-26
OBS-00005752,PT-001001,ENC-0002864,8462-4,Diastolic blood pressure,91.7,mmHg,2026-02-26
OBS-00005753,PT-001001,ENC-0002864,718-7,Hemoglobin,10.7,g/dL,2026-02-26
OBS-00005754,PT-001002,ENC-0002865,2339-0,Glucose,232.0,mg/dL,2026-01-14
OBS-00005755,PT-001002,ENC-0002865,8462-4,Diastolic blood pressure,62.7,mmHg,2026-01-14
OBS-00005756,PT-001002,ENC-0002866,718-7,Hemoglobin,11.0,g/dL,2026-03-31
OBS-00005757,PT-001002,ENC-0002866,8480-6,Systolic blood pressure,111.7,mmHg,2026-03-31
OBS-00005758,PT-001002,ENC-0002867,718-7,Hemoglobin,11.4,g/dL,2024-09-28
OBS-00005759,PT-001002,ENC-0002867,2339-0,Glucose,171.1,mg/dL,2024-09-28
OBS-00005760,PT-001002,ENC-0002867,8480-6,Systolic blood pressure,165.3,mmHg,2024-09-28
OBS-00005761,PT-001003,ENC-0002868,4548-4,Hemoglobin A1c,12.2,%,2026-01-02
OBS-00005762,PT-001003,ENC-0002868,2160-0,Creatinine,0.7,mg/dL,2026-01-02
OBS-00005763,PT-001003,ENC-0002868,2160-0,Creatinine,2.8,mg/dL,2026-01-02
OBS-00005764,PT-001004,ENC-0002869,4548-4,Hemoglobin A1c,11.6,%,2026-08-03
OBS-00005765,PT-001004,ENC-0002869,8462-4,Diastolic blood pressure,59.5,mmHg,2026-08-03
OBS-00005766,PT-001004,ENC-0002869,2160-0,Creatinine,2.1,mg/dL,2026-08-03
OBS-00005767,PT-001005,ENC-0002870,2339-0,Glucose,216.3,mg/dL,2024-11-19
OBS-00005768,PT-001005,ENC-0002870,2339-0,Glucose,248.0,mg/dL,2024-11-19
OBS-00005769,PT-001005,ENC-0002871,8462-4,Diastolic blood pressure,107.5,mmHg,2025-06-19
OBS-00005770,PT-001005,ENC-0002871,8462-4,Diastolic blood pressure,75.0,mmHg,2025-06-19
OBS-00005771,PT-001005,ENC-0002871,8480-6,Systolic blood pressure,175.6,mmHg,2025-06-19
OBS-00005772,PT-001005,ENC-0002872,2339-0,Glucose,113.3,mg/dL,2025-12-26
OBS-00005773,PT-001005,ENC-0002872,8480-6,Systolic blood pressure,177.9,mmHg,2025-12-26
OBS-00005774,PT-001005,ENC-0002872,718-7,Hemoglobin,9.9,g/dL,2025-12-26
OBS-00005775,PT-001005,ENC-0002873,8462-4,Diastolic blood pressure,83.5,mmHg,2024-10-01
OBS-00005776,PT-001005,ENC-0002873,2160-0,Creatinine,1.5,mg/dL,2024-10-01
OBS-00005777,PT-001006,ENC-0002874,4548-4,Hemoglobin A1c,7.7,%,2025-04-04
OBS-00005778,PT-001007,ENC-0002875,4548-4,Hemoglobin A1c,5.0,%,2025-07-20
OBS-00005779,PT-001007,ENC-0002876,718-7,Hemoglobin,11.4,g/dL,2025-11-22
OBS-00005780,PT-001007,ENC-0002876,8480-6,Systolic blood pressure,155.0,mmHg,2025-11-22
OBS-00005781,PT-001007,ENC-0002877,4548-4,Hemoglobin A1c,6.6,%,2025-06-28
OBS-00005782,PT-001007,ENC-0002877,2160-0,Creatinine,1.1,mg/dL,2025-06-28
OBS-00005783,PT-001008,ENC-0002878,8462-4,Diastolic blood pressure,101.4,mmHg,2024-11-28
OBS-00005784,PT-001008,ENC-0002878,2339-0,Glucose,259.3,mg/dL,2024-11-28
OBS-00005785,PT-001008,ENC-0002878,2339-0,Glucose,113.4,mg/dL,2024-11-28
OBS-00005786,PT-001009,ENC-0002879,8480-6,Systolic blood pressure,148.6,mmHg,2025-06-18
OBS-00005787,PT-001009,ENC-0002879,2339-0,Glucose,150.6,mg/dL,2025-06-18
OBS-00005788,PT-001009,ENC-0002880,2339-0,Glucose,107.9,mg/dL,2026-03-19
OBS-00005789,PT-001009,ENC-0002880,4548-4,Hemoglobin A1c,6.7,%,2026-03-19
OBS-00005790,PT-001009,ENC-0002880,8480-6,Systolic blood pressure,163.7,mmHg,2026-03-19
OBS-00005791,PT-001009,ENC-0002881,4548-4,Hemoglobin A1c,6.9,%,2024-12-28
OBS-00005792,PT-001009,ENC-0002882,4548-4,Hemoglobin A1c,10.1,%,2025-05-29
OBS-00005793,PT-001009,ENC-0002882,8480-6,Systolic blood pressure,156.2,mmHg,2025-05-29
OBS-00005794,PT-001009,ENC-0002882,2160-0,Creatinine,1.8,mg/dL,2025-05-29
OBS-00005795,PT-001009,ENC-0002883,4548-4,Hemoglobin A1c,10.2,%,2026-03-04
OBS-00005796,PT-001009,ENC-0002884,2339-0,Glucose,313.8,mg/dL,2025-04-22
OBS-00005797,PT-001010,ENC-0002885,8480-6,Systolic blood pressure,166.1,mmHg,2026-06-16
OBS-00005798,PT-001010,ENC-0002886,4548-4,Hemoglobin A1c,10.6,%,2024-11-20
OBS-00005799,PT-001010,ENC-0002886,8462-4,Diastolic blood pressure,59.0,mmHg,2024-11-20
OBS-00005800,PT-001010,ENC-0002886,8462-4,Diastolic blood pressure,68.3,mmHg,2024-11-20
OBS-00005801,PT-001010,ENC-0002887,2160-0,Creatinine,2.5,mg/dL,2026-01-06
OBS-00005802,PT-001010,ENC-0002887,2339-0,Glucose,177.5,mg/dL,2026-01-06
OBS-00005803,PT-001010,ENC-0002888,4548-4,Hemoglobin A1c,6.8,%,2025-05-10
OBS-00005804,PT-001010,ENC-0002888,8462-4,Diastolic blood pressure,88.0,mmHg,2025-05-10
OBS-00005805,PT-001010,ENC-0002888,4548-4,Hemoglobin A1c,10.3,%,2025-05-10
OBS-00005806,PT-001011,ENC-0002889,8462-4,Diastolic blood pressure,94.0,mmHg,2025-06-03
OBS-00005807,PT-001011,ENC-0002889,2339-0,Glucose,235.2,mg/dL,2025-06-03
OBS-00005808,PT-001011,ENC-0002890,4548-4,Hemoglobin A1c,7.9,%,2025-11-17
OBS-00005809,PT-001011,ENC-0002890,8462-4,Diastolic blood pressure,77.1,mmHg,2025-11-17
OBS-00005810,PT-001011,ENC-0002891,8480-6,Systolic blood pressure,141.3,mmHg,2025-07-13
OBS-00005811,PT-001012,ENC-0002892,4548-4,Hemoglobin A1c,10.3,%,2026-02-17
OBS-00005812,PT-001012,ENC-0002893,8462-4,Diastolic blood pressure,74.6,mmHg,2026-01-10
OBS-00005813,PT-001012,ENC-0002893,4548-4,Hemoglobin A1c,11.7,%,2026-01-10
OBS-00005814,PT-001013,ENC-0002894,8480-6,Systolic blood pressure,184.2,mmHg,2025-01-13
OBS-00005815,PT-001013,ENC-0002894,4548-4,Hemoglobin A1c,12.5,%,2025-01-13
OBS-00005816,PT-001013,ENC-0002894,8462-4,Diastolic blood pressure,63.8,mmHg,2025-01-13
OBS-00005817,PT-001013,ENC-0002895,4548-4,Hemoglobin A1c,11.4,%,2025-07-18
OBS-00005818,PT-001013,ENC-0002896,4548-4,Hemoglobin A1c,10.5,%,2025-10-16
OBS-00005819,PT-001014,ENC-0002897,2160-0,Creatinine,0.9,mg/dL,2026-04-05
OBS-00005820,PT-001014,ENC-0002897,2339-0,Glucose,138.3,mg/dL,2026-04-05
OBS-00005821,PT-001014,ENC-0002897,2339-0,Glucose,231.9,mg/dL,2026-04-05
OBS-00005822,PT-001014,ENC-0002898,2339-0,Glucose,81.8,mg/dL,2026-04-05
OBS-00005823,PT-001014,ENC-0002898,718-7,Hemoglobin,13.9,g/dL,2026-04-05
OBS-00005824,PT-001014,ENC-0002898,8480-6,Systolic blood pressure,148.1,mmHg,2026-04-05
OBS-00005825,PT-001015,ENC-0002899,8480-6,Systolic blood pressure,176.8,mmHg,2025-01-23
OBS-00005826,PT-001015,ENC-0002899,2339-0,Glucose,107.9,mg/dL,2025-01-23
OBS-00005827,PT-001015,ENC-0002899,2160-0,Creatinine,1.4,mg/dL,2025-01-23
OBS-00005828,PT-001015,ENC-0002900,8462-4,Diastolic blood pressure,100.8,mmHg,2025-03-27
OBS-00005829,PT-001015,ENC-0002900,8480-6,Systolic blood pressure,135.8,mmHg,2025-03-27
OBS-00005830,PT-001015,ENC-0002901,718-7,Hemoglobin,13.2,g/dL,2026-07-23
OBS-00005831,PT-001015,ENC-0002901,8462-4,Diastolic blood pressure,99.0,mmHg,2026-07-23
OBS-00005832,PT-001015,ENC-0002902,718-7,Hemoglobin,9.2,g/dL,2026-09-09
OBS-00005833,PT-001015,ENC-0002902,718-7,Hemoglobin,14.2,g/dL,2026-09-09
OBS-00005834,PT-001015,ENC-0002902,8462-4,Diastolic blood pressure,105.2,mmHg,2026-09-09
OBS-00005835,PT-001016,ENC-0002903,2160-0,Creatinine,1.2,mg/dL,2026-05-15
OBS-00005836,PT-001016,ENC-0002903,718-7,Hemoglobin,12.3,g/dL,2026-05-15
OBS-00005837,PT-001016,ENC-0002904,8480-6,Systolic blood pressure,133.3,mmHg,2025-02-02
OBS-00005838,PT-001016,ENC-0002904,8462-4,Diastolic blood pressure,73.6,mmHg,2025-02-02
OBS-00005839,PT-001017,ENC-0002905,718-7,Hemoglobin,10.3,g/dL,2025-04-26
OBS-00005840,PT-001017,ENC-0002905,8462-4,Diastolic blood pressure,84.0,mmHg,2025-04-26
OBS-00005841,PT-001018,ENC-0002906,8462-4,Diastolic blood pressure,105.1,mmHg,2026-01-30
OBS-00005842,PT-001018,ENC-0002906,4548-4,Hemoglobin A1c,10.4,%,2026-01-30
OBS-00005843,PT-001018,ENC-0002907,4548-4,Hemoglobin A1c,10.1,%,2025-11-18
OBS-00005844,PT-001018,ENC-0002907,8462-4,Diastolic blood pressure,66.9,mmHg,2025-11-18
OBS-00005845,PT-001018,ENC-0002907,4548-4,Hemoglobin A1c,9.3,%,2025-11-18
OBS-00005846,PT-001019,ENC-0002908,2339-0,Glucose,215.7,mg/dL,2024-11-24
OBS-00005847,PT-001019,ENC-0002908,4548-4,Hemoglobin A1c,5.2,%,2024-11-24
OBS-00005848,PT-001019,ENC-0002909,2160-0,Creatinine,1.4,mg/dL,2025-10-17
OBS-00005849,PT-001019,ENC-0002909,8480-6,Systolic blood pressure,109.2,mmHg,2025-10-17
OBS-00005850,PT-001019,ENC-0002910,4548-4,Hemoglobin A1c,11.8,%,2025-11-10
OBS-00005851,PT-001019,ENC-0002911,2160-0,Creatinine,1.8,mg/dL,2024-10-11
OBS-00005852,PT-001019,ENC-0002911,8480-6,Systolic blood pressure,138.2,mmHg,2024-10-11
OBS-00005853,PT-001019,ENC-0002912,2339-0,Glucose,136.4,mg/dL,2025-07-10
OBS-00005854,PT-001019,ENC-0002912,2160-0,Creatinine,1.4,mg/dL,2025-07-10
OBS-00005855,PT-001020,ENC-0002913,718-7,Hemoglobin,8.0,g/dL,2024-09-22
OBS-00005856,PT-001020,ENC-0002914,718-7,Hemoglobin,15.8,g/dL,2026-07-24
OBS-00005857,PT-001020,ENC-0002914,2160-0,Creatinine,2.5,mg/dL,2026-07-24
OBS-00005858,PT-001020,ENC-0002914,4548-4,Hemoglobin A1c,7.1,%,2026-07-24
OBS-00005859,PT-001021,ENC-0002915,718-7,Hemoglobin,12.5,g/dL,2025-08-14
OBS-00005860,PT-001021,ENC-0002916,4548-4,Hemoglobin A1c,9.5,%,2025-12-20
OBS-00005861,PT-001021,ENC-0002916,718-7,Hemoglobin,13.8,g/dL,2025-12-20
OBS-00005862,PT-001021,ENC-0002917,2339-0,Glucose,301.6,mg/dL,2026-09-03
OBS-00005863,PT-001021,ENC-0002917,8480-6,Systolic blood pressure,98.1,mmHg,2026-09-03
OBS-00005864,PT-001021,ENC-0002917,2339-0,Glucose,144.6,mg/dL,2026-09-03
OBS-00005865,PT-001021,ENC-0002918,2339-0,Glucose,129.2,mg/dL,2025-08-27
OBS-00005866,PT-001022,ENC-0002919,4548-4,Hemoglobin A1c,8.7,%,2025-06-30
OBS-00005867,PT-001022,ENC-0002919,8480-6,Systolic blood pressure,121.8,mmHg,2025-06-30
OBS-00005868,PT-001022,ENC-0002920,8480-6,Systolic blood pressure,139.1,mmHg,2026-06-08
OBS-00005869,PT-001022,ENC-0002921,2339-0,Glucose,73.2,mg/dL,2025-12-11
OBS-00005870,PT-001022,ENC-0002921,4548-4,Hemoglobin A1c,8.3,%,2025-12-11
OBS-00005871,PT-001022,ENC-0002922,2339-0,Glucose,76.4,mg/dL,2026-05-21
OBS-00005872,PT-001022,ENC-0002922,8480-6,Systolic blood pressure,147.8,mmHg,2026-05-21
OBS-00005873,PT-001022,ENC-0002922,2339-0,Glucose,252.1,mg/dL,2026-05-21
OBS-00005874,PT-001023,ENC-0002923,718-7,Hemoglobin,10.4,g/dL,2025-11-16
OBS-00005875,PT-001023,ENC-0002923,8480-6,Systolic blood pressure,119.0,mmHg,2025-11-16
OBS-00005876,PT-001023,ENC-0002924,4548-4,Hemoglobin A1c,8.0,%,2025-10-17
OBS-00005877,PT-001023,ENC-0002924,8480-6,Systolic blood pressure,136.0,mmHg,2025-10-17
OBS-00005878,PT-001023,ENC-0002925,4548-4,Hemoglobin A1c,12.5,%,2025-03-04
OBS-00005879,PT-001023,ENC-0002925,8462-4,Diastolic blood pressure,75.1,mmHg,2025-03-04
OBS-00005880,PT-001024,ENC-0002926,8462-4,Diastolic blood pressure,59.4,mmHg,2024-12-20
OBS-00005881,PT-001024,ENC-0002926,2160-0,Creatinine,4.0,mg/dL,2024-12-20
OBS-00005882,PT-001024,ENC-0002926,4548-4,Hemoglobin A1c,12.3,%,2024-12-20
OBS-00005883,PT-001024,ENC-0002927,4548-4,Hemoglobin A1c,7.0,%,2025-08-24
OBS-00005884,PT-001024,ENC-0002927,2160-0,Creatinine,3.5,mg/dL,2025-08-24
OBS-00005885,PT-001025,ENC-0002928,8462-4,Diastolic blood pressure,63.2,mmHg,2025-11-29
OBS-00005886,PT-001025,ENC-0002928,2160-0,Creatinine,2.6,mg/dL,2025-11-29
OBS-00005887,PT-001025,ENC-0002928,2339-0,Glucose,290.0,mg/dL,2025-11-29
OBS-00005888,PT-001025,ENC-0002929,8462-4,Diastolic blood pressure,98.3,mmHg,2026-07-02
OBS-00005889,PT-001026,ENC-0002930,718-7,Hemoglobin,15.9,g/dL,2025-10-17
OBS-00005890,PT-001026,ENC-0002931,4548-4,Hemoglobin A1c,5.2,%,2025-06-10
OBS-00005891,PT-001026,ENC-0002932,8480-6,Systolic blood pressure,149.7,mmHg,2025-09-22
OBS-00005892,PT-001026,ENC-0002933,718-7,Hemoglobin,10.0,g/dL,2026-08-11
OBS-00005893,PT-001026,ENC-0002933,8462-4,Diastolic blood pressure,89.4,mmHg,2026-08-11
OBS-00005894,PT-001026,ENC-0002933,4548-4,Hemoglobin A1c,9.8,%,2026-08-11
OBS-00005895,PT-001027,ENC-0002934,2339-0,Glucose,270.1,mg/dL,2025-06-18
OBS-00005896,PT-001027,ENC-0002934,4548-4,Hemoglobin A1c,10.7,%,2025-06-18
OBS-00005897,PT-001027,ENC-0002934,8480-6,Systolic blood pressure,129.9,mmHg,2025-06-18
OBS-00005898,PT-001027,ENC-0002935,2339-0,Glucose,80.3,mg/dL,2026-08-26
OBS-00005899,PT-001028,ENC-0002936,4548-4,Hemoglobin A1c,6.6,%,2026-03-08
OBS-00005900,PT-001028,ENC-0002936,2160-0,Creatinine,2.4,mg/dL,2026-03-08
OBS-00005901,PT-001028,ENC-0002937,2160-0,Creatinine,4.4,mg/dL,2025-12-24
OBS-00005902,PT-001029,ENC-0002938,8480-6,Systolic blood pressure,95.3,mmHg,2026-08-11
OBS-00005903,PT-001029,ENC-0002938,8462-4,Diastolic blood pressure,105.7,mmHg,2026-08-11
OBS-00005904,PT-001029,ENC-0002939,8480-6,Systolic blood pressure,108.9,mmHg,2026-04-16
OBS-00005905,PT-001029,ENC-0002939,8480-6,Systolic blood pressure,163.1,mmHg,2026-04-16
OBS-00005906,PT-001029,ENC-0002940,718-7,Hemoglobin,15.4,g/dL,2025-03-13
OBS-00005907,PT-001029,ENC-0002940,2339-0,Glucose,79.6,mg/dL,2025-03-13
OBS-00005908,PT-001029,ENC-0002940,2339-0,Glucose,300.9,mg/dL,2025-03-13
OBS-00005909,PT-001030,ENC-0002941,8480-6,Systolic blood pressure,117.0,mmHg,2025-03-18
OBS-00005910,PT-001030,ENC-0002941,2160-0,Creatinine,2.3,mg/dL,2025-03-18
OBS-00005911,PT-001030,ENC-0002942,718-7,Hemoglobin,12.1,g/dL,2024-09-29
OBS-00005912,PT-001030,ENC-0002942,4548-4,Hemoglobin A1c,9.0,%,2024-09-29
OBS-00005913,PT-001030,ENC-0002942,4548-4,Hemoglobin A1c,9.2,%,2024-09-29
OBS-00005914,PT-001030,ENC-0002943,2160-0,Creatinine,3.7,mg/dL,2026-09-12
OBS-00005915,PT-001030,ENC-0002943,4548-4,Hemoglobin A1c,11.1,%,2026-09-12
OBS-00005916,PT-001030,ENC-0002943,718-7,Hemoglobin,16.6,g/dL,2026-09-12
OBS-00005917,PT-001030,ENC-0002944,8480-6,Systolic blood pressure,169.7,mmHg,2026-04-03
OBS-00005918,PT-001030,ENC-0002944,8480-6,Systolic blood pressure,177.7,mmHg,2026-04-03
OBS-00005919,PT-001030,ENC-0002944,4548-4,Hemoglobin A1c,9.8,%,2026-04-03
OBS-00005920,PT-001030,ENC-0002945,2160-0,Creatinine,3.9,mg/dL,2024-10-19
OBS-00005921,PT-001030,ENC-0002945,718-7,Hemoglobin,15.2,g/dL,2024-10-19
OBS-00005922,PT-001030,ENC-0002946,2339-0,Glucose,212.5,mg/dL,2026-09-12
OBS-00005923,PT-001030,ENC-0002946,8480-6,Systolic blood pressure,119.8,mmHg,2026-09-12
OBS-00005924,PT-001030,ENC-0002946,8480-6,Systolic blood pressure,128.2,mmHg,2026-09-12
OBS-00005925,PT-001031,ENC-0002947,2160-0,Creatinine,2.9,mg/dL,2026-03-29
OBS-00005926,PT-001031,ENC-0002948,718-7,Hemoglobin,14.9,g/dL,2025-07-22
OBS-00005927,PT-001032,ENC-0002949,8462-4,Diastolic blood pressure,104.9,mmHg,2026-03-12
OBS-00005928,PT-001032,ENC-0002949,8480-6,Systolic blood pressure,146.8,mmHg,2026-03-12
OBS-00005929,PT-001032,ENC-0002950,8462-4,Diastolic blood pressure,67.9,mmHg,2025-09-01
OBS-00005930,PT-001032,ENC-0002950,2339-0,Glucose,171.6,mg/dL,2025-09-01
OBS-00005931,PT-001032,ENC-0002951,2160-0,Creatinine,2.5,mg/dL,2025-05-31
OBS-00005932,PT-001032,ENC-0002951,8480-6,Systolic blood pressure,133.4,mmHg,2025-05-31
OBS-00005933,PT-001033,ENC-0002952,718-7,Hemoglobin,10.3,g/dL,2024-12-29
OBS-00005934,PT-001033,ENC-0002953,2339-0,Glucose,295.8,mg/dL,2024-10-02
OBS-00005935,PT-001034,ENC-0002954,2160-0,Creatinine,2.9,mg/dL,2025-09-15
OBS-00005936,PT-001034,ENC-0002955,2160-0,Creatinine,4.3,mg/dL,2026-05-27
OBS-00005937,PT-001034,ENC-0002955,8462-4,Diastolic blood pressure,94.1,mmHg,2026-05-27
OBS-00005938,PT-001034,ENC-0002955,2160-0,Creatinine,3.2,mg/dL,2026-05-27
OBS-00005939,PT-001034,ENC-0002956,8480-6,Systolic blood pressure,169.6,mmHg,2024-10-26
OBS-00005940,PT-001034,ENC-0002956,8480-6,Systolic blood pressure,177.8,mmHg,2024-10-26
OBS-00005941,PT-001034,ENC-0002957,8462-4,Diastolic blood pressure,64.7,mmHg,2025-03-28
OBS-00005942,PT-001034,ENC-0002957,4548-4,Hemoglobin A1c,5.9,%,2025-03-28
OBS-00005943,PT-001035,ENC-0002958,8480-6,Systolic blood pressure,158.4,mmHg,2026-03-24
OBS-00005944,PT-001035,ENC-0002958,2339-0,Glucose,312.0,mg/dL,2026-03-24
OBS-00005945,PT-001036,ENC-0002959,4548-4,Hemoglobin A1c,12.2,%,2025-12-08
OBS-00005946,PT-001036,ENC-0002960,2160-0,Creatinine,3.7,mg/dL,2026-05-02
OBS-00005947,PT-001036,ENC-0002960,2160-0,Creatinine,1.4,mg/dL,2026-05-02
OBS-00005948,PT-001036,ENC-0002960,4548-4,Hemoglobin A1c,11.2,%,2026-05-02
OBS-00005949,PT-001037,ENC-0002961,4548-4,Hemoglobin A1c,7.5,%,2026-05-01
OBS-00005950,PT-001037,ENC-0002961,718-7,Hemoglobin,16.9,g/dL,2026-05-01
OBS-00005951,PT-001037,ENC-0002961,718-7,Hemoglobin,10.6,g/dL,2026-05-01
OBS-00005952,PT-001037,ENC-0002962,2339-0,Glucose,87.7,mg/dL,2024-12-04
OBS-00005953,PT-001037,ENC-0002962,4548-4,Hemoglobin A1c,6.4,%,2024-12-04
OBS-00005954,PT-001037,ENC-0002963,4548-4,Hemoglobin A1c,5.1,%,2025-03-19
OBS-00005955,PT-001037,ENC-0002963,8480-6,Systolic blood pressure,179.7,mmHg,2025-03-19
OBS-00005956,PT-001037,ENC-0002963,8462-4,Diastolic blood pressure,75.9,mmHg,2025-03-19
OBS-00005957,PT-001037,ENC-0002964,2339-0,Glucose,112.9,mg/dL,2025-10-01
OBS-00005958,PT-001037,ENC-0002964,8480-6,Systolic blood pressure,152.1,mmHg,2025-10-01
OBS-00005959,PT-001037,ENC-0002965,718-7,Hemoglobin,13.3,g/dL,2026-01-10
OBS-00005960,PT-001037,ENC-0002965,4548-4,Hemoglobin A1c,6.3,%,2026-01-10
OBS-00005961,PT-001038,ENC-0002966,4548-4,Hemoglobin A1c,10.1,%,2025-09-14
OBS-00005962,PT-001038,ENC-0002966,2339-0,Glucose,248.4,mg/dL,2025-09-14
OBS-00005963,PT-001039,ENC-0002967,2339-0,Glucose,71.9,mg/dL,2026-05-27
OBS-00005964,PT-001039,ENC-0002967,718-7,Hemoglobin,16.0,g/dL,2026-05-27
OBS-00005965,PT-001039,ENC-0002967,718-7,Hemoglobin,12.0,g/dL,2026-05-27
OBS-00005966,PT-001039,ENC-0002968,718-7,Hemoglobin,12.4,g/dL,2025-05-15
OBS-00005967,PT-001039,ENC-0002968,718-7,Hemoglobin,11.0,g/dL,2025-05-15
OBS-00005968,PT-001040,ENC-0002969,8462-4,Diastolic blood pressure,90.3,mmHg,2024-11-09
OBS-00005969,PT-001041,ENC-0002970,8480-6,Systolic blood pressure,160.9,mmHg,2024-12-08
OBS-00005970,PT-001041,ENC-0002970,8462-4,Diastolic blood pressure,68.4,mmHg,2024-12-08
OBS-00005971,PT-001041,ENC-0002971,2160-0,Creatinine,2.9,mg/dL,2025-02-16
OBS-00005972,PT-001041,ENC-0002971,718-7,Hemoglobin,16.5,g/dL,2025-02-16
OBS-00005973,PT-001041,ENC-0002971,8462-4,Diastolic blood pressure,66.5,mmHg,2025-02-16
OBS-00005974,PT-001041,ENC-0002972,2339-0,Glucose,149.2,mg/dL,2026-08-13
OBS-00005975,PT-001041,ENC-0002972,718-7,Hemoglobin,14.1,g/dL,2026-08-13
OBS-00005976,PT-001041,ENC-0002972,8462-4,Diastolic blood pressure,69.1,mmHg,2026-08-13
OBS-00005977,PT-001041,ENC-0002973,718-7,Hemoglobin,8.2,g/dL,2025-09-03
OBS-00005978,PT-001041,ENC-0002974,2160-0,Creatinine,1.1,mg/dL,2025-12-29
OBS-00005979,PT-001041,ENC-0002974,718-7,Hemoglobin,10.9,g/dL,2025-12-29
OBS-00005980,PT-001041,ENC-0002975,8462-4,Diastolic blood pressure,95.8,mmHg,2025-08-18
OBS-00005981,PT-001041,ENC-0002975,8462-4,Diastolic blood pressure,58.5,mmHg,2025-08-18
OBS-00005982,PT-001041,ENC-0002975,718-7,Hemoglobin,14.0,g/dL,2025-08-18
OBS-00005983,PT-001042,ENC-0002976,8462-4,Diastolic blood pressure,56.2,mmHg,2025-08-01
OBS-00005984,PT-001042,ENC-0002976,718-7,Hemoglobin,14.3,g/dL,2025-08-01
OBS-00005985,PT-001043,ENC-0002977,8462-4,Diastolic blood pressure,73.8,mmHg,2026-06-24
OBS-00005986,PT-001043,ENC-0002977,8462-4,Diastolic blood pressure,100.4,mmHg,2026-06-24
OBS-00005987,PT-001043,ENC-0002977,4548-4,Hemoglobin A1c,9.8,%,2026-06-24
OBS-00005988,PT-001043,ENC-0002978,2339-0,Glucose,315.7,mg/dL,2026-05-17
OBS-00005989,PT-001043,ENC-0002979,2160-0,Creatinine,4.4,mg/dL,2026-02-01
OBS-00005990,PT-001043,ENC-0002979,2160-0,Creatinine,1.1,mg/dL,2026-02-01
OBS-00005991,PT-001043,ENC-0002980,718-7,Hemoglobin,15.5,g/dL,2025-01-12
OBS-00005992,PT-001044,ENC-0002981,2339-0,Glucose,257.6,mg/dL,2025-05-03
OBS-00005993,PT-001044,ENC-0002981,4548-4,Hemoglobin A1c,11.5,%,2025-05-03
OBS-00005994,PT-001044,ENC-0002982,2339-0,Glucose,121.4,mg/dL,2026-03-22
OBS-00005995,PT-001044,ENC-0002982,2339-0,Glucose,297.8,mg/dL,2026-03-22
OBS-00005996,PT-001044,ENC-0002982,2160-0,Creatinine,2.3,mg/dL,2026-03-22
OBS-00005997,PT-001044,ENC-0002983,2339-0,Glucose,106.3,mg/dL,2025-03-29
OBS-00005998,PT-001044,ENC-0002983,718-7,Hemoglobin,8.4,g/dL,2025-03-29
OBS-00005999,PT-001044,ENC-0002983,2160-0,Creatinine,2.4,mg/dL,2025-03-29
OBS-00006000,PT-001044,ENC-0002984,4548-4,Hemoglobin A1c,9.4,%,2025-07-15
OBS-00006001,PT-001045,ENC-0002985,2160-0,Creatinine,1.6,mg/dL,2025-12-06
OBS-00006002,PT-001045,ENC-0002986,8462-4,Diastolic blood pressure,80.1,mmHg,2025-02-01
OBS-00006003,PT-001045,ENC-0002986,2339-0,Glucose,166.3,mg/dL,2025-02-01
OBS-00006004,PT-001045,ENC-0002987,8462-4,Diastolic blood pressure,84.6,mmHg,2024-11-21
OBS-00006005,PT-001045,ENC-0002987,718-7,Hemoglobin,8.3,g/dL,2024-11-21
OBS-00006006,PT-001045,ENC-0002988,2160-0,Creatinine,1.9,mg/dL,2025-03-03
OBS-00006007,PT-001045,ENC-0002988,2160-0,Creatinine,1.1,mg/dL,2025-03-03
OBS-00006008,PT-001045,ENC-0002988,718-7,Hemoglobin,12.7,g/dL,2025-03-03
OBS-00006009,PT-001045,ENC-0002989,718-7,Hemoglobin,12.5,g/dL,2026-08-04
OBS-00006010,PT-001045,ENC-0002989,8462-4,Diastolic blood pressure,62.2,mmHg,2026-08-04
OBS-00006011,PT-001045,ENC-0002989,2160-0,Creatinine,1.1,mg/dL,2026-08-04
OBS-00006012,PT-001046,ENC-0002990,4548-4,Hemoglobin A1c,9.9,%,2025-08-30
OBS-00006013,PT-001046,ENC-0002990,718-7,Hemoglobin,11.8,g/dL,2025-08-30
OBS-00006014,PT-001046,ENC-0002991,2160-0,Creatinine,3.7,mg/dL,2026-03-28
OBS-00006015,PT-001046,ENC-0002991,8462-4,Diastolic blood pressure,79.9,mmHg,2026-03-28
OBS-00006016,PT-001046,ENC-0002992,718-7,Hemoglobin,13.3,g/dL,2025-08-02
OBS-00006017,PT-001046,ENC-0002992,718-7,Hemoglobin,15.5,g/dL,2025-08-02
OBS-00006018,PT-001046,ENC-0002992,4548-4,Hemoglobin A1c,12.1,%,2025-08-02
OBS-00006019,PT-001047,ENC-0002993,2160-0,Creatinine,3.3,mg/dL,2024-12-30
OBS-00006020,PT-001047,ENC-0002993,4548-4,Hemoglobin A1c,12.0,%,2024-12-30
OBS-00006021,PT-001047,ENC-0002994,4548-4,Hemoglobin A1c,9.8,%,2026-04-20
OBS-00006022,PT-001047,ENC-0002994,4548-4,Hemoglobin A1c,8.2,%,2026-04-20
OBS-00006023,PT-001048,ENC-0002995,2339-0,Glucose,297.7,mg/dL,2025-11-21
OBS-00006024,PT-001048,ENC-0002995,8462-4,Diastolic blood pressure,81.7,mmHg,2025-11-21
OBS-00006025,PT-001048,ENC-0002995,8480-6,Systolic blood pressure,117.8,mmHg,2025-11-21
OBS-00006026,PT-001049,ENC-0002996,4548-4,Hemoglobin A1c,11.1,%,2026-07-01
OBS-00006027,PT-001049,ENC-0002997,8462-4,Diastolic blood pressure,107.4,mmHg,2025-10-25
OBS-00006028,PT-001049,ENC-0002997,8462-4,Diastolic blood pressure,78.7,mmHg,2025-10-25
OBS-00006029,PT-001050,ENC-0002998,2339-0,Glucose,137.9,mg/dL,2025-10-04
OBS-00006030,PT-001050,ENC-0002998,2339-0,Glucose,179.9,mg/dL,2025-10-04
OBS-00006031,PT-001050,ENC-0002999,2339-0,Glucose,92.5,mg/dL,2025-02-12
OBS-00006032,PT-001050,ENC-0002999,2160-0,Creatinine,2.9,mg/dL,2025-02-12
OBS-00006033,PT-001050,ENC-0002999,8480-6,Systolic blood pressure,105.0,mmHg,2025-02-12
OBS-00006034,PT-001051,ENC-0003000,2339-0,Glucose,94.0,mg/dL,2025-01-11
OBS-00006035,PT-001051,ENC-0003000,8462-4,Diastolic blood pressure,56.5,mmHg,2025-01-11
OBS-00006036,PT-001051,ENC-0003001,2160-0,Creatinine,1.1,mg/dL,2025-12-12
OBS-00006037,PT-001051,ENC-0003001,8480-6,Systolic blood pressure,169.3,mmHg,2025-12-12
OBS-00006038,PT-001051,ENC-0003001,8462-4,Diastolic blood pressure,62.0,mmHg,2025-12-12
OBS-00006039,PT-001052,ENC-0003002,4548-4,Hemoglobin A1c,8.1,%,2025-05-19
OBS-00006040,PT-001052,ENC-0003003,8462-4,Diastolic blood pressure,63.3,mmHg,2025-04-09
OBS-00006041,PT-001052,ENC-0003003,718-7,Hemoglobin,11.9,g/dL,2025-04-09
OBS-00006042,PT-001052,ENC-0003004,8462-4,Diastolic blood pressure,93.2,mmHg,2026-02-28
OBS-00006043,PT-001052,ENC-0003004,2339-0,Glucose,120.7,mg/dL,2026-02-28
OBS-00006044,PT-001052,ENC-0003004,8480-6,Systolic blood pressure,121.1,mmHg,2026-02-28
OBS-00006045,PT-001053,ENC-0003005,4548-4,Hemoglobin A1c,10.1,%,2025-09-14
OBS-00006046,PT-001053,ENC-0003005,2339-0,Glucose,118.5,mg/dL,2025-09-14
OBS-00006047,PT-001053,ENC-0003005,718-7,Hemoglobin,17.0,g/dL,2025-09-14
OBS-00006048,PT-001054,ENC-0003006,2160-0,Creatinine,2.0,mg/dL,2024-09-26
OBS-00006049,PT-001054,ENC-0003007,8462-4,Diastolic blood pressure,106.1,mmHg,2024-10-24
OBS-00006050,PT-001054,ENC-0003008,4548-4,Hemoglobin A1c,9.7,%,2025-10-04
OBS-00006051,PT-001054,ENC-0003008,8462-4,Diastolic blood pressure,106.6,mmHg,2025-10-04
OBS-00006052,PT-001054,ENC-0003008,8462-4,Diastolic blood pressure,56.2,mmHg,2025-10-04
OBS-00006053,PT-001054,ENC-0003009,8462-4,Diastolic blood pressure,62.5,mmHg,2026-05-23
OBS-00006054,PT-001054,ENC-0003009,2160-0,Creatinine,3.5,mg/dL,2026-05-23
OBS-00006055,PT-001055,ENC-0003010,2339-0,Glucose,303.1,mg/dL,2025-12-07
OBS-00006056,PT-001055,ENC-0003010,2339-0,Glucose,196.7,mg/dL,2025-12-07
OBS-00006057,PT-001055,ENC-0003011,8462-4,Diastolic blood pressure,83.3,mmHg,2025-08-11
OBS-00006058,PT-001056,ENC-0003012,8480-6,Systolic blood pressure,169.6,mmHg,2025-01-16
OBS-00006059,PT-001056,ENC-0003013,2160-0,Creatinine,3.3,mg/dL,2026-05-20
OBS-00006060,PT-001056,ENC-0003014,2160-0,Creatinine,4.4,mg/dL,2025-07-17
OBS-00006061,PT-001056,ENC-0003015,718-7,Hemoglobin,10.9,g/dL,2026-07-16
OBS-00006062,PT-001057,ENC-0003016,718-7,Hemoglobin,16.2,g/dL,2025-03-12
OBS-00006063,PT-001057,ENC-0003016,8462-4,Diastolic blood pressure,98.5,mmHg,2025-03-12
OBS-00006064,PT-001057,ENC-0003017,718-7,Hemoglobin,15.1,g/dL,2025-04-01
OBS-00006065,PT-001057,ENC-0003018,8462-4,Diastolic blood pressure,97.5,mmHg,2025-04-20
OBS-00006066,PT-001057,ENC-0003018,8480-6,Systolic blood pressure,143.4,mmHg,2025-04-20
OBS-00006067,PT-001058,ENC-0003019,8480-6,Systolic blood pressure,160.2,mmHg,2025-12-14
OBS-00006068,PT-001058,ENC-0003020,4548-4,Hemoglobin A1c,8.0,%,2025-02-21
OBS-00006069,PT-001058,ENC-0003021,718-7,Hemoglobin,12.8,g/dL,2025-11-21
OBS-00006070,PT-001058,ENC-0003021,4548-4,Hemoglobin A1c,6.0,%,2025-11-21
OBS-00006071,PT-001058,ENC-0003021,4548-4,Hemoglobin A1c,9.3,%,2025-11-21
OBS-00006072,PT-001058,ENC-0003022,2339-0,Glucose,290.6,mg/dL,2025-07-11
OBS-00006073,PT-001058,ENC-0003022,8462-4,Diastolic blood pressure,109.0,mmHg,2025-07-11
OBS-00006074,PT-001059,ENC-0003023,718-7,Hemoglobin,13.8,g/dL,2025-11-18
OBS-00006075,PT-001059,ENC-0003023,718-7,Hemoglobin,9.6,g/dL,2025-11-18
OBS-00006076,PT-001059,ENC-0003023,2160-0,Creatinine,1.3,mg/dL,2025-11-18
OBS-00006077,PT-001059,ENC-0003024,8462-4,Diastolic blood pressure,91.1,mmHg,2025-07-23
OBS-00006078,PT-001059,ENC-0003025,2160-0,Creatinine,3.3,mg/dL,2025-12-19
OBS-00006079,PT-001060,ENC-0003026,2339-0,Glucose,146.3,mg/dL,2025-11-25
OBS-00006080,PT-001060,ENC-0003026,8462-4,Diastolic blood pressure,98.9,mmHg,2025-11-25
OBS-00006081,PT-001060,ENC-0003026,4548-4,Hemoglobin A1c,11.1,%,2025-11-25
OBS-00006082,PT-001061,ENC-0003027,4548-4,Hemoglobin A1c,7.0,%,2026-03-23
OBS-00006083,PT-001061,ENC-0003027,2339-0,Glucose,290.4,mg/dL,2026-03-23
OBS-00006084,PT-001061,ENC-0003027,2339-0,Glucose,183.5,mg/dL,2026-03-23
OBS-00006085,PT-001061,ENC-0003028,4548-4,Hemoglobin A1c,6.0,%,2025-03-18
OBS-00006086,PT-001061,ENC-0003028,4548-4,Hemoglobin A1c,6.7,%,2025-03-18
OBS-00006087,PT-001061,ENC-0003029,718-7,Hemoglobin,8.7,g/dL,2026-05-19
OBS-00006088,PT-001062,ENC-0003030,8480-6,Systolic blood pressure,160.5,mmHg,2025-12-22
OBS-00006089,PT-001062,ENC-0003031,4548-4,Hemoglobin A1c,7.2,%,2025-12-19
OBS-00006090,PT-001062,ENC-0003031,2160-0,Creatinine,4.1,mg/dL,2025-12-19
OBS-00006091,PT-001062,ENC-0003031,718-7,Hemoglobin,10.7,g/dL,2025-12-19
OBS-00006092,PT-001062,ENC-0003032,4548-4,Hemoglobin A1c,5.9,%,2026-01-17
OBS-00006093,PT-001062,ENC-0003032,8480-6,Systolic blood pressure,134.5,mmHg,2026-01-17
OBS-00006094,PT-001062,ENC-0003033,2339-0,Glucose,85.4,mg/dL,2026-06-21
OBS-00006095,PT-001062,ENC-0003034,718-7,Hemoglobin,14.6,g/dL,2025-10-18
OBS-00006096,PT-001062,ENC-0003035,8480-6,Systolic blood pressure,143.7,mmHg,2025-11-01
OBS-00006097,PT-001062,ENC-0003035,718-7,Hemoglobin,15.4,g/dL,2025-11-01
OBS-00006098,PT-001063,ENC-0003036,718-7,Hemoglobin,12.0,g/dL,2026-03-25
OBS-00006099,PT-001063,ENC-0003037,2339-0,Glucose,105.3,mg/dL,2024-09-29
OBS-00006100,PT-001063,ENC-0003037,8462-4,Diastolic blood pressure,109.6,mmHg,2024-09-29
OBS-00006101,PT-001063,ENC-0003037,8462-4,Diastolic blood pressure,65.9,mmHg,2024-09-29
OBS-00006102,PT-001063,ENC-0003038,8480-6,Systolic blood pressure,178.1,mmHg,2025-11-11
OBS-00006103,PT-001063,ENC-0003039,718-7,Hemoglobin,13.4,g/dL,2026-07-10
OBS-00006104,PT-001064,ENC-0003040,2339-0,Glucose,107.1,mg/dL,2025-09-15
OBS-00006105,PT-001064,ENC-0003040,4548-4,Hemoglobin A1c,9.8,%,2025-09-15
OBS-00006106,PT-001064,ENC-0003040,718-7,Hemoglobin,10.4,g/dL,2025-09-15
OBS-00006107,PT-001064,ENC-0003041,8462-4,Diastolic blood pressure,70.4,mmHg,2025-03-19
OBS-00006108,PT-001064,ENC-0003041,2160-0,Creatinine,3.4,mg/dL,2025-03-19
OBS-00006109,PT-001065,ENC-0003042,8462-4,Diastolic blood pressure,86.0,mmHg,2025-10-20
OBS-00006110,PT-001065,ENC-0003042,2160-0,Creatinine,2.5,mg/dL,2025-10-20
OBS-00006111,PT-001065,ENC-0003042,718-7,Hemoglobin,9.2,g/dL,2025-10-20
OBS-00006112,PT-001066,ENC-0003043,4548-4,Hemoglobin A1c,5.8,%,2025-03-15
OBS-00006113,PT-001066,ENC-0003044,4548-4,Hemoglobin A1c,10.0,%,2024-10-10
OBS-00006114,PT-001066,ENC-0003045,8462-4,Diastolic blood pressure,82.0,mmHg,2026-06-29
OBS-00006115,PT-001067,ENC-0003046,4548-4,Hemoglobin A1c,12.1,%,2025-04-29
OBS-00006116,PT-001067,ENC-0003046,2339-0,Glucose,307.0,mg/dL,2025-04-29
OBS-00006117,PT-001068,ENC-0003047,8480-6,Systolic blood pressure,127.9,mmHg,2026-07-12
OBS-00006118,PT-001068,ENC-0003047,2339-0,Glucose,100.1,mg/dL,2026-07-12
OBS-00006119,PT-001068,ENC-0003047,2160-0,Creatinine,3.8,mg/dL,2026-07-12
OBS-00006120,PT-001068,ENC-0003048,2339-0,Glucose,109.8,mg/dL,2024-11-21
OBS-00006121,PT-001068,ENC-0003048,4548-4,Hemoglobin A1c,7.7,%,2024-11-21
OBS-00006122,PT-001068,ENC-0003049,4548-4,Hemoglobin A1c,10.6,%,2026-04-11
OBS-00006123,PT-001068,ENC-0003049,8462-4,Diastolic blood pressure,62.8,mmHg,2026-04-11
OBS-00006124,PT-001068,ENC-0003050,718-7,Hemoglobin,13.4,g/dL,2026-09-13
OBS-00006125,PT-001068,ENC-0003050,2339-0,Glucose,78.4,mg/dL,2026-09-13
OBS-00006126,PT-001069,ENC-0003051,8480-6,Systolic blood pressure,104.4,mmHg,2026-01-20
OBS-00006127,PT-001070,ENC-0003052,4548-4,Hemoglobin A1c,8.1,%,2025-08-20
OBS-00006128,PT-001070,ENC-0003052,8462-4,Diastolic blood pressure,57.5,mmHg,2025-08-20
OBS-00006129,PT-001070,ENC-0003052,718-7,Hemoglobin,9.3,g/dL,2025-08-20
OBS-00006130,PT-001071,ENC-0003053,4548-4,Hemoglobin A1c,7.9,%,2026-05-02
OBS-00006131,PT-001071,ENC-0003053,8480-6,Systolic blood pressure,142.1,mmHg,2026-05-02
OBS-00006132,PT-001071,ENC-0003053,718-7,Hemoglobin,16.5,g/dL,2026-05-02
OBS-00006133,PT-001072,ENC-0003054,2160-0,Creatinine,2.5,mg/dL,2026-04-17
OBS-00006134,PT-001072,ENC-0003055,2339-0,Glucose,116.0,mg/dL,2026-02-08
OBS-00006135,PT-001072,ENC-0003055,8462-4,Diastolic blood pressure,79.3,mmHg,2026-02-08
OBS-00006136,PT-001073,ENC-0003056,4548-4,Hemoglobin A1c,10.2,%,2025-03-06
OBS-00006137,PT-001073,ENC-0003056,718-7,Hemoglobin,16.2,g/dL,2025-03-06
OBS-00006138,PT-001073,ENC-0003056,2160-0,Creatinine,3.1,mg/dL,2025-03-06
OBS-00006139,PT-001073,ENC-0003057,2160-0,Creatinine,0.8,mg/dL,2025-05-09
OBS-00006140,PT-001073,ENC-0003057,2339-0,Glucose,118.1,mg/dL,2025-05-09
OBS-00006141,PT-001073,ENC-0003057,2339-0,Glucose,98.6,mg/dL,2025-05-09
OBS-00006142,PT-001073,ENC-0003058,8480-6,Systolic blood pressure,143.0,mmHg,2026-07-26
OBS-00006143,PT-001074,ENC-0003059,2339-0,Glucose,158.1,mg/dL,2026-08-18
OBS-00006144,PT-001074,ENC-0003059,4548-4,Hemoglobin A1c,8.6,%,2026-08-18
OBS-00006145,PT-001074,ENC-0003060,2339-0,Glucose,149.1,mg/dL,2025-02-20
OBS-00006146,PT-001074,ENC-0003060,8480-6,Systolic blood pressure,125.0,mmHg,2025-02-20
OBS-00006147,PT-001074,ENC-0003060,2160-0,Creatinine,0.7,mg/dL,2025-02-20
OBS-00006148,PT-001074,ENC-0003061,4548-4,Hemoglobin A1c,10.7,%,2025-04-06
OBS-00006149,PT-001075,ENC-0003062,2160-0,Creatinine,4.0,mg/dL,2024-11-11
OBS-00006150,PT-001075,ENC-0003062,8462-4,Diastolic blood pressure,108.7,mmHg,2024-11-11
OBS-00006151,PT-001075,ENC-0003062,2160-0,Creatinine,1.6,mg/dL,2024-11-11
OBS-00006152,PT-001076,ENC-0003063,2160-0,Creatinine,4.3,mg/dL,2026-01-24
OBS-00006153,PT-001076,ENC-0003063,718-7,Hemoglobin,15.0,g/dL,2026-01-24
OBS-00006154,PT-001076,ENC-0003063,4548-4,Hemoglobin A1c,8.9,%,2026-01-24
OBS-00006155,PT-001076,ENC-0003064,2339-0,Glucose,297.7,mg/dL,2026-05-18
OBS-00006156,PT-001076,ENC-0003064,2160-0,Creatinine,3.9,mg/dL,2026-05-18
OBS-00006157,PT-001076,ENC-0003065,718-7,Hemoglobin,15.2,g/dL,2025-11-16
OBS-00006158,PT-001076,ENC-0003066,2339-0,Glucose,256.2,mg/dL,2026-01-12
OBS-00006159,PT-001076,ENC-0003067,718-7,Hemoglobin,13.4,g/dL,2025-01-07
OBS-00006160,PT-001076,ENC-0003067,718-7,Hemoglobin,13.9,g/dL,2025-01-07
OBS-00006161,PT-001077,ENC-0003068,2160-0,Creatinine,2.0,mg/dL,2025-01-07
OBS-00006162,PT-001077,ENC-0003069,2160-0,Creatinine,2.0,mg/dL,2024-12-19
OBS-00006163,PT-001077,ENC-0003069,2160-0,Creatinine,1.0,mg/dL,2024-12-19
OBS-00006164,PT-001077,ENC-0003070,8480-6,Systolic blood pressure,151.1,mmHg,2026-09-15
OBS-00006165,PT-001077,ENC-0003070,2339-0,Glucose,316.5,mg/dL,2026-09-15
OBS-00006166,PT-001077,ENC-0003071,4548-4,Hemoglobin A1c,4.8,%,2025-02-08
OBS-00006167,PT-001077,ENC-0003071,8462-4,Diastolic blood pressure,83.2,mmHg,2025-02-08
OBS-00006168,PT-001077,ENC-0003072,2339-0,Glucose,114.0,mg/dL,2025-09-18
OBS-00006169,PT-001077,ENC-0003072,2339-0,Glucose,112.9,mg/dL,2025-09-18
OBS-00006170,PT-001077,ENC-0003072,8480-6,Systolic blood pressure,129.0,mmHg,2025-09-18
OBS-00006171,PT-001078,ENC-0003073,718-7,Hemoglobin,13.0,g/dL,2025-02-21
OBS-00006172,PT-001078,ENC-0003073,8462-4,Diastolic blood pressure,89.7,mmHg,2025-02-21
OBS-00006173,PT-001078,ENC-0003074,2160-0,Creatinine,2.3,mg/dL,2026-06-16
OBS-00006174,PT-001078,ENC-0003074,8480-6,Systolic blood pressure,111.5,mmHg,2026-06-16
OBS-00006175,PT-001078,ENC-0003074,2339-0,Glucose,179.7,mg/dL,2026-06-16
OBS-00006176,PT-001079,ENC-0003075,8480-6,Systolic blood pressure,103.2,mmHg,2025-11-23
OBS-00006177,PT-001079,ENC-0003075,4548-4,Hemoglobin A1c,8.6,%,2025-11-23
OBS-00006178,PT-001079,ENC-0003075,8480-6,Systolic blood pressure,157.5,mmHg,2025-11-23
OBS-00006179,PT-001079,ENC-0003076,8480-6,Systolic blood pressure,145.9,mmHg,2025-10-06
OBS-00006180,PT-001079,ENC-0003076,8480-6,Systolic blood pressure,147.1,mmHg,2025-10-06
OBS-00006181,PT-001079,ENC-0003076,2160-0,Creatinine,3.4,mg/dL,2025-10-06
OBS-00006182,PT-001080,ENC-0003077,2160-0,Creatinine,2.7,mg/dL,2026-02-28
OBS-00006183,PT-001080,ENC-0003077,4548-4,Hemoglobin A1c,11.3,%,2026-02-28
OBS-00006184,PT-001080,ENC-0003078,8480-6,Systolic blood pressure,137.7,mmHg,2025-12-21
OBS-00006185,PT-001080,ENC-0003078,8462-4,Diastolic blood pressure,83.7,mmHg,2025-12-21
OBS-00006186,PT-001081,ENC-0003079,2339-0,Glucose,308.4,mg/dL,2025-04-14
OBS-00006187,PT-001082,ENC-0003080,2160-0,Creatinine,2.7,mg/dL,2025-04-15
OBS-00006188,PT-001082,ENC-0003080,2339-0,Glucose,305.4,mg/dL,2025-04-15
OBS-00006189,PT-001082,ENC-0003080,4548-4,Hemoglobin A1c,9.0,%,2025-04-15
OBS-00006190,PT-001082,ENC-0003081,4548-4,Hemoglobin A1c,7.9,%,2025-08-23
OBS-00006191,PT-001082,ENC-0003081,718-7,Hemoglobin,13.3,g/dL,2025-08-23
OBS-00006192,PT-001082,ENC-0003081,4548-4,Hemoglobin A1c,6.5,%,2025-08-23
OBS-00006193,PT-001082,ENC-0003082,2160-0,Creatinine,1.6,mg/dL,2025-08-31
OBS-00006194,PT-001082,ENC-0003082,2339-0,Glucose,91.0,mg/dL,2025-08-31
OBS-00006195,PT-001082,ENC-0003082,8480-6,Systolic blood pressure,161.4,mmHg,2025-08-31
OBS-00006196,PT-001083,ENC-0003083,8480-6,Systolic blood pressure,181.8,mmHg,2026-05-30
OBS-00006197,PT-001083,ENC-0003083,718-7,Hemoglobin,13.5,g/dL,2026-05-30
OBS-00006198,PT-001083,ENC-0003083,4548-4,Hemoglobin A1c,8.7,%,2026-05-30
OBS-00006199,PT-001083,ENC-0003084,8462-4,Diastolic blood pressure,89.3,mmHg,2026-07-08
OBS-00006200,PT-001083,ENC-0003084,8462-4,Diastolic blood pressure,102.4,mmHg,2026-07-08
OBS-00006201,PT-001083,ENC-0003084,718-7,Hemoglobin,16.0,g/dL,2026-07-08
OBS-00006202,PT-001083,ENC-0003085,718-7,Hemoglobin,13.3,g/dL,2026-08-30
OBS-00006203,PT-001084,ENC-0003086,718-7,Hemoglobin,16.3,g/dL,2025-12-08
OBS-00006204,PT-001084,ENC-0003086,2160-0,Creatinine,0.6,mg/dL,2025-12-08
OBS-00006205,PT-001084,ENC-0003087,2160-0,Creatinine,1.9,mg/dL,2025-04-29
OBS-00006206,PT-001084,ENC-0003087,2339-0,Glucose,276.0,mg/dL,2025-04-29
OBS-00006207,PT-001085,ENC-0003088,2339-0,Glucose,100.5,mg/dL,2025-06-17
OBS-00006208,PT-001085,ENC-0003088,8462-4,Diastolic blood pressure,59.2,mmHg,2025-06-17
OBS-00006209,PT-001085,ENC-0003088,8480-6,Systolic blood pressure,168.4,mmHg,2025-06-17
OBS-00006210,PT-001085,ENC-0003089,8480-6,Systolic blood pressure,181.4,mmHg,2026-02-13
OBS-00006211,PT-001085,ENC-0003090,8462-4,Diastolic blood pressure,64.5,mmHg,2025-08-19
OBS-00006212,PT-001085,ENC-0003090,8480-6,Systolic blood pressure,106.8,mmHg,2025-08-19
OBS-00006213,PT-001085,ENC-0003091,718-7,Hemoglobin,8.5,g/dL,2026-06-03
OBS-00006214,PT-001085,ENC-0003091,8462-4,Diastolic blood pressure,70.8,mmHg,2026-06-03
OBS-00006215,PT-001085,ENC-0003092,8480-6,Systolic blood pressure,118.2,mmHg,2025-11-15
OBS-00006216,PT-001085,ENC-0003092,8462-4,Diastolic blood pressure,76.0,mmHg,2025-11-15
OBS-00006217,PT-001086,ENC-0003093,2339-0,Glucose,177.7,mg/dL,2026-03-09
OBS-00006218,PT-001086,ENC-0003094,718-7,Hemoglobin,14.5,g/dL,2025-05-05
OBS-00006219,PT-001086,ENC-0003094,4548-4,Hemoglobin A1c,6.0,%,2025-05-05
OBS-00006220,PT-001087,ENC-0003095,2339-0,Glucose,250.9,mg/dL,2025-05-14
OBS-00006221,PT-001087,ENC-0003095,8462-4,Diastolic blood pressure,64.3,mmHg,2025-05-14
OBS-00006222,PT-001087,ENC-0003096,2160-0,Creatinine,1.0,mg/dL,2026-01-29
OBS-00006223,PT-001087,ENC-0003096,4548-4,Hemoglobin A1c,10.3,%,2026-01-29
OBS-00006224,PT-001087,ENC-0003097,8480-6,Systolic blood pressure,163.6,mmHg,2024-11-30
OBS-00006225,PT-001087,ENC-0003097,8480-6,Systolic blood pressure,109.0,mmHg,2024-11-30
OBS-00006226,PT-001087,ENC-0003097,4548-4,Hemoglobin A1c,8.1,%,2024-11-30
OBS-00006227,PT-001088,ENC-0003098,2160-0,Creatinine,4.5,mg/dL,2025-10-30
OBS-00006228,PT-001088,ENC-0003098,2160-0,Creatinine,1.6,mg/dL,2025-10-30
OBS-00006229,PT-001088,ENC-0003098,8480-6,Systolic blood pressure,103.1,mmHg,2025-10-30
OBS-00006230,PT-001088,ENC-0003099,718-7,Hemoglobin,9.5,g/dL,2026-05-16
OBS-00006231,PT-001088,ENC-0003099,8480-6,Systolic blood pressure,136.3,mmHg,2026-05-16
OBS-00006232,PT-001088,ENC-0003099,2339-0,Glucose,286.1,mg/dL,2026-05-16
OBS-00006233,PT-001088,ENC-0003100,2160-0,Creatinine,4.2,mg/dL,2025-12-10
OBS-00006234,PT-001088,ENC-0003100,8462-4,Diastolic blood pressure,75.2,mmHg,2025-12-10
OBS-00006235,PT-001088,ENC-0003101,4548-4,Hemoglobin A1c,8.6,%,2025-06-26
OBS-00006236,PT-001088,ENC-0003101,718-7,Hemoglobin,15.1,g/dL,2025-06-26
OBS-00006237,PT-001088,ENC-0003101,8462-4,Diastolic blood pressure,80.1,mmHg,2025-06-26
OBS-00006238,PT-001088,ENC-0003102,4548-4,Hemoglobin A1c,10.4,%,2024-11-17
OBS-00006239,PT-001088,ENC-0003102,2160-0,Creatinine,0.8,mg/dL,2024-11-17
OBS-00006240,PT-001088,ENC-0003102,718-7,Hemoglobin,12.2,g/dL,2024-11-17
OBS-00006241,PT-001089,ENC-0003103,2339-0,Glucose,255.8,mg/dL,2025-09-29
OBS-00006242,PT-001089,ENC-0003103,2339-0,Glucose,274.0,mg/dL,2025-09-29
OBS-00006243,PT-001089,ENC-0003104,8462-4,Diastolic blood pressure,90.6,mmHg,2025-11-27
OBS-00006244,PT-001090,ENC-0003105,4548-4,Hemoglobin A1c,5.9,%,2026-07-17
OBS-00006245,PT-001090,ENC-0003105,2160-0,Creatinine,3.5,mg/dL,2026-07-17
OBS-00006246,PT-001090,ENC-0003106,8462-4,Diastolic blood pressure,91.3,mmHg,2025-11-22
OBS-00006247,PT-001090,ENC-0003106,2339-0,Glucose,192.2,mg/dL,2025-11-22
OBS-00006248,PT-001090,ENC-0003106,2160-0,Creatinine,1.0,mg/dL,2025-11-22
OBS-00006249,PT-001091,ENC-0003107,8480-6,Systolic blood pressure,142.2,mmHg,2026-08-31
OBS-00006250,PT-001091,ENC-0003107,8480-6,Systolic blood pressure,132.1,mmHg,2026-08-31
OBS-00006251,PT-001091,ENC-0003107,718-7,Hemoglobin,14.6,g/dL,2026-08-31
OBS-00006252,PT-001092,ENC-0003108,2160-0,Creatinine,2.4,mg/dL,2025-10-15
OBS-00006253,PT-001092,ENC-0003108,8480-6,Systolic blood pressure,148.8,mmHg,2025-10-15
OBS-00006254,PT-001092,ENC-0003109,8462-4,Diastolic blood pressure,106.4,mmHg,2025-05-30
OBS-00006255,PT-001092,ENC-0003109,718-7,Hemoglobin,13.0,g/dL,2025-05-30
OBS-00006256,PT-001092,ENC-0003110,4548-4,Hemoglobin A1c,9.0,%,2025-12-02
OBS-00006257,PT-001093,ENC-0003111,718-7,Hemoglobin,8.6,g/dL,2026-02-07
OBS-00006258,PT-001093,ENC-0003111,718-7,Hemoglobin,15.1,g/dL,2026-02-07
OBS-00006259,PT-001093,ENC-0003112,8480-6,Systolic blood pressure,100.1,mmHg,2024-12-27
OBS-00006260,PT-001093,ENC-0003112,718-7,Hemoglobin,12.4,g/dL,2024-12-27
OBS-00006261,PT-001093,ENC-0003112,718-7,Hemoglobin,14.6,g/dL,2024-12-27
OBS-00006262,PT-001094,ENC-0003113,2160-0,Creatinine,3.3,mg/dL,2025-01-25
OBS-00006263,PT-001094,ENC-0003113,2160-0,Creatinine,1.9,mg/dL,2025-01-25
OBS-00006264,PT-001094,ENC-0003113,2160-0,Creatinine,1.1,mg/dL,2025-01-25
OBS-00006265,PT-001094,ENC-0003114,2339-0,Glucose,319.4,mg/dL,2025-07-12
OBS-00006266,PT-001094,ENC-0003115,8462-4,Diastolic blood pressure,93.6,mmHg,2025-01-25
OBS-00006267,PT-001094,ENC-0003115,718-7,Hemoglobin,9.0,g/dL,2025-01-25
OBS-00006268,PT-001095,ENC-0003116,718-7,Hemoglobin,8.3,g/dL,2026-05-22
OBS-00006269,PT-001095,ENC-0003116,8480-6,Systolic blood pressure,99.3,mmHg,2026-05-22
OBS-00006270,PT-001095,ENC-0003117,8462-4,Diastolic blood pressure,61.8,mmHg,2026-07-31
OBS-00006271,PT-001095,ENC-0003117,8462-4,Diastolic blood pressure,83.6,mmHg,2026-07-31
OBS-00006272,PT-001095,ENC-0003118,2160-0,Creatinine,1.5,mg/dL,2024-12-12
OBS-00006273,PT-001095,ENC-0003118,4548-4,Hemoglobin A1c,11.4,%,2024-12-12
OBS-00006274,PT-001095,ENC-0003118,2339-0,Glucose,266.8,mg/dL,2024-12-12
OBS-00006275,PT-001096,ENC-0003119,8480-6,Systolic blood pressure,159.6,mmHg,2026-05-03
OBS-00006276,PT-001096,ENC-0003120,2339-0,Glucose,268.9,mg/dL,2026-03-28
OBS-00006277,PT-001096,ENC-0003120,8462-4,Diastolic blood pressure,62.2,mmHg,2026-03-28
OBS-00006278,PT-001096,ENC-0003120,2160-0,Creatinine,4.2,mg/dL,2026-03-28
OBS-00006279,PT-001096,ENC-0003121,4548-4,Hemoglobin A1c,6.9,%,2026-03-20
OBS-00006280,PT-001097,ENC-0003122,8462-4,Diastolic blood pressure,99.4,mmHg,2024-12-01
OBS-00006281,PT-001097,ENC-0003123,718-7,Hemoglobin,13.6,g/dL,2025-05-07
OBS-00006282,PT-001098,ENC-0003124,8480-6,Systolic blood pressure,146.9,mmHg,2025-03-27
OBS-00006283,PT-001098,ENC-0003125,4548-4,Hemoglobin A1c,6.8,%,2026-02-24
OBS-00006284,PT-001098,ENC-0003126,4548-4,Hemoglobin A1c,6.9,%,2026-08-14
OBS-00006285,PT-001098,ENC-0003126,718-7,Hemoglobin,12.1,g/dL,2026-08-14
OBS-00006286,PT-001098,ENC-0003126,8462-4,Diastolic blood pressure,85.2,mmHg,2026-08-14
OBS-00006287,PT-001098,ENC-0003127,8462-4,Diastolic blood pressure,82.2,mmHg,2024-11-17
OBS-00006288,PT-001098,ENC-0003127,2160-0,Creatinine,0.9,mg/dL,2024-11-17
OBS-00006289,PT-001098,ENC-0003127,2339-0,Glucose,242.7,mg/dL,2024-11-17
OBS-00006290,PT-001098,ENC-0003128,4548-4,Hemoglobin A1c,6.2,%,2024-12-23
OBS-00006291,PT-001098,ENC-0003128,2339-0,Glucose,267.2,mg/dL,2024-12-23
OBS-00006292,PT-001099,ENC-0003129,4548-4,Hemoglobin A1c,10.1,%,2025-12-08
OBS-00006293,PT-001099,ENC-0003129,718-7,Hemoglobin,11.1,g/dL,2025-12-08
OBS-00006294,PT-001099,ENC-0003129,2339-0,Glucose,167.1,mg/dL,2025-12-08
OBS-00006295,PT-001099,ENC-0003130,8462-4,Diastolic blood pressure,68.6,mmHg,2026-03-27
OBS-00006296,PT-001099,ENC-0003130,8480-6,Systolic blood pressure,101.7,mmHg,2026-03-27
OBS-00006297,PT-001099,ENC-0003130,2339-0,Glucose,176.2,mg/dL,2026-03-27
OBS-00006298,PT-001099,ENC-0003131,8480-6,Systolic blood pressure,144.0,mmHg,2025-12-08
OBS-00006299,PT-001099,ENC-0003131,2339-0,Glucose,244.9,mg/dL,2025-12-08
OBS-00006300,PT-001099,ENC-0003131,2160-0,Creatinine,2.1,mg/dL,2025-12-08
OBS-00006301,PT-001099,ENC-0003132,2160-0,Creatinine,4.5,mg/dL,2024-09-24
OBS-00006302,PT-001099,ENC-0003132,8480-6,Systolic blood pressure,139.0,mmHg,2024-09-24
OBS-00006303,PT-001100,ENC-0003133,8462-4,Diastolic blood pressure,102.0,mmHg,2024-11-16
OBS-00006304,PT-001100,ENC-0003134,8462-4,Diastolic blood pressure,84.4,mmHg,2025-01-11
OBS-00006305,PT-001100,ENC-0003134,4548-4,Hemoglobin A1c,9.7,%,2025-01-11
OBS-00006306,PT-001100,ENC-0003134,2160-0,Creatinine,2.7,mg/dL,2025-01-11
OBS-00006307,PT-001100,ENC-0003135,2339-0,Glucose,145.8,mg/dL,2025-08-25
OBS-00006308,PT-001100,ENC-0003135,4548-4,Hemoglobin A1c,12.0,%,2025-08-25
OBS-00006309,PT-001101,ENC-0003136,2160-0,Creatinine,0.6,mg/dL,2026-06-16
OBS-00006310,PT-001102,ENC-0003137,718-7,Hemoglobin,9.6,g/dL,2025-10-06
OBS-00006311,PT-001102,ENC-0003137,8480-6,Systolic blood pressure,167.8,mmHg,2025-10-06
OBS-00006312,PT-001102,ENC-0003137,2339-0,Glucose,214.9,mg/dL,2025-10-06
OBS-00006313,PT-001103,ENC-0003138,4548-4,Hemoglobin A1c,6.7,%,2026-05-17
OBS-00006314,PT-001103,ENC-0003138,718-7,Hemoglobin,10.5,g/dL,2026-05-17
OBS-00006315,PT-001103,ENC-0003138,2339-0,Glucose,78.1,mg/dL,2026-05-17
OBS-00006316,PT-001104,ENC-0003139,2160-0,Creatinine,4.5,mg/dL,2024-10-27
OBS-00006317,PT-001104,ENC-0003139,8462-4,Diastolic blood pressure,62.4,mmHg,2024-10-27
OBS-00006318,PT-001104,ENC-0003139,718-7,Hemoglobin,15.1,g/dL,2024-10-27
OBS-00006319,PT-001104,ENC-0003140,718-7,Hemoglobin,15.9,g/dL,2026-08-25
OBS-00006320,PT-001104,ENC-0003141,2160-0,Creatinine,1.6,mg/dL,2024-11-17
OBS-00006321,PT-001104,ENC-0003141,2160-0,Creatinine,3.2,mg/dL,2024-11-17
OBS-00006322,PT-001104,ENC-0003141,2339-0,Glucose,289.3,mg/dL,2024-11-17
OBS-00006323,PT-001104,ENC-0003142,8480-6,Systolic blood pressure,102.1,mmHg,2026-01-26
OBS-00006324,PT-001104,ENC-0003142,2160-0,Creatinine,1.0,mg/dL,2026-01-26
OBS-00006325,PT-001104,ENC-0003143,8480-6,Systolic blood pressure,140.5,mmHg,2026-07-17
OBS-00006326,PT-001104,ENC-0003144,718-7,Hemoglobin,9.3,g/dL,2025-05-17
OBS-00006327,PT-001104,ENC-0003144,718-7,Hemoglobin,11.9,g/dL,2025-05-17
OBS-00006328,PT-001104,ENC-0003144,4548-4,Hemoglobin A1c,12.1,%,2025-05-17
OBS-00006329,PT-001104,ENC-0003145,2160-0,Creatinine,3.2,mg/dL,2026-05-16
OBS-00006330,PT-001104,ENC-0003145,2339-0,Glucose,317.2,mg/dL,2026-05-16
OBS-00006331,PT-001105,ENC-0003146,4548-4,Hemoglobin A1c,10.2,%,2025-02-27
OBS-00006332,PT-001105,ENC-0003147,8462-4,Diastolic blood pressure,92.9,mmHg,2026-02-23
OBS-00006333,PT-001105,ENC-0003147,4548-4,Hemoglobin A1c,6.0,%,2026-02-23
OBS-00006334,PT-001105,ENC-0003147,4548-4,Hemoglobin A1c,8.0,%,2026-02-23
OBS-00006335,PT-001105,ENC-0003148,4548-4,Hemoglobin A1c,6.8,%,2024-09-22
OBS-00006336,PT-001105,ENC-0003149,718-7,Hemoglobin,8.1,g/dL,2025-05-27
OBS-00006337,PT-001105,ENC-0003149,8480-6,Systolic blood pressure,151.1,mmHg,2025-05-27
OBS-00006338,PT-001106,ENC-0003150,718-7,Hemoglobin,14.2,g/dL,2026-05-11
OBS-00006339,PT-001107,ENC-0003151,2160-0,Creatinine,4.0,mg/dL,2026-01-05
OBS-00006340,PT-001108,ENC-0003152,718-7,Hemoglobin,9.9,g/dL,2026-03-28
OBS-00006341,PT-001109,ENC-0003153,8462-4,Diastolic blood pressure,83.8,mmHg,2025-01-04
OBS-00006342,PT-001109,ENC-0003153,2160-0,Creatinine,1.1,mg/dL,2025-01-04
OBS-00006343,PT-001109,ENC-0003154,718-7,Hemoglobin,15.1,g/dL,2024-11-19
OBS-00006344,PT-001109,ENC-0003154,2339-0,Glucose,249.2,mg/dL,2024-11-19
OBS-00006345,PT-001109,ENC-0003154,718-7,Hemoglobin,14.6,g/dL,2024-11-19
OBS-00006346,PT-001110,ENC-0003155,2160-0,Creatinine,2.0,mg/dL,2025-02-16
OBS-00006347,PT-001111,ENC-0003156,8462-4,Diastolic blood pressure,97.1,mmHg,2026-03-04
OBS-00006348,PT-001111,ENC-0003156,718-7,Hemoglobin,16.5,g/dL,2026-03-04
OBS-00006349,PT-001112,ENC-0003157,718-7,Hemoglobin,11.0,g/dL,2024-09-30
OBS-00006350,PT-001112,ENC-0003158,8462-4,Diastolic blood pressure,71.7,mmHg,2026-07-03
OBS-00006351,PT-001112,ENC-0003158,8480-6,Systolic blood pressure,152.0,mmHg,2026-07-03
OBS-00006352,PT-001112,ENC-0003159,718-7,Hemoglobin,9.3,g/dL,2026-04-25
OBS-00006353,PT-001112,ENC-0003159,2339-0,Glucose,277.0,mg/dL,2026-04-25
OBS-00006354,PT-001112,ENC-0003159,8480-6,Systolic blood pressure,112.7,mmHg,2026-04-25
OBS-00006355,PT-001113,ENC-0003160,2160-0,Creatinine,1.1,mg/dL,2025-11-08
OBS-00006356,PT-001113,ENC-0003160,2339-0,Glucose,138.7,mg/dL,2025-11-08
OBS-00006357,PT-001113,ENC-0003160,8480-6,Systolic blood pressure,122.2,mmHg,2025-11-08
OBS-00006358,PT-001113,ENC-0003161,8462-4,Diastolic blood pressure,103.4,mmHg,2025-01-15
OBS-00006359,PT-001113,ENC-0003161,2339-0,Glucose,227.2,mg/dL,2025-01-15
OBS-00006360,PT-001114,ENC-0003162,2160-0,Creatinine,1.6,mg/dL,2024-09-26
OBS-00006361,PT-001114,ENC-0003162,2339-0,Glucose,222.2,mg/dL,2024-09-26
OBS-00006362,PT-001114,ENC-0003162,4548-4,Hemoglobin A1c,11.4,%,2024-09-26
OBS-00006363,PT-001115,ENC-0003163,8462-4,Diastolic blood pressure,79.7,mmHg,2026-03-29
OBS-00006364,PT-001115,ENC-0003164,8462-4,Diastolic blood pressure,92.1,mmHg,2025-11-15
OBS-00006365,PT-001115,ENC-0003165,2160-0,Creatinine,3.3,mg/dL,2026-08-20
OBS-00006366,PT-001116,ENC-0003166,2339-0,Glucose,72.3,mg/dL,2026-08-15
OBS-00006367,PT-001116,ENC-0003167,8462-4,Diastolic blood pressure,83.0,mmHg,2026-05-17
OBS-00006368,PT-001117,ENC-0003168,718-7,Hemoglobin,15.9,g/dL,2025-08-14
OBS-00006369,PT-001117,ENC-0003168,718-7,Hemoglobin,15.4,g/dL,2025-08-14
OBS-00006370,PT-001117,ENC-0003168,2339-0,Glucose,89.6,mg/dL,2025-08-14
OBS-00006371,PT-001117,ENC-0003169,718-7,Hemoglobin,8.5,g/dL,2025-11-16
OBS-00006372,PT-001117,ENC-0003169,8480-6,Systolic blood pressure,99.5,mmHg,2025-11-16
OBS-00006373,PT-001117,ENC-0003170,8480-6,Systolic blood pressure,138.4,mmHg,2026-06-24
OBS-00006374,PT-001117,ENC-0003170,4548-4,Hemoglobin A1c,11.3,%,2026-06-24
OBS-00006375,PT-001117,ENC-0003170,4548-4,Hemoglobin A1c,9.1,%,2026-06-24
OBS-00006376,PT-001118,ENC-0003171,4548-4,Hemoglobin A1c,7.1,%,2026-04-03
OBS-00006377,PT-001118,ENC-0003172,4548-4,Hemoglobin A1c,5.6,%,2025-11-19
OBS-00006378,PT-001119,ENC-0003173,2339-0,Glucose,205.1,mg/dL,2025-12-28
OBS-00006379,PT-001119,ENC-0003173,718-7,Hemoglobin,14.7,g/dL,2025-12-28
OBS-00006380,PT-001119,ENC-0003174,718-7,Hemoglobin,12.6,g/dL,2026-05-17
OBS-00006381,PT-001119,ENC-0003175,4548-4,Hemoglobin A1c,5.1,%,2026-05-30
OBS-00006382,PT-001119,ENC-0003175,8462-4,Diastolic blood pressure,85.6,mmHg,2026-05-30
OBS-00006383,PT-001120,ENC-0003176,8462-4,Diastolic blood pressure,103.5,mmHg,2024-12-27
OBS-00006384,PT-001120,ENC-0003176,4548-4,Hemoglobin A1c,11.0,%,2024-12-27
OBS-00006385,PT-001120,ENC-0003177,8462-4,Diastolic blood pressure,109.5,mmHg,2026-07-22
OBS-00006386,PT-001120,ENC-0003178,718-7,Hemoglobin,16.1,g/dL,2026-01-14
OBS-00006387,PT-001121,ENC-0003179,4548-4,Hemoglobin A1c,5.6,%,2025-07-13
OBS-00006388,PT-001121,ENC-0003179,2160-0,Creatinine,2.0,mg/dL,2025-07-13
OBS-00006389,PT-001121,ENC-0003180,2160-0,Creatinine,1.3,mg/dL,2025-06-06
OBS-00006390,PT-001121,ENC-0003180,8480-6,Systolic blood pressure,161.3,mmHg,2025-06-06
OBS-00006391,PT-001121,ENC-0003181,718-7,Hemoglobin,8.9,g/dL,2024-12-06
OBS-00006392,PT-001122,ENC-0003182,4548-4,Hemoglobin A1c,10.9,%,2026-06-17
OBS-00006393,PT-001122,ENC-0003183,718-7,Hemoglobin,15.8,g/dL,2024-12-15
OBS-00006394,PT-001122,ENC-0003183,8480-6,Systolic blood pressure,182.0,mmHg,2024-12-15
OBS-00006395,PT-001122,ENC-0003183,8462-4,Diastolic blood pressure,80.4,mmHg,2024-12-15
OBS-00006396,PT-001122,ENC-0003184,8462-4,Diastolic blood pressure,75.5,mmHg,2026-01-31
OBS-00006397,PT-001122,ENC-0003184,718-7,Hemoglobin,14.3,g/dL,2026-01-31
OBS-00006398,PT-001123,ENC-0003185,2160-0,Creatinine,0.7,mg/dL,2025-04-09
OBS-00006399,PT-001123,ENC-0003186,2339-0,Glucose,145.7,mg/dL,2026-03-06
OBS-00006400,PT-001124,ENC-0003187,8462-4,Diastolic blood pressure,73.9,mmHg,2025-09-12
OBS-00006401,PT-001124,ENC-0003187,8462-4,Diastolic blood pressure,77.8,mmHg,2025-09-12
OBS-00006402,PT-001124,ENC-0003188,4548-4,Hemoglobin A1c,8.6,%,2025-09-22
OBS-00006403,PT-001124,ENC-0003189,718-7,Hemoglobin,11.1,g/dL,2025-10-24
OBS-00006404,PT-001124,ENC-0003189,718-7,Hemoglobin,8.1,g/dL,2025-10-24
OBS-00006405,PT-001125,ENC-0003190,718-7,Hemoglobin,12.0,g/dL,2026-09-20
OBS-00006406,PT-001125,ENC-0003190,2339-0,Glucose,83.7,mg/dL,2026-09-20
OBS-00006407,PT-001125,ENC-0003190,2339-0,Glucose,165.7,mg/dL,2026-09-20
OBS-00006408,PT-001125,ENC-0003191,718-7,Hemoglobin,15.2,g/dL,2026-01-15
OBS-00006409,PT-001125,ENC-0003191,2160-0,Creatinine,0.7,mg/dL,2026-01-15
OBS-00006410,PT-001125,ENC-0003191,2160-0,Creatinine,1.1,mg/dL,2026-01-15
OBS-00006411,PT-001125,ENC-0003192,2339-0,Glucose,282.6,mg/dL,2024-12-13
OBS-00006412,PT-001126,ENC-0003193,2339-0,Glucose,148.2,mg/dL,2024-11-11
OBS-00006413,PT-001126,ENC-0003193,8462-4,Diastolic blood pressure,73.6,mmHg,2024-11-11
OBS-00006414,PT-001126,ENC-0003194,8480-6,Systolic blood pressure,119.1,mmHg,2025-07-09
OBS-00006415,PT-001126,ENC-0003194,2339-0,Glucose,284.0,mg/dL,2025-07-09
OBS-00006416,PT-001126,ENC-0003195,2160-0,Creatinine,1.6,mg/dL,2026-05-06
OBS-00006417,PT-001127,ENC-0003196,8480-6,Systolic blood pressure,120.4,mmHg,2026-07-23
OBS-00006418,PT-001128,ENC-0003197,8480-6,Systolic blood pressure,112.7,mmHg,2025-12-06
OBS-00006419,PT-001128,ENC-0003197,2160-0,Creatinine,3.9,mg/dL,2025-12-06
OBS-00006420,PT-001128,ENC-0003197,2160-0,Creatinine,3.1,mg/dL,2025-12-06
OBS-00006421,PT-001128,ENC-0003198,8480-6,Systolic blood pressure,140.9,mmHg,2025-01-28
OBS-00006422,PT-001128,ENC-0003198,8462-4,Diastolic blood pressure,59.6,mmHg,2025-01-28
OBS-00006423,PT-001128,ENC-0003198,2339-0,Glucose,207.1,mg/dL,2025-01-28
OBS-00006424,PT-001129,ENC-0003199,8462-4,Diastolic blood pressure,91.7,mmHg,2025-10-12
OBS-00006425,PT-001129,ENC-0003200,4548-4,Hemoglobin A1c,6.5,%,2025-11-05
OBS-00006426,PT-001129,ENC-0003201,8462-4,Diastolic blood pressure,79.8,mmHg,2025-11-11
OBS-00006427,PT-001129,ENC-0003201,8462-4,Diastolic blood pressure,59.5,mmHg,2025-11-11
OBS-00006428,PT-001129,ENC-0003202,2160-0,Creatinine,4.4,mg/dL,2026-01-12
OBS-00006429,PT-001129,ENC-0003202,4548-4,Hemoglobin A1c,6.7,%,2026-01-12
OBS-00006430,PT-001129,ENC-0003203,4548-4,Hemoglobin A1c,6.3,%,2026-01-13
OBS-00006431,PT-001129,ENC-0003203,718-7,Hemoglobin,14.3,g/dL,2026-01-13
OBS-00006432,PT-001130,ENC-0003204,2160-0,Creatinine,4.1,mg/dL,2025-01-08
OBS-00006433,PT-001130,ENC-0003204,8480-6,Systolic blood pressure,117.6,mmHg,2025-01-08
OBS-00006434,PT-001130,ENC-0003205,8480-6,Systolic blood pressure,152.9,mmHg,2025-04-24
OBS-00006435,PT-001130,ENC-0003206,718-7,Hemoglobin,15.1,g/dL,2026-02-22
OBS-00006436,PT-001130,ENC-0003206,8462-4,Diastolic blood pressure,90.2,mmHg,2026-02-22
OBS-00006437,PT-001130,ENC-0003206,8480-6,Systolic blood pressure,135.1,mmHg,2026-02-22
OBS-00006438,PT-001130,ENC-0003207,4548-4,Hemoglobin A1c,8.9,%,2025-03-15
OBS-00006439,PT-001130,ENC-0003208,8462-4,Diastolic blood pressure,61.5,mmHg,2025-07-21
OBS-00006440,PT-001130,ENC-0003208,718-7,Hemoglobin,10.8,g/dL,2025-07-21
OBS-00006441,PT-001130,ENC-0003209,8480-6,Systolic blood pressure,137.8,mmHg,2025-01-17
OBS-00006442,PT-001130,ENC-0003210,4548-4,Hemoglobin A1c,8.2,%,2025-08-19
OBS-00006443,PT-001131,ENC-0003211,4548-4,Hemoglobin A1c,12.3,%,2025-09-06
OBS-00006444,PT-001131,ENC-0003212,4548-4,Hemoglobin A1c,5.7,%,2026-06-26
OBS-00006445,PT-001131,ENC-0003212,2160-0,Creatinine,2.7,mg/dL,2026-06-26
OBS-00006446,PT-001131,ENC-0003212,8480-6,Systolic blood pressure,124.5,mmHg,2026-06-26
OBS-00006447,PT-001131,ENC-0003213,8462-4,Diastolic blood pressure,76.6,mmHg,2026-03-24
OBS-00006448,PT-001131,ENC-0003213,718-7,Hemoglobin,9.5,g/dL,2026-03-24
OBS-00006449,PT-001132,ENC-0003214,8480-6,Systolic blood pressure,144.1,mmHg,2025-08-21
OBS-00006450,PT-001132,ENC-0003215,8480-6,Systolic blood pressure,126.9,mmHg,2025-09-17
OBS-00006451,PT-001132,ENC-0003215,718-7,Hemoglobin,10.3,g/dL,2025-09-17
OBS-00006452,PT-001132,ENC-0003216,2160-0,Creatinine,3.7,mg/dL,2025-01-02
OBS-00006453,PT-001132,ENC-0003216,2339-0,Glucose,144.6,mg/dL,2025-01-02
OBS-00006454,PT-001133,ENC-0003217,2339-0,Glucose,78.8,mg/dL,2026-08-15
OBS-00006455,PT-001133,ENC-0003217,2160-0,Creatinine,4.0,mg/dL,2026-08-15
OBS-00006456,PT-001133,ENC-0003218,2160-0,Creatinine,4.1,mg/dL,2026-06-18
OBS-00006457,PT-001133,ENC-0003219,4548-4,Hemoglobin A1c,11.4,%,2024-09-25
OBS-00006458,PT-001133,ENC-0003219,2339-0,Glucose,164.1,mg/dL,2024-09-25
OBS-00006459,PT-001133,ENC-0003219,2339-0,Glucose,200.8,mg/dL,2024-09-25
OBS-00006460,PT-001134,ENC-0003220,8480-6,Systolic blood pressure,106.9,mmHg,2025-04-06
OBS-00006461,PT-001135,ENC-0003221,8462-4,Diastolic blood pressure,68.8,mmHg,2026-09-14
OBS-00006462,PT-001135,ENC-0003221,718-7,Hemoglobin,8.0,g/dL,2026-09-14
OBS-00006463,PT-001135,ENC-0003221,718-7,Hemoglobin,11.2,g/dL,2026-09-14
OBS-00006464,PT-001135,ENC-0003222,2339-0,Glucose,217.8,mg/dL,2024-10-23
OBS-00006465,PT-001135,ENC-0003222,2339-0,Glucose,287.0,mg/dL,2024-10-23
OBS-00006466,PT-001135,ENC-0003222,8480-6,Systolic blood pressure,129.6,mmHg,2024-10-23
OBS-00006467,PT-001135,ENC-0003223,8462-4,Diastolic blood pressure,84.7,mmHg,2025-06-24
OBS-00006468,PT-001136,ENC-0003224,718-7,Hemoglobin,10.4,g/dL,2025-09-03
OBS-00006469,PT-001136,ENC-0003224,8480-6,Systolic blood pressure,177.3,mmHg,2025-09-03
OBS-00006470,PT-001136,ENC-0003224,2160-0,Creatinine,1.7,mg/dL,2025-09-03
OBS-00006471,PT-001136,ENC-0003225,8462-4,Diastolic blood pressure,92.3,mmHg,2026-08-09
OBS-00006472,PT-001136,ENC-0003225,2339-0,Glucose,248.2,mg/dL,2026-08-09
OBS-00006473,PT-001136,ENC-0003225,8480-6,Systolic blood pressure,109.3,mmHg,2026-08-09
OBS-00006474,PT-001136,ENC-0003226,2339-0,Glucose,217.7,mg/dL,2025-07-08
OBS-00006475,PT-001136,ENC-0003226,2339-0,Glucose,229.0,mg/dL,2025-07-08
OBS-00006476,PT-001136,ENC-0003226,8480-6,Systolic blood pressure,181.8,mmHg,2025-07-08
OBS-00006477,PT-001136,ENC-0003227,8480-6,Systolic blood pressure,140.2,mmHg,2025-05-08
OBS-00006478,PT-001137,ENC-0003228,2339-0,Glucose,132.1,mg/dL,2026-03-12
OBS-00006479,PT-001137,ENC-0003229,8480-6,Systolic blood pressure,150.5,mmHg,2025-06-20
OBS-00006480,PT-001137,ENC-0003230,2339-0,Glucose,262.9,mg/dL,2025-10-25
OBS-00006481,PT-001137,ENC-0003230,4548-4,Hemoglobin A1c,12.0,%,2025-10-25
OBS-00006482,PT-001137,ENC-0003231,8462-4,Diastolic blood pressure,89.5,mmHg,2025-08-28
OBS-00006483,PT-001137,ENC-0003231,2339-0,Glucose,127.2,mg/dL,2025-08-28
OBS-00006484,PT-001137,ENC-0003231,2339-0,Glucose,226.7,mg/dL,2025-08-28
OBS-00006485,PT-001137,ENC-0003232,2339-0,Glucose,247.8,mg/dL,2026-06-25
OBS-00006486,PT-001137,ENC-0003232,718-7,Hemoglobin,9.9,g/dL,2026-06-25
OBS-00006487,PT-001137,ENC-0003232,2160-0,Creatinine,3.0,mg/dL,2026-06-25
OBS-00006488,PT-001137,ENC-0003233,8480-6,Systolic blood pressure,140.5,mmHg,2025-12-14
OBS-00006489,PT-001138,ENC-0003234,4548-4,Hemoglobin A1c,9.3,%,2025-07-29
OBS-00006490,PT-001138,ENC-0003234,8462-4,Diastolic blood pressure,63.7,mmHg,2025-07-29
OBS-00006491,PT-001138,ENC-0003235,4548-4,Hemoglobin A1c,8.9,%,2024-10-13
OBS-00006492,PT-001138,ENC-0003236,8462-4,Diastolic blood pressure,61.9,mmHg,2025-02-04
OBS-00006493,PT-001138,ENC-0003236,2160-0,Creatinine,2.5,mg/dL,2025-02-04
OBS-00006494,PT-001138,ENC-0003236,8462-4,Diastolic blood pressure,67.5,mmHg,2025-02-04
OBS-00006495,PT-001139,ENC-0003237,2339-0,Glucose,124.3,mg/dL,2025-07-01
OBS-00006496,PT-001139,ENC-0003238,2160-0,Creatinine,1.4,mg/dL,2025-12-09
OBS-00006497,PT-001139,ENC-0003238,8462-4,Diastolic blood pressure,90.5,mmHg,2025-12-09
OBS-00006498,PT-001139,ENC-0003238,718-7,Hemoglobin,9.0,g/dL,2025-12-09
OBS-00006499,PT-001139,ENC-0003239,8462-4,Diastolic blood pressure,74.9,mmHg,2025-05-02
OBS-00006500,PT-001140,ENC-0003240,8480-6,Systolic blood pressure,171.2,mmHg,2026-03-27
OBS-00006501,PT-001140,ENC-0003240,2339-0,Glucose,123.1,mg/dL,2026-03-27
OBS-00006502,PT-001140,ENC-0003240,718-7,Hemoglobin,10.1,g/dL,2026-03-27
OBS-00006503,PT-001140,ENC-0003241,718-7,Hemoglobin,8.4,g/dL,2026-06-15
OBS-00006504,PT-001140,ENC-0003241,8480-6,Systolic blood pressure,111.5,mmHg,2026-06-15
OBS-00006505,PT-001140,ENC-0003242,8480-6,Systolic blood pressure,123.4,mmHg,2024-11-17
OBS-00006506,PT-001140,ENC-0003243,2160-0,Creatinine,4.3,mg/dL,2025-10-31
OBS-00006507,PT-001140,ENC-0003243,2160-0,Creatinine,4.4,mg/dL,2025-10-31
OBS-00006508,PT-001140,ENC-0003243,8480-6,Systolic blood pressure,128.6,mmHg,2025-10-31
OBS-00006509,PT-001140,ENC-0003244,2339-0,Glucose,236.8,mg/dL,2025-10-21
OBS-00006510,PT-001140,ENC-0003244,4548-4,Hemoglobin A1c,5.0,%,2025-10-21
OBS-00006511,PT-001140,ENC-0003245,8462-4,Diastolic blood pressure,70.2,mmHg,2025-03-29
OBS-00006512,PT-001140,ENC-0003245,4548-4,Hemoglobin A1c,5.9,%,2025-03-29
OBS-00006513,PT-001140,ENC-0003245,718-7,Hemoglobin,12.3,g/dL,2025-03-29
OBS-00006514,PT-001141,ENC-0003246,8462-4,Diastolic blood pressure,70.1,mmHg,2025-06-08
OBS-00006515,PT-001141,ENC-0003247,8480-6,Systolic blood pressure,162.8,mmHg,2025-07-23
OBS-00006516,PT-001141,ENC-0003247,8480-6,Systolic blood pressure,141.8,mmHg,2025-07-23
OBS-00006517,PT-001141,ENC-0003247,2339-0,Glucose,110.4,mg/dL,2025-07-23
OBS-00006518,PT-001142,ENC-0003248,4548-4,Hemoglobin A1c,11.1,%,2025-10-23
OBS-00006519,PT-001142,ENC-0003249,8462-4,Diastolic blood pressure,62.5,mmHg,2025-06-15
OBS-00006520,PT-001142,ENC-0003249,2160-0,Creatinine,2.4,mg/dL,2025-06-15
OBS-00006521,PT-001142,ENC-0003250,718-7,Hemoglobin,12.1,g/dL,2025-05-16
OBS-00006522,PT-001142,ENC-0003250,2339-0,Glucose,228.8,mg/dL,2025-05-16
OBS-00006523,PT-001142,ENC-0003251,8480-6,Systolic blood pressure,132.7,mmHg,2026-04-12
OBS-00006524,PT-001142,ENC-0003251,2339-0,Glucose,246.1,mg/dL,2026-04-12
OBS-00006525,PT-001143,ENC-0003252,2339-0,Glucose,317.0,mg/dL,2025-12-02
OBS-00006526,PT-001143,ENC-0003253,8480-6,Systolic blood pressure,167.5,mmHg,2025-03-22
OBS-00006527,PT-001143,ENC-0003253,8480-6,Systolic blood pressure,149.4,mmHg,2025-03-22
OBS-00006528,PT-001143,ENC-0003254,8462-4,Diastolic blood pressure,95.9,mmHg,2025-10-14
OBS-00006529,PT-001143,ENC-0003254,718-7,Hemoglobin,14.1,g/dL,2025-10-14
OBS-00006530,PT-001143,ENC-0003254,4548-4,Hemoglobin A1c,7.1,%,2025-10-14
OBS-00006531,PT-001143,ENC-0003255,718-7,Hemoglobin,12.5,g/dL,2025-07-10
OBS-00006532,PT-001143,ENC-0003255,2160-0,Creatinine,1.6,mg/dL,2025-07-10
OBS-00006533,PT-001143,ENC-0003255,2339-0,Glucose,253.5,mg/dL,2025-07-10
OBS-00006534,PT-001143,ENC-0003256,2339-0,Glucose,165.7,mg/dL,2025-09-30
OBS-00006535,PT-001143,ENC-0003256,2160-0,Creatinine,1.9,mg/dL,2025-09-30
OBS-00006536,PT-001143,ENC-0003256,2339-0,Glucose,289.2,mg/dL,2025-09-30
OBS-00006537,PT-001143,ENC-0003257,2339-0,Glucose,126.8,mg/dL,2026-07-18
OBS-00006538,PT-001143,ENC-0003258,8480-6,Systolic blood pressure,112.5,mmHg,2025-12-27
OBS-00006539,PT-001143,ENC-0003258,718-7,Hemoglobin,9.1,g/dL,2025-12-27
OBS-00006540,PT-001143,ENC-0003258,8462-4,Diastolic blood pressure,107.8,mmHg,2025-12-27
OBS-00006541,PT-001144,ENC-0003259,4548-4,Hemoglobin A1c,8.5,%,2025-06-27
OBS-00006542,PT-001144,ENC-0003259,718-7,Hemoglobin,11.4,g/dL,2025-06-27
OBS-00006543,PT-001144,ENC-0003259,2339-0,Glucose,186.8,mg/dL,2025-06-27
OBS-00006544,PT-001144,ENC-0003260,4548-4,Hemoglobin A1c,9.5,%,2026-08-16
OBS-00006545,PT-001144,ENC-0003260,2160-0,Creatinine,1.4,mg/dL,2026-08-16
OBS-00006546,PT-001144,ENC-0003260,2339-0,Glucose,116.5,mg/dL,2026-08-16
OBS-00006547,PT-001144,ENC-0003261,718-7,Hemoglobin,11.8,g/dL,2026-08-18
OBS-00006548,PT-001144,ENC-0003262,2160-0,Creatinine,4.2,mg/dL,2026-03-16
OBS-00006549,PT-001145,ENC-0003263,2339-0,Glucose,232.2,mg/dL,2026-07-08
OBS-00006550,PT-001145,ENC-0003264,718-7,Hemoglobin,17.0,g/dL,2026-08-21
OBS-00006551,PT-001146,ENC-0003265,4548-4,Hemoglobin A1c,5.1,%,2025-02-01
OBS-00006552,PT-001146,ENC-0003265,8462-4,Diastolic blood pressure,82.0,mmHg,2025-02-01
OBS-00006553,PT-001146,ENC-0003266,8462-4,Diastolic blood pressure,73.6,mmHg,2024-11-06
OBS-00006554,PT-001146,ENC-0003267,8462-4,Diastolic blood pressure,78.7,mmHg,2025-08-16
OBS-00006555,PT-001146,ENC-0003268,2160-0,Creatinine,2.0,mg/dL,2024-12-04
OBS-00006556,PT-001146,ENC-0003268,8462-4,Diastolic blood pressure,95.1,mmHg,2024-12-04
OBS-00006557,PT-001147,ENC-0003269,4548-4,Hemoglobin A1c,8.8,%,2026-07-15
OBS-00006558,PT-001147,ENC-0003270,718-7,Hemoglobin,15.6,g/dL,2025-12-10
OBS-00006559,PT-001147,ENC-0003270,718-7,Hemoglobin,10.9,g/dL,2025-12-10
OBS-00006560,PT-001147,ENC-0003270,718-7,Hemoglobin,14.6,g/dL,2025-12-10
OBS-00006561,PT-001147,ENC-0003271,718-7,Hemoglobin,15.8,g/dL,2024-12-01
OBS-00006562,PT-001147,ENC-0003271,718-7,Hemoglobin,9.2,g/dL,2024-12-01
OBS-00006563,PT-001147,ENC-0003271,8462-4,Diastolic blood pressure,81.2,mmHg,2024-12-01
OBS-00006564,PT-001147,ENC-0003272,4548-4,Hemoglobin A1c,6.9,%,2024-09-27
OBS-00006565,PT-001147,ENC-0003272,718-7,Hemoglobin,11.2,g/dL,2024-09-27
OBS-00006566,PT-001147,ENC-0003273,8480-6,Systolic blood pressure,179.4,mmHg,2024-10-07
OBS-00006567,PT-001147,ENC-0003274,718-7,Hemoglobin,8.9,g/dL,2025-09-17
OBS-00006568,PT-001147,ENC-0003274,8480-6,Systolic blood pressure,174.5,mmHg,2025-09-17
OBS-00006569,PT-001148,ENC-0003275,8462-4,Diastolic blood pressure,101.7,mmHg,2026-07-15
OBS-00006570,PT-001148,ENC-0003276,8462-4,Diastolic blood pressure,86.1,mmHg,2026-01-08
OBS-00006571,PT-001149,ENC-0003277,2160-0,Creatinine,1.5,mg/dL,2026-05-05
OBS-00006572,PT-001149,ENC-0003277,8462-4,Diastolic blood pressure,69.6,mmHg,2026-05-05
OBS-00006573,PT-001149,ENC-0003278,718-7,Hemoglobin,14.4,g/dL,2025-12-18
OBS-00006574,PT-001149,ENC-0003278,8462-4,Diastolic blood pressure,73.0,mmHg,2025-12-18
OBS-00006575,PT-001149,ENC-0003279,718-7,Hemoglobin,14.2,g/dL,2025-10-26
OBS-00006576,PT-001149,ENC-0003280,4548-4,Hemoglobin A1c,11.1,%,2026-03-08
OBS-00006577,PT-001149,ENC-0003280,2160-0,Creatinine,2.8,mg/dL,2026-03-08
OBS-00006578,PT-001149,ENC-0003281,718-7,Hemoglobin,9.5,g/dL,2024-10-22
OBS-00006579,PT-001150,ENC-0003282,4548-4,Hemoglobin A1c,6.7,%,2026-02-06
OBS-00006580,PT-001150,ENC-0003282,8462-4,Diastolic blood pressure,56.5,mmHg,2026-02-06
OBS-00006581,PT-001150,ENC-0003283,2339-0,Glucose,276.2,mg/dL,2024-10-27
OBS-00006582,PT-001150,ENC-0003283,2339-0,Glucose,70.1,mg/dL,2024-10-27
OBS-00006583,PT-001150,ENC-0003284,4548-4,Hemoglobin A1c,10.6,%,2025-04-15
OBS-00006584,PT-001150,ENC-0003284,4548-4,Hemoglobin A1c,8.4,%,2025-04-15
OBS-00006585,PT-001150,ENC-0003285,2339-0,Glucose,236.4,mg/dL,2025-10-02
OBS-00006586,PT-001150,ENC-0003286,8480-6,Systolic blood pressure,132.7,mmHg,2026-01-27
OBS-00006587,PT-001150,ENC-0003287,8480-6,Systolic blood pressure,133.5,mmHg,2026-04-21
OBS-00006588,PT-001150,ENC-0003287,4548-4,Hemoglobin A1c,6.3,%,2026-04-21
OBS-00006589,PT-001150,ENC-0003288,4548-4,Hemoglobin A1c,5.1,%,2026-06-05
OBS-00006590,PT-001150,ENC-0003288,2339-0,Glucose,131.4,mg/dL,2026-06-05
OBS-00006591,PT-001151,ENC-0003289,2339-0,Glucose,222.1,mg/dL,2026-04-19
OBS-00006592,PT-001151,ENC-0003289,4548-4,Hemoglobin A1c,9.7,%,2026-04-19
OBS-00006593,PT-001151,ENC-0003289,718-7,Hemoglobin,12.8,g/dL,2026-04-19
OBS-00006594,PT-001151,ENC-0003290,8480-6,Systolic blood pressure,170.6,mmHg,2024-09-28
OBS-00006595,PT-001151,ENC-0003291,8462-4,Diastolic blood pressure,67.0,mmHg,2025-08-20
OBS-00006596,PT-001151,ENC-0003291,718-7,Hemoglobin,14.6,g/dL,2025-08-20
OBS-00006597,PT-001151,ENC-0003292,8480-6,Systolic blood pressure,154.7,mmHg,2025-04-02
OBS-00006598,PT-001151,ENC-0003292,718-7,Hemoglobin,12.3,g/dL,2025-04-02
OBS-00006599,PT-001152,ENC-0003293,2339-0,Glucose,141.9,mg/dL,2026-03-11
OBS-00006600,PT-001152,ENC-0003293,8480-6,Systolic blood pressure,178.6,mmHg,2026-03-11
OBS-00006601,PT-001152,ENC-0003294,4548-4,Hemoglobin A1c,9.9,%,2026-04-20
OBS-00006602,PT-001152,ENC-0003294,4548-4,Hemoglobin A1c,9.7,%,2026-04-20
OBS-00006603,PT-001152,ENC-0003294,8462-4,Diastolic blood pressure,83.3,mmHg,2026-04-20
OBS-00006604,PT-001153,ENC-0003295,2160-0,Creatinine,2.8,mg/dL,2026-06-10
OBS-00006605,PT-001154,ENC-0003296,2339-0,Glucose,288.4,mg/dL,2025-07-05
OBS-00006606,PT-001154,ENC-0003296,2339-0,Glucose,113.2,mg/dL,2025-07-05
OBS-00006607,PT-001154,ENC-0003296,718-7,Hemoglobin,9.9,g/dL,2025-07-05
OBS-00006608,PT-001155,ENC-0003297,8462-4,Diastolic blood pressure,62.2,mmHg,2025-08-05
OBS-00006609,PT-001155,ENC-0003297,718-7,Hemoglobin,10.3,g/dL,2025-08-05
OBS-00006610,PT-001156,ENC-0003298,2339-0,Glucose,196.5,mg/dL,2026-02-22
OBS-00006611,PT-001156,ENC-0003298,8462-4,Diastolic blood pressure,108.8,mmHg,2026-02-22
OBS-00006612,PT-001156,ENC-0003298,8462-4,Diastolic blood pressure,71.6,mmHg,2026-02-22
OBS-00006613,PT-001156,ENC-0003299,8462-4,Diastolic blood pressure,100.7,mmHg,2024-10-16
OBS-00006614,PT-001156,ENC-0003299,4548-4,Hemoglobin A1c,6.9,%,2024-10-16
OBS-00006615,PT-001156,ENC-0003299,8480-6,Systolic blood pressure,149.9,mmHg,2024-10-16
OBS-00006616,PT-001156,ENC-0003300,4548-4,Hemoglobin A1c,10.7,%,2026-03-09
OBS-00006617,PT-001156,ENC-0003300,4548-4,Hemoglobin A1c,10.9,%,2026-03-09
OBS-00006618,PT-001156,ENC-0003300,8480-6,Systolic blood pressure,182.6,mmHg,2026-03-09
OBS-00006619,PT-001156,ENC-0003301,2339-0,Glucose,227.9,mg/dL,2025-09-04
OBS-00006620,PT-001156,ENC-0003301,2160-0,Creatinine,0.8,mg/dL,2025-09-04
OBS-00006621,PT-001156,ENC-0003301,8462-4,Diastolic blood pressure,82.8,mmHg,2025-09-04
OBS-00006622,PT-001156,ENC-0003302,4548-4,Hemoglobin A1c,6.2,%,2025-09-26
OBS-00006623,PT-001156,ENC-0003302,2160-0,Creatinine,3.0,mg/dL,2025-09-26
OBS-00006624,PT-001157,ENC-0003303,718-7,Hemoglobin,15.8,g/dL,2026-04-26
OBS-00006625,PT-001158,ENC-0003304,8480-6,Systolic blood pressure,136.7,mmHg,2025-09-22
OBS-00006626,PT-001159,ENC-0003305,8462-4,Diastolic blood pressure,73.1,mmHg,2024-10-14
OBS-00006627,PT-001159,ENC-0003305,8462-4,Diastolic blood pressure,69.0,mmHg,2024-10-14
OBS-00006628,PT-001159,ENC-0003306,4548-4,Hemoglobin A1c,10.9,%,2025-05-25
OBS-00006629,PT-001159,ENC-0003307,8480-6,Systolic blood pressure,166.9,mmHg,2026-05-27
OBS-00006630,PT-001159,ENC-0003308,4548-4,Hemoglobin A1c,12.1,%,2026-03-26
OBS-00006631,PT-001160,ENC-0003309,718-7,Hemoglobin,10.0,g/dL,2026-08-03
OBS-00006632,PT-001160,ENC-0003309,2339-0,Glucose,225.1,mg/dL,2026-08-03
OBS-00006633,PT-001160,ENC-0003309,8462-4,Diastolic blood pressure,71.3,mmHg,2026-08-03
OBS-00006634,PT-001160,ENC-0003310,8462-4,Diastolic blood pressure,88.3,mmHg,2025-08-29
OBS-00006635,PT-001160,ENC-0003310,8462-4,Diastolic blood pressure,66.6,mmHg,2025-08-29
OBS-00006636,PT-001160,ENC-0003310,8480-6,Systolic blood pressure,115.7,mmHg,2025-08-29
OBS-00006637,PT-001160,ENC-0003311,2339-0,Glucose,230.9,mg/dL,2026-08-30
OBS-00006638,PT-001160,ENC-0003312,718-7,Hemoglobin,12.2,g/dL,2025-06-02
OBS-00006639,PT-001160,ENC-0003312,2160-0,Creatinine,0.9,mg/dL,2025-06-02
OBS-00006640,PT-001161,ENC-0003313,2160-0,Creatinine,1.0,mg/dL,2026-04-19
OBS-00006641,PT-001161,ENC-0003313,2339-0,Glucose,84.9,mg/dL,2026-04-19
OBS-00006642,PT-001161,ENC-0003314,2160-0,Creatinine,2.6,mg/dL,2026-06-19
OBS-00006643,PT-001161,ENC-0003314,8480-6,Systolic blood pressure,152.0,mmHg,2026-06-19
OBS-00006644,PT-001162,ENC-0003315,8480-6,Systolic blood pressure,171.3,mmHg,2024-10-30
OBS-00006645,PT-001162,ENC-0003316,2339-0,Glucose,314.8,mg/dL,2026-01-09
OBS-00006646,PT-001162,ENC-0003317,2339-0,Glucose,217.8,mg/dL,2025-11-17
OBS-00006647,PT-001162,ENC-0003318,8480-6,Systolic blood pressure,159.1,mmHg,2026-04-29
OBS-00006648,PT-001162,ENC-0003318,2339-0,Glucose,281.3,mg/dL,2026-04-29
OBS-00006649,PT-001163,ENC-0003319,2339-0,Glucose,243.9,mg/dL,2026-05-07
OBS-00006650,PT-001163,ENC-0003319,4548-4,Hemoglobin A1c,9.8,%,2026-05-07
OBS-00006651,PT-001163,ENC-0003320,8480-6,Systolic blood pressure,149.1,mmHg,2025-01-09
OBS-00006652,PT-001163,ENC-0003320,2160-0,Creatinine,2.4,mg/dL,2025-01-09
OBS-00006653,PT-001164,ENC-0003321,718-7,Hemoglobin,16.3,g/dL,2026-09-19
OBS-00006654,PT-001164,ENC-0003321,8462-4,Diastolic blood pressure,68.4,mmHg,2026-09-19
OBS-00006655,PT-001164,ENC-0003322,4548-4,Hemoglobin A1c,5.4,%,2025-08-14
OBS-00006656,PT-001164,ENC-0003322,4548-4,Hemoglobin A1c,6.5,%,2025-08-14
OBS-00006657,PT-001164,ENC-0003323,8462-4,Diastolic blood pressure,61.9,mmHg,2025-06-14
OBS-00006658,PT-001165,ENC-0003324,718-7,Hemoglobin,14.2,g/dL,2025-02-24
OBS-00006659,PT-001165,ENC-0003325,4548-4,Hemoglobin A1c,8.8,%,2025-03-27
OBS-00006660,PT-001165,ENC-0003325,718-7,Hemoglobin,12.4,g/dL,2025-03-27
OBS-00006661,PT-001165,ENC-0003325,4548-4,Hemoglobin A1c,8.0,%,2025-03-27
OBS-00006662,PT-001165,ENC-0003326,2160-0,Creatinine,1.5,mg/dL,2025-10-07
OBS-00006663,PT-001165,ENC-0003326,2339-0,Glucose,150.5,mg/dL,2025-10-07
OBS-00006664,PT-001165,ENC-0003326,8480-6,Systolic blood pressure,96.8,mmHg,2025-10-07
OBS-00006665,PT-001166,ENC-0003327,4548-4,Hemoglobin A1c,9.2,%,2025-10-31
OBS-00006666,PT-001166,ENC-0003327,2160-0,Creatinine,1.2,mg/dL,2025-10-31
OBS-00006667,PT-001166,ENC-0003328,4548-4,Hemoglobin A1c,7.7,%,2026-03-28
OBS-00006668,PT-001166,ENC-0003328,2339-0,Glucose,151.2,mg/dL,2026-03-28
OBS-00006669,PT-001166,ENC-0003328,8480-6,Systolic blood pressure,120.0,mmHg,2026-03-28
OBS-00006670,PT-001167,ENC-0003329,8462-4,Diastolic blood pressure,100.9,mmHg,2025-10-17
OBS-00006671,PT-001167,ENC-0003329,4548-4,Hemoglobin A1c,6.5,%,2025-10-17
OBS-00006672,PT-001167,ENC-0003329,8462-4,Diastolic blood pressure,108.7,mmHg,2025-10-17
OBS-00006673,PT-001167,ENC-0003330,2339-0,Glucose,281.4,mg/dL,2025-05-19
OBS-00006674,PT-001167,ENC-0003331,4548-4,Hemoglobin A1c,7.0,%,2026-05-31
OBS-00006675,PT-001167,ENC-0003331,8462-4,Diastolic blood pressure,84.7,mmHg,2026-05-31
OBS-00006676,PT-001168,ENC-0003332,8480-6,Systolic blood pressure,135.5,mmHg,2024-11-07
OBS-00006677,PT-001168,ENC-0003332,8462-4,Diastolic blood pressure,96.2,mmHg,2024-11-07
OBS-00006678,PT-001168,ENC-0003333,4548-4,Hemoglobin A1c,9.7,%,2025-08-27
OBS-00006679,PT-001168,ENC-0003333,718-7,Hemoglobin,13.8,g/dL,2025-08-27
OBS-00006680,PT-001168,ENC-0003333,8462-4,Diastolic blood pressure,62.1,mmHg,2025-08-27
OBS-00006681,PT-001169,ENC-0003334,718-7,Hemoglobin,10.0,g/dL,2025-10-07
OBS-00006682,PT-001169,ENC-0003334,2339-0,Glucose,118.3,mg/dL,2025-10-07
OBS-00006683,PT-001169,ENC-0003334,718-7,Hemoglobin,11.6,g/dL,2025-10-07
OBS-00006684,PT-001169,ENC-0003335,718-7,Hemoglobin,8.7,g/dL,2026-09-13
OBS-00006685,PT-001169,ENC-0003336,4548-4,Hemoglobin A1c,9.6,%,2026-05-19
OBS-00006686,PT-001169,ENC-0003336,8462-4,Diastolic blood pressure,63.7,mmHg,2026-05-19
OBS-00006687,PT-001169,ENC-0003336,2339-0,Glucose,317.1,mg/dL,2026-05-19
OBS-00006688,PT-001170,ENC-0003337,2339-0,Glucose,247.7,mg/dL,2026-07-15
OBS-00006689,PT-001170,ENC-0003337,8480-6,Systolic blood pressure,159.7,mmHg,2026-07-15
OBS-00006690,PT-001170,ENC-0003337,2339-0,Glucose,271.6,mg/dL,2026-07-15
OBS-00006691,PT-001170,ENC-0003338,8480-6,Systolic blood pressure,97.0,mmHg,2025-09-20
OBS-00006692,PT-001170,ENC-0003339,2339-0,Glucose,182.5,mg/dL,2025-04-19
OBS-00006693,PT-001170,ENC-0003340,718-7,Hemoglobin,12.1,g/dL,2025-08-11
OBS-00006694,PT-001170,ENC-0003340,4548-4,Hemoglobin A1c,10.0,%,2025-08-11
OBS-00006695,PT-001170,ENC-0003341,2339-0,Glucose,283.4,mg/dL,2025-07-31
OBS-00006696,PT-001170,ENC-0003341,2160-0,Creatinine,1.2,mg/dL,2025-07-31
OBS-00006697,PT-001171,ENC-0003342,2339-0,Glucose,317.0,mg/dL,2025-05-28
OBS-00006698,PT-001171,ENC-0003342,2339-0,Glucose,94.1,mg/dL,2025-05-28
OBS-00006699,PT-001171,ENC-0003342,4548-4,Hemoglobin A1c,10.4,%,2025-05-28
OBS-00006700,PT-001171,ENC-0003343,8480-6,Systolic blood pressure,103.2,mmHg,2025-05-03
OBS-00006701,PT-001171,ENC-0003343,8462-4,Diastolic blood pressure,76.3,mmHg,2025-05-03
OBS-00006702,PT-001171,ENC-0003344,2339-0,Glucose,102.5,mg/dL,2026-01-27
OBS-00006703,PT-001171,ENC-0003344,8480-6,Systolic blood pressure,133.9,mmHg,2026-01-27
OBS-00006704,PT-001171,ENC-0003344,718-7,Hemoglobin,9.1,g/dL,2026-01-27
OBS-00006705,PT-001172,ENC-0003345,2339-0,Glucose,173.2,mg/dL,2026-09-02
OBS-00006706,PT-001172,ENC-0003345,2339-0,Glucose,87.3,mg/dL,2026-09-02
OBS-00006707,PT-001172,ENC-0003345,2160-0,Creatinine,1.7,mg/dL,2026-09-02
OBS-00006708,PT-001172,ENC-0003346,718-7,Hemoglobin,13.8,g/dL,2026-08-17
OBS-00006709,PT-001173,ENC-0003347,718-7,Hemoglobin,10.6,g/dL,2024-11-17
OBS-00006710,PT-001173,ENC-0003347,718-7,Hemoglobin,10.1,g/dL,2024-11-17
OBS-00006711,PT-001173,ENC-0003347,2160-0,Creatinine,1.0,mg/dL,2024-11-17
OBS-00006712,PT-001173,ENC-0003348,718-7,Hemoglobin,9.0,g/dL,2026-04-21
OBS-00006713,PT-001173,ENC-0003348,8462-4,Diastolic blood pressure,89.6,mmHg,2026-04-21
OBS-00006714,PT-001173,ENC-0003348,2160-0,Creatinine,0.7,mg/dL,2026-04-21
OBS-00006715,PT-001174,ENC-0003349,8462-4,Diastolic blood pressure,95.3,mmHg,2026-04-18
OBS-00006716,PT-001174,ENC-0003349,4548-4,Hemoglobin A1c,7.2,%,2026-04-18
OBS-00006717,PT-001174,ENC-0003349,4548-4,Hemoglobin A1c,11.8,%,2026-04-18
OBS-00006718,PT-001174,ENC-0003350,8462-4,Diastolic blood pressure,80.4,mmHg,2025-04-21
OBS-00006719,PT-001174,ENC-0003350,8480-6,Systolic blood pressure,182.9,mmHg,2025-04-21
OBS-00006720,PT-001174,ENC-0003351,718-7,Hemoglobin,13.0,g/dL,2025-06-08
OBS-00006721,PT-001174,ENC-0003351,2160-0,Creatinine,1.2,mg/dL,2025-06-08
OBS-00006722,PT-001174,ENC-0003351,718-7,Hemoglobin,11.5,g/dL,2025-06-08
OBS-00006723,PT-001174,ENC-0003352,8480-6,Systolic blood pressure,150.0,mmHg,2026-03-14
OBS-00006724,PT-001174,ENC-0003352,2160-0,Creatinine,0.7,mg/dL,2026-03-14
OBS-00006725,PT-001175,ENC-0003353,2160-0,Creatinine,4.1,mg/dL,2025-05-22
OBS-00006726,PT-001175,ENC-0003353,8480-6,Systolic blood pressure,131.8,mmHg,2025-05-22
OBS-00006727,PT-001175,ENC-0003353,718-7,Hemoglobin,15.7,g/dL,2025-05-22
OBS-00006728,PT-001175,ENC-0003354,718-7,Hemoglobin,13.1,g/dL,2026-06-04
OBS-00006729,PT-001175,ENC-0003354,2339-0,Glucose,170.9,mg/dL,2026-06-04
OBS-00006730,PT-001175,ENC-0003354,8480-6,Systolic blood pressure,146.1,mmHg,2026-06-04
OBS-00006731,PT-001175,ENC-0003355,718-7,Hemoglobin,8.7,g/dL,2024-12-29
OBS-00006732,PT-001175,ENC-0003356,8462-4,Diastolic blood pressure,71.5,mmHg,2025-04-04
OBS-00006733,PT-001175,ENC-0003357,2339-0,Glucose,196.1,mg/dL,2026-03-05
OBS-00006734,PT-001176,ENC-0003358,8480-6,Systolic blood pressure,149.3,mmHg,2026-01-23
OBS-00006735,PT-001176,ENC-0003358,4548-4,Hemoglobin A1c,11.9,%,2026-01-23
OBS-00006736,PT-001176,ENC-0003358,8462-4,Diastolic blood pressure,83.4,mmHg,2026-01-23
OBS-00006737,PT-001177,ENC-0003359,8480-6,Systolic blood pressure,119.5,mmHg,2024-10-27
OBS-00006738,PT-001178,ENC-0003360,8480-6,Systolic blood pressure,150.4,mmHg,2026-05-11
OBS-00006739,PT-001178,ENC-0003360,718-7,Hemoglobin,9.6,g/dL,2026-05-11
OBS-00006740,PT-001178,ENC-0003361,2339-0,Glucose,116.8,mg/dL,2025-07-24
OBS-00006741,PT-001178,ENC-0003361,8462-4,Diastolic blood pressure,98.4,mmHg,2025-07-24
OBS-00006742,PT-001178,ENC-0003362,2160-0,Creatinine,1.8,mg/dL,2025-07-02
OBS-00006743,PT-001178,ENC-0003362,4548-4,Hemoglobin A1c,10.2,%,2025-07-02
OBS-00006744,PT-001178,ENC-0003363,4548-4,Hemoglobin A1c,6.9,%,2024-10-24
OBS-00006745,PT-001178,ENC-0003364,8480-6,Systolic blood pressure,162.2,mmHg,2026-07-04
OBS-00006746,PT-001178,ENC-0003365,8480-6,Systolic blood pressure,179.7,mmHg,2025-11-24
OBS-00006747,PT-001178,ENC-0003365,8480-6,Systolic blood pressure,132.2,mmHg,2025-11-24
OBS-00006748,PT-001179,ENC-0003366,2160-0,Creatinine,3.9,mg/dL,2025-03-23
OBS-00006749,PT-001180,ENC-0003367,2160-0,Creatinine,0.8,mg/dL,2025-11-01
OBS-00006750,PT-001180,ENC-0003367,4548-4,Hemoglobin A1c,6.3,%,2025-11-01
OBS-00006751,PT-001180,ENC-0003368,8462-4,Diastolic blood pressure,109.0,mmHg,2025-05-13
OBS-00006752,PT-001180,ENC-0003368,718-7,Hemoglobin,8.3,g/dL,2025-05-13
OBS-00006753,PT-001180,ENC-0003369,2160-0,Creatinine,1.8,mg/dL,2026-01-03
OBS-00006754,PT-001180,ENC-0003370,8462-4,Diastolic blood pressure,75.4,mmHg,2026-06-20
OBS-00006755,PT-001180,ENC-0003370,8480-6,Systolic blood pressure,147.1,mmHg,2026-06-20
OBS-00006756,PT-001181,ENC-0003371,8462-4,Diastolic blood pressure,79.3,mmHg,2025-01-23
OBS-00006757,PT-001181,ENC-0003371,4548-4,Hemoglobin A1c,11.5,%,2025-01-23
OBS-00006758,PT-001181,ENC-0003371,718-7,Hemoglobin,16.1,g/dL,2025-01-23
OBS-00006759,PT-001181,ENC-0003372,2160-0,Creatinine,1.9,mg/dL,2024-10-23
OBS-00006760,PT-001181,ENC-0003372,2160-0,Creatinine,3.2,mg/dL,2024-10-23
OBS-00006761,PT-001181,ENC-0003372,8480-6,Systolic blood pressure,104.6,mmHg,2024-10-23
OBS-00006762,PT-001181,ENC-0003373,8462-4,Diastolic blood pressure,88.7,mmHg,2025-06-27
OBS-00006763,PT-001182,ENC-0003374,4548-4,Hemoglobin A1c,10.4,%,2026-05-14
OBS-00006764,PT-001182,ENC-0003374,718-7,Hemoglobin,15.7,g/dL,2026-05-14
OBS-00006765,PT-001182,ENC-0003375,2160-0,Creatinine,1.0,mg/dL,2024-12-28
OBS-00006766,PT-001182,ENC-0003375,4548-4,Hemoglobin A1c,6.8,%,2024-12-28
OBS-00006767,PT-001182,ENC-0003375,4548-4,Hemoglobin A1c,8.1,%,2024-12-28
OBS-00006768,PT-001183,ENC-0003376,2160-0,Creatinine,1.2,mg/dL,2025-11-14
OBS-00006769,PT-001183,ENC-0003376,8462-4,Diastolic blood pressure,80.9,mmHg,2025-11-14
OBS-00006770,PT-001183,ENC-0003377,2160-0,Creatinine,3.2,mg/dL,2026-02-16
OBS-00006771,PT-001183,ENC-0003378,8480-6,Systolic blood pressure,126.5,mmHg,2026-06-26
OBS-00006772,PT-001183,ENC-0003379,4548-4,Hemoglobin A1c,8.8,%,2025-07-01
OBS-00006773,PT-001183,ENC-0003380,8480-6,Systolic blood pressure,126.2,mmHg,2026-09-06
OBS-00006774,PT-001183,ENC-0003380,2160-0,Creatinine,3.6,mg/dL,2026-09-06
OBS-00006775,PT-001183,ENC-0003381,8462-4,Diastolic blood pressure,93.7,mmHg,2026-04-19
OBS-00006776,PT-001183,ENC-0003381,718-7,Hemoglobin,14.2,g/dL,2026-04-19
OBS-00006777,PT-001183,ENC-0003381,2339-0,Glucose,294.2,mg/dL,2026-04-19
OBS-00006778,PT-001184,ENC-0003382,718-7,Hemoglobin,16.3,g/dL,2025-02-22
OBS-00006779,PT-001184,ENC-0003383,4548-4,Hemoglobin A1c,5.1,%,2026-09-02
OBS-00006780,PT-001184,ENC-0003383,2160-0,Creatinine,2.1,mg/dL,2026-09-02
OBS-00006781,PT-001184,ENC-0003384,2160-0,Creatinine,1.9,mg/dL,2026-06-03
OBS-00006782,PT-001184,ENC-0003384,718-7,Hemoglobin,8.7,g/dL,2026-06-03
OBS-00006783,PT-001185,ENC-0003385,2339-0,Glucose,222.3,mg/dL,2026-09-05
OBS-00006784,PT-001185,ENC-0003386,2160-0,Creatinine,3.8,mg/dL,2026-09-19
OBS-00006785,PT-001186,ENC-0003387,8480-6,Systolic blood pressure,170.2,mmHg,2026-08-25
OBS-00006786,PT-001186,ENC-0003388,2160-0,Creatinine,2.0,mg/dL,2025-01-07
OBS-00006787,PT-001187,ENC-0003389,718-7,Hemoglobin,9.0,g/dL,2026-06-03
OBS-00006788,PT-001187,ENC-0003389,8480-6,Systolic blood pressure,139.7,mmHg,2026-06-03
OBS-00006789,PT-001187,ENC-0003389,2339-0,Glucose,291.3,mg/dL,2026-06-03
OBS-00006790,PT-001187,ENC-0003390,2160-0,Creatinine,1.8,mg/dL,2025-12-25
OBS-00006791,PT-001187,ENC-0003390,2339-0,Glucose,130.9,mg/dL,2025-12-25
OBS-00006792,PT-001187,ENC-0003390,8462-4,Diastolic blood pressure,64.9,mmHg,2025-12-25
OBS-00006793,PT-001187,ENC-0003391,2339-0,Glucose,131.6,mg/dL,2025-12-12
OBS-00006794,PT-001187,ENC-0003391,8462-4,Diastolic blood pressure,63.8,mmHg,2025-12-12
OBS-00006795,PT-001187,ENC-0003391,2160-0,Creatinine,2.1,mg/dL,2025-12-12
OBS-00006796,PT-001187,ENC-0003392,2160-0,Creatinine,2.8,mg/dL,2026-05-09
OBS-00006797,PT-001188,ENC-0003393,2339-0,Glucose,76.0,mg/dL,2025-12-23
OBS-00006798,PT-001188,ENC-0003393,718-7,Hemoglobin,9.2,g/dL,2025-12-23
OBS-00006799,PT-001189,ENC-0003394,2160-0,Creatinine,3.0,mg/dL,2025-09-07
OBS-00006800,PT-001189,ENC-0003395,4548-4,Hemoglobin A1c,8.3,%,2025-05-18
OBS-00006801,PT-001189,ENC-0003395,2160-0,Creatinine,4.0,mg/dL,2025-05-18
OBS-00006802,PT-001189,ENC-0003396,8480-6,Systolic blood pressure,159.5,mmHg,2026-06-26
OBS-00006803,PT-001189,ENC-0003397,2160-0,Creatinine,0.9,mg/dL,2025-03-14
OBS-00006804,PT-001189,ENC-0003397,4548-4,Hemoglobin A1c,12.3,%,2025-03-14
OBS-00006805,PT-001189,ENC-0003397,8462-4,Diastolic blood pressure,56.2,mmHg,2025-03-14
OBS-00006806,PT-001189,ENC-0003398,718-7,Hemoglobin,16.1,g/dL,2026-09-14
OBS-00006807,PT-001189,ENC-0003398,2160-0,Creatinine,3.1,mg/dL,2026-09-14
OBS-00006808,PT-001190,ENC-0003399,4548-4,Hemoglobin A1c,7.2,%,2025-02-18
OBS-00006809,PT-001190,ENC-0003399,2160-0,Creatinine,2.2,mg/dL,2025-02-18
OBS-00006810,PT-001190,ENC-0003399,4548-4,Hemoglobin A1c,11.6,%,2025-02-18
OBS-00006811,PT-001190,ENC-0003400,718-7,Hemoglobin,15.7,g/dL,2024-10-12
OBS-00006812,PT-001190,ENC-0003400,8480-6,Systolic blood pressure,184.4,mmHg,2024-10-12
OBS-00006813,PT-001191,ENC-0003401,8480-6,Systolic blood pressure,172.2,mmHg,2024-11-23
OBS-00006814,PT-001191,ENC-0003401,2339-0,Glucose,315.6,mg/dL,2024-11-23
OBS-00006815,PT-001191,ENC-0003402,4548-4,Hemoglobin A1c,11.3,%,2025-01-15
OBS-00006816,PT-001191,ENC-0003403,718-7,Hemoglobin,8.1,g/dL,2025-08-09
OBS-00006817,PT-001192,ENC-0003404,4548-4,Hemoglobin A1c,11.4,%,2026-07-31
OBS-00006818,PT-001192,ENC-0003405,4548-4,Hemoglobin A1c,5.7,%,2025-05-24
OBS-00006819,PT-001192,ENC-0003406,4548-4,Hemoglobin A1c,5.0,%,2025-11-29
OBS-00006820,PT-001192,ENC-0003406,718-7,Hemoglobin,10.6,g/dL,2025-11-29
OBS-00006821,PT-001192,ENC-0003406,8462-4,Diastolic blood pressure,84.0,mmHg,2025-11-29
OBS-00006822,PT-001193,ENC-0003407,4548-4,Hemoglobin A1c,6.2,%,2025-10-21
OBS-00006823,PT-001194,ENC-0003408,718-7,Hemoglobin,9.4,g/dL,2025-07-29
OBS-00006824,PT-001194,ENC-0003408,4548-4,Hemoglobin A1c,6.1,%,2025-07-29
OBS-00006825,PT-001194,ENC-0003409,2339-0,Glucose,156.5,mg/dL,2025-01-11
OBS-00006826,PT-001194,ENC-0003409,718-7,Hemoglobin,8.1,g/dL,2025-01-11
OBS-00006827,PT-001194,ENC-0003410,2160-0,Creatinine,2.6,mg/dL,2026-08-12
OBS-00006828,PT-001194,ENC-0003410,8462-4,Diastolic blood pressure,103.0,mmHg,2026-08-12
OBS-00006829,PT-001195,ENC-0003411,2339-0,Glucose,183.2,mg/dL,2025-10-10
OBS-00006830,PT-001195,ENC-0003411,8462-4,Diastolic blood pressure,82.5,mmHg,2025-10-10
OBS-00006831,PT-001195,ENC-0003412,2339-0,Glucose,127.4,mg/dL,2026-04-07
OBS-00006832,PT-001195,ENC-0003412,2160-0,Creatinine,1.5,mg/dL,2026-04-07
OBS-00006833,PT-001196,ENC-0003413,718-7,Hemoglobin,9.9,g/dL,2025-09-09
OBS-00006834,PT-001196,ENC-0003413,4548-4,Hemoglobin A1c,6.3,%,2025-09-09
OBS-00006835,PT-001196,ENC-0003413,2339-0,Glucose,135.5,mg/dL,2025-09-09
OBS-00006836,PT-001196,ENC-0003414,4548-4,Hemoglobin A1c,10.5,%,2026-06-30
OBS-00006837,PT-001196,ENC-0003414,4548-4,Hemoglobin A1c,6.3,%,2026-06-30
OBS-00006838,PT-001196,ENC-0003415,2339-0,Glucose,122.1,mg/dL,2025-01-02
OBS-00006839,PT-001196,ENC-0003415,8462-4,Diastolic blood pressure,99.7,mmHg,2025-01-02
OBS-00006840,PT-001197,ENC-0003416,2160-0,Creatinine,3.1,mg/dL,2026-08-20
OBS-00006841,PT-001197,ENC-0003416,4548-4,Hemoglobin A1c,7.4,%,2026-08-20
OBS-00006842,PT-001197,ENC-0003417,8480-6,Systolic blood pressure,139.9,mmHg,2025-09-10
OBS-00006843,PT-001197,ENC-0003417,8462-4,Diastolic blood pressure,94.4,mmHg,2025-09-10
OBS-00006844,PT-001197,ENC-0003417,2339-0,Glucose,196.4,mg/dL,2025-09-10
OBS-00006845,PT-001198,ENC-0003418,4548-4,Hemoglobin A1c,10.4,%,2024-10-04
OBS-00006846,PT-001198,ENC-0003418,8480-6,Systolic blood pressure,170.6,mmHg,2024-10-04
OBS-00006847,PT-001198,ENC-0003419,2339-0,Glucose,269.5,mg/dL,2025-08-01
OBS-00006848,PT-001199,ENC-0003420,8462-4,Diastolic blood pressure,63.0,mmHg,2025-02-03
OBS-00006849,PT-001199,ENC-0003420,8462-4,Diastolic blood pressure,56.9,mmHg,2025-02-03
OBS-00006850,PT-001199,ENC-0003420,8462-4,Diastolic blood pressure,90.0,mmHg,2025-02-03
OBS-00006851,PT-001199,ENC-0003421,8480-6,Systolic blood pressure,151.7,mmHg,2025-03-08
OBS-00006852,PT-001199,ENC-0003421,2339-0,Glucose,90.3,mg/dL,2025-03-08
OBS-00006853,PT-001199,ENC-0003422,2160-0,Creatinine,3.6,mg/dL,2025-01-11
OBS-00006854,PT-001200,ENC-0003423,4548-4,Hemoglobin A1c,9.2,%,2026-05-25
OBS-00006855,PT-001200,ENC-0003424,2160-0,Creatinine,3.4,mg/dL,2026-08-07
OBS-00006856,PT-001200,ENC-0003424,8462-4,Diastolic blood pressure,78.0,mmHg,2026-08-07
OBS-00006857,PT-001200,ENC-0003425,2339-0,Glucose,116.8,mg/dL,2026-07-30
OBS-00006858,PT-001200,ENC-0003425,718-7,Hemoglobin,8.8,g/dL,2026-07-30
OBS-00006859,PT-001200,ENC-0003425,2339-0,Glucose,171.6,mg/dL,2026-07-30
OBS-00006860,PT-001200,ENC-0003426,8480-6,Systolic blood pressure,108.0,mmHg,2026-06-01
OBS-00006861,PT-001200,ENC-0003426,4548-4,Hemoglobin A1c,12.0,%,2026-06-01
OBS-00006862,PT-001200,ENC-0003426,2339-0,Glucose,259.9,mg/dL,2026-06-01
OBS-00006863,PT-001201,ENC-0003427,8462-4,Diastolic blood pressure,108.0,mmHg,2024-11-22
OBS-00006864,PT-001201,ENC-0003427,8462-4,Diastolic blood pressure,70.6,mmHg,2024-11-22
OBS-00006865,PT-001201,ENC-0003428,2339-0,Glucose,216.3,mg/dL,2024-12-03
OBS-00006866,PT-001201,ENC-0003428,2339-0,Glucose,226.6,mg/dL,2024-12-03
OBS-00006867,PT-001201,ENC-0003428,2339-0,Glucose,202.5,mg/dL,2024-12-03
OBS-00006868,PT-001201,ENC-0003429,718-7,Hemoglobin,11.1,g/dL,2025-04-13
OBS-00006869,PT-001201,ENC-0003430,8480-6,Systolic blood pressure,163.3,mmHg,2025-03-23
OBS-00006870,PT-001201,ENC-0003430,8462-4,Diastolic blood pressure,86.4,mmHg,2025-03-23
OBS-00006871,PT-001202,ENC-0003431,8480-6,Systolic blood pressure,156.7,mmHg,2025-08-07
OBS-00006872,PT-001202,ENC-0003431,4548-4,Hemoglobin A1c,12.5,%,2025-08-07
OBS-00006873,PT-001202,ENC-0003431,4548-4,Hemoglobin A1c,7.8,%,2025-08-07
OBS-00006874,PT-001202,ENC-0003432,718-7,Hemoglobin,11.9,g/dL,2026-05-26
OBS-00006875,PT-001202,ENC-0003432,2339-0,Glucose,94.0,mg/dL,2026-05-26
OBS-00006876,PT-001202,ENC-0003432,2339-0,Glucose,175.5,mg/dL,2026-05-26
OBS-00006877,PT-001202,ENC-0003433,8480-6,Systolic blood pressure,138.7,mmHg,2024-12-28
OBS-00006878,PT-001202,ENC-0003433,8480-6,Systolic blood pressure,120.0,mmHg,2024-12-28
OBS-00006879,PT-001202,ENC-0003433,2160-0,Creatinine,3.2,mg/dL,2024-12-28
OBS-00006880,PT-001202,ENC-0003434,8480-6,Systolic blood pressure,179.4,mmHg,2025-10-27
OBS-00006881,PT-001202,ENC-0003434,2339-0,Glucose,133.8,mg/dL,2025-10-27
OBS-00006882,PT-001202,ENC-0003434,4548-4,Hemoglobin A1c,8.8,%,2025-10-27
OBS-00006883,PT-001203,ENC-0003435,2339-0,Glucose,201.5,mg/dL,2025-11-15
OBS-00006884,PT-001204,ENC-0003436,4548-4,Hemoglobin A1c,7.6,%,2025-04-07
OBS-00006885,PT-001204,ENC-0003436,8480-6,Systolic blood pressure,120.7,mmHg,2025-04-07
OBS-00006886,PT-001205,ENC-0003437,2339-0,Glucose,180.5,mg/dL,2025-10-06
OBS-00006887,PT-001206,ENC-0003438,8480-6,Systolic blood pressure,145.8,mmHg,2025-02-27
OBS-00006888,PT-001206,ENC-0003439,2339-0,Glucose,214.6,mg/dL,2024-10-31
OBS-00006889,PT-001206,ENC-0003439,2339-0,Glucose,146.7,mg/dL,2024-10-31
OBS-00006890,PT-001206,ENC-0003440,2160-0,Creatinine,3.7,mg/dL,2026-04-13
OBS-00006891,PT-001206,ENC-0003440,4548-4,Hemoglobin A1c,9.3,%,2026-04-13
OBS-00006892,PT-001206,ENC-0003440,2160-0,Creatinine,4.1,mg/dL,2026-04-13
OBS-00006893,PT-001207,ENC-0003441,2160-0,Creatinine,2.9,mg/dL,2024-09-28
OBS-00006894,PT-001207,ENC-0003441,718-7,Hemoglobin,14.6,g/dL,2024-09-28
OBS-00006895,PT-001207,ENC-0003442,4548-4,Hemoglobin A1c,9.1,%,2025-01-08
OBS-00006896,PT-001207,ENC-0003442,8462-4,Diastolic blood pressure,108.1,mmHg,2025-01-08
OBS-00006897,PT-001207,ENC-0003443,718-7,Hemoglobin,11.7,g/dL,2025-05-03
OBS-00006898,PT-001207,ENC-0003443,8480-6,Systolic blood pressure,131.6,mmHg,2025-05-03
OBS-00006899,PT-001207,ENC-0003443,2160-0,Creatinine,0.6,mg/dL,2025-05-03
OBS-00006900,PT-001207,ENC-0003444,8462-4,Diastolic blood pressure,94.9,mmHg,2024-11-26
OBS-00006901,PT-001207,ENC-0003445,2160-0,Creatinine,3.0,mg/dL,2025-12-20
OBS-00006902,PT-001208,ENC-0003446,8462-4,Diastolic blood pressure,96.9,mmHg,2025-08-30
OBS-00006903,PT-001208,ENC-0003446,4548-4,Hemoglobin A1c,7.1,%,2025-08-30
OBS-00006904,PT-001208,ENC-0003446,718-7,Hemoglobin,16.5,g/dL,2025-08-30
OBS-00006905,PT-001208,ENC-0003447,2160-0,Creatinine,3.6,mg/dL,2025-04-13
OBS-00006906,PT-001208,ENC-0003447,2160-0,Creatinine,2.6,mg/dL,2025-04-13
OBS-00006907,PT-001208,ENC-0003448,718-7,Hemoglobin,14.9,g/dL,2026-05-06
OBS-00006908,PT-001208,ENC-0003448,2160-0,Creatinine,1.5,mg/dL,2026-05-06
OBS-00006909,PT-001208,ENC-0003448,718-7,Hemoglobin,17.0,g/dL,2026-05-06
OBS-00006910,PT-001209,ENC-0003449,8480-6,Systolic blood pressure,160.2,mmHg,2024-12-26
OBS-00006911,PT-001209,ENC-0003449,718-7,Hemoglobin,15.8,g/dL,2024-12-26
OBS-00006912,PT-001210,ENC-0003450,8462-4,Diastolic blood pressure,56.0,mmHg,2025-10-30
OBS-00006913,PT-001210,ENC-0003450,4548-4,Hemoglobin A1c,7.1,%,2025-10-30
OBS-00006914,PT-001210,ENC-0003450,4548-4,Hemoglobin A1c,4.9,%,2025-10-30
OBS-00006915,PT-001210,ENC-0003451,8462-4,Diastolic blood pressure,67.9,mmHg,2026-06-30
OBS-00006916,PT-001210,ENC-0003451,8462-4,Diastolic blood pressure,92.9,mmHg,2026-06-30
OBS-00006917,PT-001211,ENC-0003452,4548-4,Hemoglobin A1c,5.4,%,2025-05-12
OBS-00006918,PT-001211,ENC-0003453,2160-0,Creatinine,3.1,mg/dL,2026-02-17
OBS-00006919,PT-001211,ENC-0003453,8462-4,Diastolic blood pressure,60.9,mmHg,2026-02-17
OBS-00006920,PT-001211,ENC-0003453,2339-0,Glucose,161.2,mg/dL,2026-02-17
OBS-00006921,PT-001212,ENC-0003454,718-7,Hemoglobin,15.9,g/dL,2025-02-11
OBS-00006922,PT-001212,ENC-0003455,2339-0,Glucose,243.1,mg/dL,2025-11-29
OBS-00006923,PT-001212,ENC-0003455,718-7,Hemoglobin,9.3,g/dL,2025-11-29
OBS-00006924,PT-001212,ENC-0003455,2160-0,Creatinine,2.5,mg/dL,2025-11-29
OBS-00006925,PT-001212,ENC-0003456,2160-0,Creatinine,1.0,mg/dL,2025-03-07
OBS-00006926,PT-001212,ENC-0003456,2339-0,Glucose,165.5,mg/dL,2025-03-07
OBS-00006927,PT-001213,ENC-0003457,2160-0,Creatinine,2.1,mg/dL,2024-10-23
OBS-00006928,PT-001213,ENC-0003457,2160-0,Creatinine,3.2,mg/dL,2024-10-23
OBS-00006929,PT-001213,ENC-0003457,4548-4,Hemoglobin A1c,6.7,%,2024-10-23
OBS-00006930,PT-001213,ENC-0003458,2339-0,Glucose,145.4,mg/dL,2025-10-06
OBS-00006931,PT-001213,ENC-0003459,718-7,Hemoglobin,15.2,g/dL,2025-06-18
OBS-00006932,PT-001213,ENC-0003459,2339-0,Glucose,126.5,mg/dL,2025-06-18
OBS-00006933,PT-001213,ENC-0003459,2160-0,Creatinine,3.9,mg/dL,2025-06-18
OBS-00006934,PT-001214,ENC-0003460,718-7,Hemoglobin,8.8,g/dL,2025-07-22
OBS-00006935,PT-001214,ENC-0003460,8462-4,Diastolic blood pressure,83.4,mmHg,2025-07-22
OBS-00006936,PT-001214,ENC-0003460,718-7,Hemoglobin,16.9,g/dL,2025-07-22
OBS-00006937,PT-001214,ENC-0003461,4548-4,Hemoglobin A1c,5.9,%,2026-03-16
OBS-00006938,PT-001214,ENC-0003461,4548-4,Hemoglobin A1c,10.9,%,2026-03-16
OBS-00006939,PT-001214,ENC-0003461,2160-0,Creatinine,3.4,mg/dL,2026-03-16
OBS-00006940,PT-001215,ENC-0003462,8462-4,Diastolic blood pressure,81.1,mmHg,2026-06-24
OBS-00006941,PT-001215,ENC-0003462,2339-0,Glucose,142.7,mg/dL,2026-06-24
OBS-00006942,PT-001216,ENC-0003463,8480-6,Systolic blood pressure,153.9,mmHg,2026-06-20
OBS-00006943,PT-001216,ENC-0003464,2339-0,Glucose,298.1,mg/dL,2026-07-02
OBS-00006944,PT-001216,ENC-0003464,2160-0,Creatinine,3.9,mg/dL,2026-07-02
OBS-00006945,PT-001216,ENC-0003464,718-7,Hemoglobin,12.6,g/dL,2026-07-02
OBS-00006946,PT-001217,ENC-0003465,718-7,Hemoglobin,16.5,g/dL,2025-04-17
OBS-00006947,PT-001217,ENC-0003465,8462-4,Diastolic blood pressure,77.7,mmHg,2025-04-17
OBS-00006948,PT-001217,ENC-0003465,8462-4,Diastolic blood pressure,90.4,mmHg,2025-04-17
OBS-00006949,PT-001217,ENC-0003466,2339-0,Glucose,168.5,mg/dL,2026-05-31
OBS-00006950,PT-001217,ENC-0003467,2160-0,Creatinine,1.9,mg/dL,2024-10-21
OBS-00006951,PT-001217,ENC-0003467,2339-0,Glucose,97.9,mg/dL,2024-10-21
OBS-00006952,PT-001217,ENC-0003468,8480-6,Systolic blood pressure,181.0,mmHg,2024-10-15
OBS-00006953,PT-001218,ENC-0003469,4548-4,Hemoglobin A1c,5.6,%,2025-08-19
OBS-00006954,PT-001218,ENC-0003469,718-7,Hemoglobin,9.7,g/dL,2025-08-19
OBS-00006955,PT-001218,ENC-0003470,8462-4,Diastolic blood pressure,80.7,mmHg,2025-08-18
OBS-00006956,PT-001218,ENC-0003470,2339-0,Glucose,171.5,mg/dL,2025-08-18
OBS-00006957,PT-001218,ENC-0003471,8462-4,Diastolic blood pressure,87.1,mmHg,2026-07-13
OBS-00006958,PT-001218,ENC-0003471,8462-4,Diastolic blood pressure,66.5,mmHg,2026-07-13
OBS-00006959,PT-001218,ENC-0003471,2160-0,Creatinine,2.5,mg/dL,2026-07-13
OBS-00006960,PT-001218,ENC-0003472,4548-4,Hemoglobin A1c,5.7,%,2024-09-30
OBS-00006961,PT-001218,ENC-0003472,4548-4,Hemoglobin A1c,4.9,%,2024-09-30
OBS-00006962,PT-001218,ENC-0003472,2339-0,Glucose,144.1,mg/dL,2024-09-30
OBS-00006963,PT-001219,ENC-0003473,4548-4,Hemoglobin A1c,12.4,%,2024-11-13
OBS-00006964,PT-001219,ENC-0003473,718-7,Hemoglobin,8.6,g/dL,2024-11-13
OBS-00006965,PT-001219,ENC-0003473,2339-0,Glucose,215.1,mg/dL,2024-11-13
OBS-00006966,PT-001219,ENC-0003474,2339-0,Glucose,280.9,mg/dL,2025-03-11
OBS-00006967,PT-001219,ENC-0003474,8462-4,Diastolic blood pressure,94.5,mmHg,2025-03-11
OBS-00006968,PT-001220,ENC-0003475,8480-6,Systolic blood pressure,122.4,mmHg,2025-12-18
OBS-00006969,PT-001220,ENC-0003475,8480-6,Systolic blood pressure,139.0,mmHg,2025-12-18
OBS-00006970,PT-001220,ENC-0003475,8480-6,Systolic blood pressure,167.0,mmHg,2025-12-18
OBS-00006971,PT-001221,ENC-0003476,8462-4,Diastolic blood pressure,93.3,mmHg,2024-10-03
OBS-00006972,PT-001221,ENC-0003476,4548-4,Hemoglobin A1c,6.0,%,2024-10-03
OBS-00006973,PT-001221,ENC-0003476,2339-0,Glucose,207.0,mg/dL,2024-10-03
OBS-00006974,PT-001221,ENC-0003477,4548-4,Hemoglobin A1c,5.9,%,2025-02-19
OBS-00006975,PT-001221,ENC-0003477,8462-4,Diastolic blood pressure,95.0,mmHg,2025-02-19
OBS-00006976,PT-001222,ENC-0003478,2339-0,Glucose,71.3,mg/dL,2025-10-18
OBS-00006977,PT-001222,ENC-0003479,718-7,Hemoglobin,16.2,g/dL,2025-12-14
OBS-00006978,PT-001222,ENC-0003479,2160-0,Creatinine,3.9,mg/dL,2025-12-14
OBS-00006979,PT-001222,ENC-0003479,2339-0,Glucose,187.6,mg/dL,2025-12-14
OBS-00006980,PT-001222,ENC-0003480,2339-0,Glucose,83.5,mg/dL,2025-10-17
OBS-00006981,PT-001222,ENC-0003480,4548-4,Hemoglobin A1c,12.0,%,2025-10-17
OBS-00006982,PT-001223,ENC-0003481,8480-6,Systolic blood pressure,101.1,mmHg,2025-03-12
OBS-00006983,PT-001223,ENC-0003482,2339-0,Glucose,313.3,mg/dL,2025-06-18
OBS-00006984,PT-001223,ENC-0003483,2160-0,Creatinine,3.8,mg/dL,2025-10-08
OBS-00006985,PT-001224,ENC-0003484,8462-4,Diastolic blood pressure,100.8,mmHg,2026-06-19
OBS-00006986,PT-001224,ENC-0003484,2160-0,Creatinine,3.1,mg/dL,2026-06-19
OBS-00006987,PT-001224,ENC-0003484,2160-0,Creatinine,1.1,mg/dL,2026-06-19
OBS-00006988,PT-001225,ENC-0003485,4548-4,Hemoglobin A1c,10.0,%,2025-04-24
OBS-00006989,PT-001225,ENC-0003485,8480-6,Systolic blood pressure,153.9,mmHg,2025-04-24
OBS-00006990,PT-001225,ENC-0003486,8462-4,Diastolic blood pressure,83.8,mmHg,2025-11-25
OBS-00006991,PT-001225,ENC-0003486,2160-0,Creatinine,1.9,mg/dL,2025-11-25
OBS-00006992,PT-001225,ENC-0003486,8480-6,Systolic blood pressure,158.2,mmHg,2025-11-25
OBS-00006993,PT-001225,ENC-0003487,8480-6,Systolic blood pressure,102.0,mmHg,2026-06-21
OBS-00006994,PT-001225,ENC-0003487,4548-4,Hemoglobin A1c,5.5,%,2026-06-21
OBS-00006995,PT-001226,ENC-0003488,718-7,Hemoglobin,10.3,g/dL,2024-09-29
OBS-00006996,PT-001226,ENC-0003488,8480-6,Systolic blood pressure,125.7,mmHg,2024-09-29
OBS-00006997,PT-001226,ENC-0003489,2160-0,Creatinine,0.7,mg/dL,2026-02-25
OBS-00006998,PT-001226,ENC-0003489,8462-4,Diastolic blood pressure,106.9,mmHg,2026-02-25
OBS-00006999,PT-001226,ENC-0003489,8462-4,Diastolic blood pressure,63.3,mmHg,2026-02-25
OBS-00007000,PT-001226,ENC-0003490,8480-6,Systolic blood pressure,95.3,mmHg,2025-07-14
OBS-00007001,PT-001226,ENC-0003490,2339-0,Glucose,86.8,mg/dL,2025-07-14
OBS-00007002,PT-001226,ENC-0003490,2339-0,Glucose,205.4,mg/dL,2025-07-14
OBS-00007003,PT-001227,ENC-0003491,718-7,Hemoglobin,16.4,g/dL,2025-09-11
OBS-00007004,PT-001227,ENC-0003491,8480-6,Systolic blood pressure,158.0,mmHg,2025-09-11
OBS-00007005,PT-001227,ENC-0003491,4548-4,Hemoglobin A1c,12.2,%,2025-09-11
OBS-00007006,PT-001227,ENC-0003492,8480-6,Systolic blood pressure,133.0,mmHg,2025-01-01
OBS-00007007,PT-001227,ENC-0003492,718-7,Hemoglobin,16.8,g/dL,2025-01-01
OBS-00007008,PT-001227,ENC-0003492,718-7,Hemoglobin,13.1,g/dL,2025-01-01
OBS-00007009,PT-001228,ENC-0003493,718-7,Hemoglobin,10.0,g/dL,2026-06-26
OBS-00007010,PT-001228,ENC-0003493,718-7,Hemoglobin,15.0,g/dL,2026-06-26
OBS-00007011,PT-001228,ENC-0003493,2339-0,Glucose,146.1,mg/dL,2026-06-26
OBS-00007012,PT-001229,ENC-0003494,8462-4,Diastolic blood pressure,88.7,mmHg,2025-10-13
OBS-00007013,PT-001229,ENC-0003494,4548-4,Hemoglobin A1c,8.2,%,2025-10-13
OBS-00007014,PT-001229,ENC-0003494,8462-4,Diastolic blood pressure,64.9,mmHg,2025-10-13
OBS-00007015,PT-001229,ENC-0003495,2160-0,Creatinine,2.5,mg/dL,2025-08-20
OBS-00007016,PT-001229,ENC-0003496,4548-4,Hemoglobin A1c,7.3,%,2024-11-24
OBS-00007017,PT-001229,ENC-0003496,8462-4,Diastolic blood pressure,70.7,mmHg,2024-11-24
OBS-00007018,PT-001229,ENC-0003496,2339-0,Glucose,107.6,mg/dL,2024-11-24
OBS-00007019,PT-001229,ENC-0003497,8462-4,Diastolic blood pressure,68.8,mmHg,2025-06-29
OBS-00007020,PT-001229,ENC-0003497,2339-0,Glucose,241.8,mg/dL,2025-06-29
OBS-00007021,PT-001229,ENC-0003497,2160-0,Creatinine,2.9,mg/dL,2025-06-29
OBS-00007022,PT-001230,ENC-0003498,8480-6,Systolic blood pressure,124.9,mmHg,2026-08-22
OBS-00007023,PT-001230,ENC-0003499,8480-6,Systolic blood pressure,109.0,mmHg,2025-03-08
OBS-00007024,PT-001230,ENC-0003499,2160-0,Creatinine,2.7,mg/dL,2025-03-08
OBS-00007025,PT-001230,ENC-0003500,2339-0,Glucose,118.4,mg/dL,2025-05-06
OBS-00007026,PT-001230,ENC-0003500,2160-0,Creatinine,1.5,mg/dL,2025-05-06
OBS-00007027,PT-001230,ENC-0003500,8462-4,Diastolic blood pressure,82.1,mmHg,2025-05-06
OBS-00007028,PT-001230,ENC-0003501,2160-0,Creatinine,1.4,mg/dL,2025-11-06
OBS-00007029,PT-001230,ENC-0003501,718-7,Hemoglobin,9.4,g/dL,2025-11-06
OBS-00007030,PT-001231,ENC-0003502,4548-4,Hemoglobin A1c,10.5,%,2026-07-21
OBS-00007031,PT-001231,ENC-0003502,2160-0,Creatinine,2.3,mg/dL,2026-07-21
OBS-00007032,PT-001231,ENC-0003502,8480-6,Systolic blood pressure,138.4,mmHg,2026-07-21
OBS-00007033,PT-001231,ENC-0003503,2339-0,Glucose,194.6,mg/dL,2026-01-12
OBS-00007034,PT-001231,ENC-0003503,8480-6,Systolic blood pressure,145.9,mmHg,2026-01-12
OBS-00007035,PT-001232,ENC-0003504,718-7,Hemoglobin,15.3,g/dL,2026-09-09
OBS-00007036,PT-001232,ENC-0003505,8462-4,Diastolic blood pressure,83.2,mmHg,2025-01-06
OBS-00007037,PT-001232,ENC-0003506,2339-0,Glucose,264.7,mg/dL,2025-03-14
OBS-00007038,PT-001232,ENC-0003506,2339-0,Glucose,131.1,mg/dL,2025-03-14
OBS-00007039,PT-001233,ENC-0003507,718-7,Hemoglobin,8.5,g/dL,2025-10-18
OBS-00007040,PT-001233,ENC-0003508,8480-6,Systolic blood pressure,102.5,mmHg,2024-11-10
OBS-00007041,PT-001233,ENC-0003509,4548-4,Hemoglobin A1c,6.7,%,2026-04-03
OBS-00007042,PT-001233,ENC-0003509,2160-0,Creatinine,2.2,mg/dL,2026-04-03
OBS-00007043,PT-001234,ENC-0003510,718-7,Hemoglobin,13.8,g/dL,2026-07-22
OBS-00007044,PT-001234,ENC-0003510,2160-0,Creatinine,1.0,mg/dL,2026-07-22
OBS-00007045,PT-001234,ENC-0003511,8462-4,Diastolic blood pressure,58.2,mmHg,2025-06-04
OBS-00007046,PT-001234,ENC-0003511,2160-0,Creatinine,3.6,mg/dL,2025-06-04
OBS-00007047,PT-001234,ENC-0003511,2160-0,Creatinine,1.7,mg/dL,2025-06-04
OBS-00007048,PT-001235,ENC-0003512,718-7,Hemoglobin,8.6,g/dL,2025-01-14
OBS-00007049,PT-001235,ENC-0003512,4548-4,Hemoglobin A1c,6.6,%,2025-01-14
OBS-00007050,PT-001235,ENC-0003512,4548-4,Hemoglobin A1c,7.4,%,2025-01-14
OBS-00007051,PT-001235,ENC-0003513,8480-6,Systolic blood pressure,129.1,mmHg,2026-02-08
OBS-00007052,PT-001235,ENC-0003513,718-7,Hemoglobin,9.5,g/dL,2026-02-08
OBS-00007053,PT-001235,ENC-0003513,8462-4,Diastolic blood pressure,91.7,mmHg,2026-02-08
OBS-00007054,PT-001235,ENC-0003514,2160-0,Creatinine,3.7,mg/dL,2025-12-10
OBS-00007055,PT-001235,ENC-0003514,8480-6,Systolic blood pressure,156.0,mmHg,2025-12-10
OBS-00007056,PT-001235,ENC-0003514,718-7,Hemoglobin,9.1,g/dL,2025-12-10
OBS-00007057,PT-001235,ENC-0003515,8462-4,Diastolic blood pressure,108.3,mmHg,2025-03-04
OBS-00007058,PT-001235,ENC-0003515,2339-0,Glucose,156.3,mg/dL,2025-03-04
OBS-00007059,PT-001235,ENC-0003515,2160-0,Creatinine,1.9,mg/dL,2025-03-04
OBS-00007060,PT-001236,ENC-0003516,8462-4,Diastolic blood pressure,104.3,mmHg,2025-03-27
OBS-00007061,PT-001236,ENC-0003516,4548-4,Hemoglobin A1c,11.2,%,2025-03-27
OBS-00007062,PT-001236,ENC-0003516,8462-4,Diastolic blood pressure,60.2,mmHg,2025-03-27
OBS-00007063,PT-001236,ENC-0003517,2160-0,Creatinine,2.7,mg/dL,2025-07-17
OBS-00007064,PT-001236,ENC-0003518,4548-4,Hemoglobin A1c,6.6,%,2024-09-20
OBS-00007065,PT-001236,ENC-0003519,2160-0,Creatinine,2.8,mg/dL,2025-12-07
OBS-00007066,PT-001236,ENC-0003519,2339-0,Glucose,173.0,mg/dL,2025-12-07
OBS-00007067,PT-001237,ENC-0003520,8462-4,Diastolic blood pressure,103.2,mmHg,2025-02-03
OBS-00007068,PT-001237,ENC-0003521,8462-4,Diastolic blood pressure,87.7,mmHg,2026-01-02
OBS-00007069,PT-001237,ENC-0003521,4548-4,Hemoglobin A1c,11.5,%,2026-01-02
OBS-00007070,PT-001237,ENC-0003521,718-7,Hemoglobin,16.2,g/dL,2026-01-02
OBS-00007071,PT-001238,ENC-0003522,4548-4,Hemoglobin A1c,10.6,%,2024-12-16
OBS-00007072,PT-001238,ENC-0003522,2160-0,Creatinine,2.9,mg/dL,2024-12-16
OBS-00007073,PT-001238,ENC-0003522,8480-6,Systolic blood pressure,168.8,mmHg,2024-12-16
OBS-00007074,PT-001238,ENC-0003523,2339-0,Glucose,89.1,mg/dL,2025-08-02
OBS-00007075,PT-001238,ENC-0003523,2160-0,Creatinine,1.6,mg/dL,2025-08-02
OBS-00007076,PT-001238,ENC-0003524,4548-4,Hemoglobin A1c,9.7,%,2025-06-18
OBS-00007077,PT-001238,ENC-0003524,4548-4,Hemoglobin A1c,9.9,%,2025-06-18
OBS-00007078,PT-001238,ENC-0003524,2160-0,Creatinine,1.1,mg/dL,2025-06-18
OBS-00007079,PT-001239,ENC-0003525,4548-4,Hemoglobin A1c,8.8,%,2026-06-03
OBS-00007080,PT-001239,ENC-0003525,2339-0,Glucose,186.9,mg/dL,2026-06-03
OBS-00007081,PT-001240,ENC-0003526,2160-0,Creatinine,4.1,mg/dL,2024-11-30
OBS-00007082,PT-001240,ENC-0003526,718-7,Hemoglobin,11.9,g/dL,2024-11-30
OBS-00007083,PT-001241,ENC-0003527,2339-0,Glucose,75.9,mg/dL,2024-12-20
OBS-00007084,PT-001241,ENC-0003527,8462-4,Diastolic blood pressure,96.0,mmHg,2024-12-20
OBS-00007085,PT-001241,ENC-0003527,8462-4,Diastolic blood pressure,102.7,mmHg,2024-12-20
OBS-00007086,PT-001241,ENC-0003528,718-7,Hemoglobin,13.3,g/dL,2025-10-23
OBS-00007087,PT-001241,ENC-0003529,2160-0,Creatinine,1.8,mg/dL,2025-11-23
OBS-00007088,PT-001242,ENC-0003530,718-7,Hemoglobin,12.9,g/dL,2026-03-11
OBS-00007089,PT-001242,ENC-0003530,2339-0,Glucose,195.1,mg/dL,2026-03-11
OBS-00007090,PT-001242,ENC-0003531,718-7,Hemoglobin,8.6,g/dL,2026-09-10
OBS-00007091,PT-001242,ENC-0003531,2339-0,Glucose,176.0,mg/dL,2026-09-10
OBS-00007092,PT-001243,ENC-0003532,718-7,Hemoglobin,10.5,g/dL,2026-06-29
OBS-00007093,PT-001243,ENC-0003532,2160-0,Creatinine,3.0,mg/dL,2026-06-29
OBS-00007094,PT-001243,ENC-0003533,8480-6,Systolic blood pressure,165.7,mmHg,2025-11-25
OBS-00007095,PT-001244,ENC-0003534,718-7,Hemoglobin,15.8,g/dL,2024-12-07
OBS-00007096,PT-001244,ENC-0003534,8480-6,Systolic blood pressure,138.4,mmHg,2024-12-07
OBS-00007097,PT-001244,ENC-0003534,2339-0,Glucose,107.2,mg/dL,2024-12-07
OBS-00007098,PT-001244,ENC-0003535,2160-0,Creatinine,1.1,mg/dL,2025-04-07
OBS-00007099,PT-001244,ENC-0003535,2160-0,Creatinine,1.8,mg/dL,2025-04-07
OBS-00007100,PT-001244,ENC-0003535,718-7,Hemoglobin,11.5,g/dL,2025-04-07
OBS-00007101,PT-001244,ENC-0003536,2160-0,Creatinine,0.8,mg/dL,2026-06-30
OBS-00007102,PT-001244,ENC-0003536,4548-4,Hemoglobin A1c,7.1,%,2026-06-30
OBS-00007103,PT-001244,ENC-0003537,718-7,Hemoglobin,16.8,g/dL,2025-02-02
OBS-00007104,PT-001244,ENC-0003537,8462-4,Diastolic blood pressure,78.7,mmHg,2025-02-02
OBS-00007105,PT-001244,ENC-0003538,4548-4,Hemoglobin A1c,12.3,%,2026-04-01
OBS-00007106,PT-001244,ENC-0003538,8462-4,Diastolic blood pressure,62.9,mmHg,2026-04-01
OBS-00007107,PT-001244,ENC-0003538,718-7,Hemoglobin,8.3,g/dL,2026-04-01
OBS-00007108,PT-001245,ENC-0003539,4548-4,Hemoglobin A1c,11.6,%,2025-03-05
OBS-00007109,PT-001245,ENC-0003539,2160-0,Creatinine,3.3,mg/dL,2025-03-05
OBS-00007110,PT-001245,ENC-0003539,2339-0,Glucose,116.3,mg/dL,2025-03-05
OBS-00007111,PT-001245,ENC-0003540,2339-0,Glucose,100.6,mg/dL,2026-07-08
OBS-00007112,PT-001245,ENC-0003540,8462-4,Diastolic blood pressure,76.4,mmHg,2026-07-08
OBS-00007113,PT-001245,ENC-0003541,8462-4,Diastolic blood pressure,61.6,mmHg,2025-02-17
OBS-00007114,PT-001245,ENC-0003541,8462-4,Diastolic blood pressure,98.7,mmHg,2025-02-17
OBS-00007115,PT-001246,ENC-0003542,8462-4,Diastolic blood pressure,87.7,mmHg,2025-01-13
OBS-00007116,PT-001246,ENC-0003542,4548-4,Hemoglobin A1c,8.3,%,2025-01-13
OBS-00007117,PT-001246,ENC-0003542,2160-0,Creatinine,0.8,mg/dL,2025-01-13
OBS-00007118,PT-001246,ENC-0003543,4548-4,Hemoglobin A1c,11.1,%,2024-10-05
OBS-00007119,PT-001246,ENC-0003543,718-7,Hemoglobin,8.7,g/dL,2024-10-05
OBS-00007120,PT-001246,ENC-0003543,2339-0,Glucose,179.7,mg/dL,2024-10-05
OBS-00007121,PT-001246,ENC-0003544,2339-0,Glucose,182.3,mg/dL,2026-06-30
OBS-00007122,PT-001246,ENC-0003545,4548-4,Hemoglobin A1c,10.1,%,2025-05-27
OBS-00007123,PT-001246,ENC-0003545,8480-6,Systolic blood pressure,139.2,mmHg,2025-05-27
OBS-00007124,PT-001246,ENC-0003545,8480-6,Systolic blood pressure,111.6,mmHg,2025-05-27
OBS-00007125,PT-001246,ENC-0003546,2339-0,Glucose,225.1,mg/dL,2025-04-05
OBS-00007126,PT-001246,ENC-0003546,8462-4,Diastolic blood pressure,69.4,mmHg,2025-04-05
OBS-00007127,PT-001247,ENC-0003547,2339-0,Glucose,266.8,mg/dL,2026-06-18
OBS-00007128,PT-001247,ENC-0003547,8480-6,Systolic blood pressure,161.3,mmHg,2026-06-18
OBS-00007129,PT-001247,ENC-0003548,4548-4,Hemoglobin A1c,8.2,%,2025-12-14
OBS-00007130,PT-001247,ENC-0003548,8480-6,Systolic blood pressure,137.2,mmHg,2025-12-14
OBS-00007131,PT-001247,ENC-0003548,4548-4,Hemoglobin A1c,7.5,%,2025-12-14
OBS-00007132,PT-001247,ENC-0003549,4548-4,Hemoglobin A1c,8.4,%,2025-10-17
OBS-00007133,PT-001247,ENC-0003549,2160-0,Creatinine,3.5,mg/dL,2025-10-17
OBS-00007134,PT-001247,ENC-0003549,2339-0,Glucose,214.2,mg/dL,2025-10-17
OBS-00007135,PT-001247,ENC-0003550,4548-4,Hemoglobin A1c,11.8,%,2025-12-08
OBS-00007136,PT-001247,ENC-0003550,2160-0,Creatinine,3.7,mg/dL,2025-12-08
OBS-00007137,PT-001247,ENC-0003551,718-7,Hemoglobin,10.2,g/dL,2026-04-14
OBS-00007138,PT-001247,ENC-0003551,718-7,Hemoglobin,9.4,g/dL,2026-04-14
OBS-00007139,PT-001248,ENC-0003552,718-7,Hemoglobin,15.6,g/dL,2026-04-14
OBS-00007140,PT-001248,ENC-0003552,2160-0,Creatinine,1.3,mg/dL,2026-04-14
OBS-00007141,PT-001248,ENC-0003553,718-7,Hemoglobin,11.9,g/dL,2026-03-01
OBS-00007142,PT-001248,ENC-0003553,2160-0,Creatinine,1.2,mg/dL,2026-03-01
OBS-00007143,PT-001248,ENC-0003553,8462-4,Diastolic blood pressure,93.8,mmHg,2026-03-01
OBS-00007144,PT-001249,ENC-0003554,718-7,Hemoglobin,8.8,g/dL,2025-05-26
OBS-00007145,PT-001249,ENC-0003554,8480-6,Systolic blood pressure,157.9,mmHg,2025-05-26
OBS-00007146,PT-001249,ENC-0003555,8480-6,Systolic blood pressure,122.2,mmHg,2025-04-04
OBS-00007147,PT-001249,ENC-0003555,8480-6,Systolic blood pressure,179.2,mmHg,2025-04-04
OBS-00007148,PT-001249,ENC-0003556,718-7,Hemoglobin,16.9,g/dL,2025-05-29
OBS-00007149,PT-001249,ENC-0003556,718-7,Hemoglobin,10.2,g/dL,2025-05-29
OBS-00007150,PT-001249,ENC-0003556,4548-4,Hemoglobin A1c,5.5,%,2025-05-29
OBS-00007151,PT-001250,ENC-0003557,8462-4,Diastolic blood pressure,79.8,mmHg,2024-12-19
OBS-00007152,PT-001250,ENC-0003557,8462-4,Diastolic blood pressure,77.7,mmHg,2024-12-19
OBS-00007153,PT-001250,ENC-0003557,8462-4,Diastolic blood pressure,65.8,mmHg,2024-12-19
OBS-00007154,PT-001251,ENC-0003558,8480-6,Systolic blood pressure,144.5,mmHg,2026-05-21
OBS-00007155,PT-001251,ENC-0003558,718-7,Hemoglobin,10.1,g/dL,2026-05-21
OBS-00007156,PT-001251,ENC-0003558,2160-0,Creatinine,1.4,mg/dL,2026-05-21
OBS-00007157,PT-001251,ENC-0003559,2339-0,Glucose,286.7,mg/dL,2024-12-27
OBS-00007158,PT-001251,ENC-0003559,4548-4,Hemoglobin A1c,7.7,%,2024-12-27
OBS-00007159,PT-001251,ENC-0003559,4548-4,Hemoglobin A1c,11.0,%,2024-12-27
OBS-00007160,PT-001251,ENC-0003560,2160-0,Creatinine,2.6,mg/dL,2025-01-03
OBS-00007161,PT-001251,ENC-0003560,8480-6,Systolic blood pressure,178.3,mmHg,2025-01-03
OBS-00007162,PT-001251,ENC-0003560,8462-4,Diastolic blood pressure,69.2,mmHg,2025-01-03
OBS-00007163,PT-001251,ENC-0003561,2339-0,Glucose,82.6,mg/dL,2026-04-26
OBS-00007164,PT-001251,ENC-0003561,8480-6,Systolic blood pressure,153.5,mmHg,2026-04-26
OBS-00007165,PT-001251,ENC-0003562,2339-0,Glucose,297.4,mg/dL,2025-12-22
OBS-00007166,PT-001251,ENC-0003562,4548-4,Hemoglobin A1c,7.7,%,2025-12-22
OBS-00007167,PT-001252,ENC-0003563,2160-0,Creatinine,3.6,mg/dL,2026-04-23
OBS-00007168,PT-001252,ENC-0003563,8480-6,Systolic blood pressure,145.7,mmHg,2026-04-23
OBS-00007169,PT-001252,ENC-0003563,4548-4,Hemoglobin A1c,6.7,%,2026-04-23
OBS-00007170,PT-001252,ENC-0003564,2160-0,Creatinine,1.7,mg/dL,2026-02-18
OBS-00007171,PT-001252,ENC-0003564,2160-0,Creatinine,1.7,mg/dL,2026-02-18
OBS-00007172,PT-001252,ENC-0003564,8480-6,Systolic blood pressure,172.9,mmHg,2026-02-18
OBS-00007173,PT-001252,ENC-0003565,4548-4,Hemoglobin A1c,11.7,%,2025-12-16
OBS-00007174,PT-001252,ENC-0003566,8480-6,Systolic blood pressure,151.1,mmHg,2025-11-02
OBS-00007175,PT-001253,ENC-0003567,718-7,Hemoglobin,10.4,g/dL,2025-04-28
OBS-00007176,PT-001253,ENC-0003567,4548-4,Hemoglobin A1c,7.1,%,2025-04-28
OBS-00007177,PT-001253,ENC-0003568,4548-4,Hemoglobin A1c,7.8,%,2025-12-02
OBS-00007178,PT-001253,ENC-0003568,8462-4,Diastolic blood pressure,83.6,mmHg,2025-12-02
OBS-00007179,PT-001253,ENC-0003568,718-7,Hemoglobin,10.1,g/dL,2025-12-02
OBS-00007180,PT-001253,ENC-0003569,2339-0,Glucose,284.8,mg/dL,2025-09-02
OBS-00007181,PT-001253,ENC-0003570,2160-0,Creatinine,4.3,mg/dL,2025-12-20
OBS-00007182,PT-001254,ENC-0003571,8480-6,Systolic blood pressure,97.0,mmHg,2024-12-22
OBS-00007183,PT-001254,ENC-0003571,718-7,Hemoglobin,13.6,g/dL,2024-12-22
OBS-00007184,PT-001254,ENC-0003571,8480-6,Systolic blood pressure,141.6,mmHg,2024-12-22
OBS-00007185,PT-001254,ENC-0003572,8462-4,Diastolic blood pressure,92.3,mmHg,2026-07-31
OBS-00007186,PT-001254,ENC-0003573,2339-0,Glucose,122.1,mg/dL,2025-11-08
OBS-00007187,PT-001254,ENC-0003573,8480-6,Systolic blood pressure,160.1,mmHg,2025-11-08
OBS-00007188,PT-001254,ENC-0003573,4548-4,Hemoglobin A1c,7.1,%,2025-11-08
OBS-00007189,PT-001254,ENC-0003574,8462-4,Diastolic blood pressure,103.4,mmHg,2025-07-08
OBS-00007190,PT-001255,ENC-0003575,4548-4,Hemoglobin A1c,10.2,%,2026-06-11
OBS-00007191,PT-001255,ENC-0003576,2339-0,Glucose,143.1,mg/dL,2026-06-18
OBS-00007192,PT-001255,ENC-0003577,2160-0,Creatinine,1.2,mg/dL,2025-08-22
OBS-00007193,PT-001255,ENC-0003578,2160-0,Creatinine,3.3,mg/dL,2025-04-15
OBS-00007194,PT-001256,ENC-0003579,2160-0,Creatinine,4.1,mg/dL,2025-08-23
OBS-00007195,PT-001256,ENC-0003580,2339-0,Glucose,126.2,mg/dL,2025-05-11
OBS-00007196,PT-001256,ENC-0003580,4548-4,Hemoglobin A1c,6.5,%,2025-05-11
OBS-00007197,PT-001256,ENC-0003581,8480-6,Systolic blood pressure,150.9,mmHg,2024-09-29
OBS-00007198,PT-001257,ENC-0003582,2160-0,Creatinine,3.0,mg/dL,2026-07-29
OBS-00007199,PT-001257,ENC-0003583,2160-0,Creatinine,3.3,mg/dL,2025-06-05
OBS-00007200,PT-001257,ENC-0003583,2160-0,Creatinine,3.5,mg/dL,2025-06-05
OBS-00007201,PT-001257,ENC-0003584,2160-0,Creatinine,0.8,mg/dL,2025-11-19
OBS-00007202,PT-001257,ENC-0003584,8480-6,Systolic blood pressure,160.3,mmHg,2025-11-19
OBS-00007203,PT-001257,ENC-0003585,8480-6,Systolic blood pressure,155.4,mmHg,2024-12-17
OBS-00007204,PT-001258,ENC-0003586,4548-4,Hemoglobin A1c,5.7,%,2025-01-15
OBS-00007205,PT-001258,ENC-0003586,2160-0,Creatinine,2.1,mg/dL,2025-01-15
OBS-00007206,PT-001258,ENC-0003586,8480-6,Systolic blood pressure,175.8,mmHg,2025-01-15
OBS-00007207,PT-001258,ENC-0003587,8480-6,Systolic blood pressure,107.1,mmHg,2025-04-24
OBS-00007208,PT-001258,ENC-0003587,2160-0,Creatinine,1.5,mg/dL,2025-04-24
OBS-00007209,PT-001258,ENC-0003588,2160-0,Creatinine,3.4,mg/dL,2026-06-09
OBS-00007210,PT-001259,ENC-0003589,4548-4,Hemoglobin A1c,9.8,%,2025-03-11
OBS-00007211,PT-001259,ENC-0003590,2160-0,Creatinine,1.8,mg/dL,2025-07-30
OBS-00007212,PT-001259,ENC-0003591,4548-4,Hemoglobin A1c,7.2,%,2026-06-09
OBS-00007213,PT-001259,ENC-0003592,2160-0,Creatinine,3.6,mg/dL,2026-08-16
OBS-00007214,PT-001259,ENC-0003592,8480-6,Systolic blood pressure,179.1,mmHg,2026-08-16
OBS-00007215,PT-001260,ENC-0003593,2160-0,Creatinine,3.5,mg/dL,2026-07-29
OBS-00007216,PT-001261,ENC-0003594,4548-4,Hemoglobin A1c,10.8,%,2025-03-27
OBS-00007217,PT-001261,ENC-0003594,718-7,Hemoglobin,14.0,g/dL,2025-03-27
OBS-00007218,PT-001261,ENC-0003594,2339-0,Glucose,227.0,mg/dL,2025-03-27
OBS-00007219,PT-001262,ENC-0003595,8462-4,Diastolic blood pressure,100.5,mmHg,2026-03-14
OBS-00007220,PT-001262,ENC-0003595,8480-6,Systolic blood pressure,171.2,mmHg,2026-03-14
OBS-00007221,PT-001263,ENC-0003596,4548-4,Hemoglobin A1c,8.2,%,2026-04-04
OBS-00007222,PT-001263,ENC-0003596,8462-4,Diastolic blood pressure,60.5,mmHg,2026-04-04
OBS-00007223,PT-001264,ENC-0003597,8462-4,Diastolic blood pressure,103.0,mmHg,2025-03-11
OBS-00007224,PT-001264,ENC-0003597,8462-4,Diastolic blood pressure,88.0,mmHg,2025-03-11
OBS-00007225,PT-001264,ENC-0003598,4548-4,Hemoglobin A1c,6.0,%,2026-08-30
OBS-00007226,PT-001264,ENC-0003598,4548-4,Hemoglobin A1c,5.5,%,2026-08-30
OBS-00007227,PT-001264,ENC-0003598,8480-6,Systolic blood pressure,167.1,mmHg,2026-08-30
OBS-00007228,PT-001265,ENC-0003599,718-7,Hemoglobin,14.2,g/dL,2025-07-24
OBS-00007229,PT-001266,ENC-0003600,2160-0,Creatinine,2.8,mg/dL,2025-05-06
OBS-00007230,PT-001266,ENC-0003600,8480-6,Systolic blood pressure,98.0,mmHg,2025-05-06
OBS-00007231,PT-001266,ENC-0003601,8480-6,Systolic blood pressure,132.5,mmHg,2026-04-20
OBS-00007232,PT-001267,ENC-0003602,8462-4,Diastolic blood pressure,101.2,mmHg,2025-06-21
OBS-00007233,PT-001267,ENC-0003603,2339-0,Glucose,150.9,mg/dL,2025-02-07
OBS-00007234,PT-001267,ENC-0003603,718-7,Hemoglobin,12.7,g/dL,2025-02-07
OBS-00007235,PT-001268,ENC-0003604,2339-0,Glucose,160.4,mg/dL,2026-05-15
OBS-00007236,PT-001268,ENC-0003605,2160-0,Creatinine,2.6,mg/dL,2024-12-24
OBS-00007237,PT-001269,ENC-0003606,2339-0,Glucose,77.4,mg/dL,2026-01-22
OBS-00007238,PT-001269,ENC-0003607,4548-4,Hemoglobin A1c,10.7,%,2026-06-07
OBS-00007239,PT-001270,ENC-0003608,8462-4,Diastolic blood pressure,94.9,mmHg,2026-04-02
OBS-00007240,PT-001270,ENC-0003609,2339-0,Glucose,135.7,mg/dL,2025-11-08
OBS-00007241,PT-001271,ENC-0003610,8462-4,Diastolic blood pressure,61.2,mmHg,2026-04-15
OBS-00007242,PT-001271,ENC-0003611,8462-4,Diastolic blood pressure,108.1,mmHg,2026-06-01
OBS-00007243,PT-001272,ENC-0003612,2160-0,Creatinine,2.1,mg/dL,2025-01-14
OBS-00007244,PT-001272,ENC-0003612,2160-0,Creatinine,1.3,mg/dL,2025-01-14
OBS-00007245,PT-001272,ENC-0003613,718-7,Hemoglobin,8.5,g/dL,2025-04-24
OBS-00007246,PT-001272,ENC-0003614,8462-4,Diastolic blood pressure,107.0,mmHg,2026-06-27
OBS-00007247,PT-001272,ENC-0003614,718-7,Hemoglobin,12.6,g/dL,2026-06-27
OBS-00007248,PT-001272,ENC-0003614,718-7,Hemoglobin,12.3,g/dL,2026-06-27
OBS-00007249,PT-001272,ENC-0003615,2339-0,Glucose,128.5,mg/dL,2025-08-23
OBS-00007250,PT-001272,ENC-0003616,4548-4,Hemoglobin A1c,8.5,%,2026-06-26
OBS-00007251,PT-001272,ENC-0003616,2339-0,Glucose,225.9,mg/dL,2026-06-26
OBS-00007252,PT-001273,ENC-0003617,8462-4,Diastolic blood pressure,76.2,mmHg,2025-02-07
OBS-00007253,PT-001273,ENC-0003618,2339-0,Glucose,294.0,mg/dL,2024-10-27
OBS-00007254,PT-001274,ENC-0003619,8462-4,Diastolic blood pressure,96.1,mmHg,2025-01-24
OBS-00007255,PT-001274,ENC-0003619,2160-0,Creatinine,2.4,mg/dL,2025-01-24
OBS-00007256,PT-001274,ENC-0003619,2160-0,Creatinine,2.9,mg/dL,2025-01-24
OBS-00007257,PT-001274,ENC-0003620,8462-4,Diastolic blood pressure,76.6,mmHg,2025-01-07
OBS-00007258,PT-001274,ENC-0003620,8462-4,Diastolic blood pressure,105.4,mmHg,2025-01-07
OBS-00007259,PT-001275,ENC-0003621,2339-0,Glucose,169.3,mg/dL,2026-09-18
OBS-00007260,PT-001276,ENC-0003622,2339-0,Glucose,317.7,mg/dL,2025-02-02
OBS-00007261,PT-001276,ENC-0003622,4548-4,Hemoglobin A1c,5.0,%,2025-02-02
OBS-00007262,PT-001276,ENC-0003623,2339-0,Glucose,190.7,mg/dL,2025-04-30
OBS-00007263,PT-001277,ENC-0003624,2339-0,Glucose,169.1,mg/dL,2026-04-13
OBS-00007264,PT-001277,ENC-0003625,2160-0,Creatinine,2.8,mg/dL,2025-08-01
OBS-00007265,PT-001277,ENC-0003625,8462-4,Diastolic blood pressure,107.4,mmHg,2025-08-01
OBS-00007266,PT-001277,ENC-0003625,8480-6,Systolic blood pressure,179.9,mmHg,2025-08-01
OBS-00007267,PT-001277,ENC-0003626,8480-6,Systolic blood pressure,121.5,mmHg,2026-02-21
OBS-00007268,PT-001277,ENC-0003626,4548-4,Hemoglobin A1c,6.2,%,2026-02-21
OBS-00007269,PT-001277,ENC-0003626,2160-0,Creatinine,2.7,mg/dL,2026-02-21
OBS-00007270,PT-001278,ENC-0003627,8462-4,Diastolic blood pressure,94.5,mmHg,2025-02-22
OBS-00007271,PT-001278,ENC-0003627,8480-6,Systolic blood pressure,133.9,mmHg,2025-02-22
OBS-00007272,PT-001278,ENC-0003627,2339-0,Glucose,243.1,mg/dL,2025-02-22
OBS-00007273,PT-001279,ENC-0003628,8480-6,Systolic blood pressure,102.2,mmHg,2024-11-19
OBS-00007274,PT-001279,ENC-0003628,8462-4,Diastolic blood pressure,96.1,mmHg,2024-11-19
OBS-00007275,PT-001279,ENC-0003628,8462-4,Diastolic blood pressure,84.5,mmHg,2024-11-19
OBS-00007276,PT-001279,ENC-0003629,718-7,Hemoglobin,13.0,g/dL,2025-07-06
OBS-00007277,PT-001279,ENC-0003629,2339-0,Glucose,72.6,mg/dL,2025-07-06
OBS-00007278,PT-001279,ENC-0003629,8462-4,Diastolic blood pressure,95.6,mmHg,2025-07-06
OBS-00007279,PT-001280,ENC-0003630,2160-0,Creatinine,2.4,mg/dL,2025-06-06
OBS-00007280,PT-001280,ENC-0003631,4548-4,Hemoglobin A1c,11.1,%,2025-05-31
OBS-00007281,PT-001280,ENC-0003631,4548-4,Hemoglobin A1c,9.5,%,2025-05-31
OBS-00007282,PT-001280,ENC-0003631,4548-4,Hemoglobin A1c,11.1,%,2025-05-31
OBS-00007283,PT-001281,ENC-0003632,4548-4,Hemoglobin A1c,12.3,%,2025-08-06
OBS-00007284,PT-001281,ENC-0003632,718-7,Hemoglobin,12.5,g/dL,2025-08-06
OBS-00007285,PT-001281,ENC-0003632,4548-4,Hemoglobin A1c,7.4,%,2025-08-06
OBS-00007286,PT-001281,ENC-0003633,8480-6,Systolic blood pressure,97.3,mmHg,2024-11-10
OBS-00007287,PT-001281,ENC-0003633,718-7,Hemoglobin,16.4,g/dL,2024-11-10
OBS-00007288,PT-001282,ENC-0003634,4548-4,Hemoglobin A1c,5.8,%,2026-06-16
OBS-00007289,PT-001282,ENC-0003634,2160-0,Creatinine,4.0,mg/dL,2026-06-16
OBS-00007290,PT-001283,ENC-0003635,8480-6,Systolic blood pressure,125.3,mmHg,2026-01-17
OBS-00007291,PT-001283,ENC-0003635,2160-0,Creatinine,3.8,mg/dL,2026-01-17
OBS-00007292,PT-001284,ENC-0003636,4548-4,Hemoglobin A1c,9.5,%,2025-11-19
OBS-00007293,PT-001284,ENC-0003636,4548-4,Hemoglobin A1c,11.7,%,2025-11-19
OBS-00007294,PT-001284,ENC-0003637,718-7,Hemoglobin,15.2,g/dL,2025-06-25
OBS-00007295,PT-001284,ENC-0003638,8462-4,Diastolic blood pressure,67.6,mmHg,2025-09-09
OBS-00007296,PT-001284,ENC-0003638,8462-4,Diastolic blood pressure,76.3,mmHg,2025-09-09
OBS-00007297,PT-001284,ENC-0003638,4548-4,Hemoglobin A1c,10.7,%,2025-09-09
OBS-00007298,PT-001284,ENC-0003639,2339-0,Glucose,155.1,mg/dL,2026-09-08
OBS-00007299,PT-001284,ENC-0003639,2160-0,Creatinine,1.8,mg/dL,2026-09-08
OBS-00007300,PT-001284,ENC-0003639,2339-0,Glucose,147.3,mg/dL,2026-09-08
OBS-00007301,PT-001285,ENC-0003640,8462-4,Diastolic blood pressure,86.5,mmHg,2026-09-03
OBS-00007302,PT-001285,ENC-0003640,718-7,Hemoglobin,16.8,g/dL,2026-09-03
OBS-00007303,PT-001285,ENC-0003640,8462-4,Diastolic blood pressure,102.5,mmHg,2026-09-03
OBS-00007304,PT-001286,ENC-0003641,2160-0,Creatinine,3.9,mg/dL,2026-04-17
OBS-00007305,PT-001286,ENC-0003642,2160-0,Creatinine,3.2,mg/dL,2025-06-10
OBS-00007306,PT-001286,ENC-0003643,718-7,Hemoglobin,8.9,g/dL,2024-12-04
OBS-00007307,PT-001286,ENC-0003643,4548-4,Hemoglobin A1c,7.8,%,2024-12-04
OBS-00007308,PT-001287,ENC-0003644,2160-0,Creatinine,3.9,mg/dL,2025-07-20
OBS-00007309,PT-001287,ENC-0003644,8480-6,Systolic blood pressure,168.6,mmHg,2025-07-20
OBS-00007310,PT-001287,ENC-0003645,8462-4,Diastolic blood pressure,85.5,mmHg,2026-03-28
OBS-00007311,PT-001288,ENC-0003646,718-7,Hemoglobin,9.3,g/dL,2026-04-29
OBS-00007312,PT-001288,ENC-0003646,8462-4,Diastolic blood pressure,91.8,mmHg,2026-04-29
OBS-00007313,PT-001288,ENC-0003647,2160-0,Creatinine,4.4,mg/dL,2026-02-26
OBS-00007314,PT-001289,ENC-0003648,8480-6,Systolic blood pressure,122.3,mmHg,2025-07-10
OBS-00007315,PT-001289,ENC-0003649,2339-0,Glucose,169.8,mg/dL,2024-10-10
OBS-00007316,PT-001289,ENC-0003649,8462-4,Diastolic blood pressure,82.5,mmHg,2024-10-10
OBS-00007317,PT-001289,ENC-0003650,4548-4,Hemoglobin A1c,7.7,%,2025-08-30
OBS-00007318,PT-001289,ENC-0003650,718-7,Hemoglobin,11.7,g/dL,2025-08-30
OBS-00007319,PT-001289,ENC-0003650,2339-0,Glucose,202.0,mg/dL,2025-08-30
OBS-00007320,PT-001290,ENC-0003651,8462-4,Diastolic blood pressure,82.2,mmHg,2024-09-28
OBS-00007321,PT-001290,ENC-0003651,2160-0,Creatinine,1.5,mg/dL,2024-09-28
OBS-00007322,PT-001290,ENC-0003651,2160-0,Creatinine,2.0,mg/dL,2024-09-28
OBS-00007323,PT-001290,ENC-0003652,2339-0,Glucose,182.7,mg/dL,2024-11-08
OBS-00007324,PT-001291,ENC-0003653,8462-4,Diastolic blood pressure,86.2,mmHg,2026-05-20
OBS-00007325,PT-001291,ENC-0003654,8462-4,Diastolic blood pressure,104.9,mmHg,2026-06-08
OBS-00007326,PT-001291,ENC-0003654,2160-0,Creatinine,3.3,mg/dL,2026-06-08
OBS-00007327,PT-001291,ENC-0003655,718-7,Hemoglobin,13.6,g/dL,2025-01-03
OBS-00007328,PT-001292,ENC-0003656,8480-6,Systolic blood pressure,98.4,mmHg,2025-12-17
OBS-00007329,PT-001293,ENC-0003657,4548-4,Hemoglobin A1c,6.0,%,2025-06-09
OBS-00007330,PT-001293,ENC-0003657,8480-6,Systolic blood pressure,163.0,mmHg,2025-06-09
OBS-00007331,PT-001293,ENC-0003658,2339-0,Glucose,87.3,mg/dL,2026-08-18
OBS-00007332,PT-001293,ENC-0003659,2160-0,Creatinine,1.5,mg/dL,2025-09-05
OBS-00007333,PT-001293,ENC-0003660,718-7,Hemoglobin,16.2,g/dL,2025-04-22
OBS-00007334,PT-001293,ENC-0003660,2339-0,Glucose,227.4,mg/dL,2025-04-22
OBS-00007335,PT-001294,ENC-0003661,2339-0,Glucose,102.0,mg/dL,2025-03-30
OBS-00007336,PT-001295,ENC-0003662,4548-4,Hemoglobin A1c,11.9,%,2025-10-16
OBS-00007337,PT-001295,ENC-0003662,2160-0,Creatinine,3.3,mg/dL,2025-10-16
OBS-00007338,PT-001295,ENC-0003663,8480-6,Systolic blood pressure,143.1,mmHg,2026-04-03
OBS-00007339,PT-001295,ENC-0003663,4548-4,Hemoglobin A1c,4.9,%,2026-04-03
OBS-00007340,PT-001295,ENC-0003664,8480-6,Systolic blood pressure,167.1,mmHg,2025-06-30
OBS-00007341,PT-001296,ENC-0003665,2160-0,Creatinine,4.0,mg/dL,2025-08-29
OBS-00007342,PT-001296,ENC-0003665,8462-4,Diastolic blood pressure,88.2,mmHg,2025-08-29
OBS-00007343,PT-001296,ENC-0003665,2339-0,Glucose,173.3,mg/dL,2025-08-29
OBS-00007344,PT-001296,ENC-0003666,2339-0,Glucose,209.2,mg/dL,2026-02-04
OBS-00007345,PT-001296,ENC-0003667,8462-4,Diastolic blood pressure,76.3,mmHg,2025-02-24
OBS-00007346,PT-001296,ENC-0003667,2339-0,Glucose,291.3,mg/dL,2025-02-24
OBS-00007347,PT-001297,ENC-0003668,2160-0,Creatinine,2.6,mg/dL,2026-05-15
OBS-00007348,PT-001297,ENC-0003668,4548-4,Hemoglobin A1c,9.0,%,2026-05-15
OBS-00007349,PT-001297,ENC-0003668,8462-4,Diastolic blood pressure,77.0,mmHg,2026-05-15
OBS-00007350,PT-001297,ENC-0003669,8480-6,Systolic blood pressure,161.9,mmHg,2025-06-03
OBS-00007351,PT-001297,ENC-0003669,8480-6,Systolic blood pressure,157.6,mmHg,2025-06-03
OBS-00007352,PT-001297,ENC-0003669,8480-6,Systolic blood pressure,168.0,mmHg,2025-06-03
OBS-00007353,PT-001297,ENC-0003670,4548-4,Hemoglobin A1c,6.8,%,2026-07-24
OBS-00007354,PT-001297,ENC-0003671,2160-0,Creatinine,1.6,mg/dL,2024-10-17
OBS-00007355,PT-001297,ENC-0003671,8462-4,Diastolic blood pressure,80.0,mmHg,2024-10-17
OBS-00007356,PT-001297,ENC-0003672,8462-4,Diastolic blood pressure,65.0,mmHg,2026-05-01
OBS-00007357,PT-001297,ENC-0003672,4548-4,Hemoglobin A1c,10.3,%,2026-05-01
OBS-00007358,PT-001297,ENC-0003673,718-7,Hemoglobin,11.3,g/dL,2026-01-11
OBS-00007359,PT-001297,ENC-0003673,4548-4,Hemoglobin A1c,10.8,%,2026-01-11
OBS-00007360,PT-001297,ENC-0003674,8480-6,Systolic blood pressure,111.7,mmHg,2025-08-30
OBS-00007361,PT-001298,ENC-0003675,2339-0,Glucose,316.3,mg/dL,2026-02-07
OBS-00007362,PT-001298,ENC-0003675,8462-4,Diastolic blood pressure,101.1,mmHg,2026-02-07
OBS-00007363,PT-001298,ENC-0003676,2160-0,Creatinine,1.2,mg/dL,2024-12-11
OBS-00007364,PT-001298,ENC-0003676,718-7,Hemoglobin,9.0,g/dL,2024-12-11
OBS-00007365,PT-001299,ENC-0003677,2339-0,Glucose,123.8,mg/dL,2025-12-02
OBS-00007366,PT-001299,ENC-0003677,2339-0,Glucose,115.6,mg/dL,2025-12-02
OBS-00007367,PT-001299,ENC-0003678,2160-0,Creatinine,2.9,mg/dL,2026-04-16
OBS-00007368,PT-001299,ENC-0003678,8462-4,Diastolic blood pressure,66.3,mmHg,2026-04-16
OBS-00007369,PT-001300,ENC-0003679,718-7,Hemoglobin,9.7,g/dL,2026-07-02
OBS-00007370,PT-001300,ENC-0003679,718-7,Hemoglobin,11.9,g/dL,2026-07-02
OBS-00007371,PT-001300,ENC-0003680,4548-4,Hemoglobin A1c,7.2,%,2026-04-28
OBS-00007372,PT-001300,ENC-0003680,2160-0,Creatinine,2.1,mg/dL,2026-04-28
OBS-00007373,PT-001301,ENC-0003681,2160-0,Creatinine,1.5,mg/dL,2024-11-05
OBS-00007374,PT-001301,ENC-0003681,718-7,Hemoglobin,13.1,g/dL,2024-11-05
OBS-00007375,PT-001302,ENC-0003682,4548-4,Hemoglobin A1c,10.9,%,2025-07-12
OBS-00007376,PT-001302,ENC-0003683,718-7,Hemoglobin,12.9,g/dL,2025-10-14
OBS-00007377,PT-001302,ENC-0003683,4548-4,Hemoglobin A1c,9.0,%,2025-10-14
OBS-00007378,PT-001302,ENC-0003684,2160-0,Creatinine,3.5,mg/dL,2025-11-04
OBS-00007379,PT-001302,ENC-0003684,718-7,Hemoglobin,11.9,g/dL,2025-11-04
OBS-00007380,PT-001303,ENC-0003685,2160-0,Creatinine,4.0,mg/dL,2025-06-18
OBS-00007381,PT-001303,ENC-0003685,2339-0,Glucose,311.4,mg/dL,2025-06-18
OBS-00007382,PT-001303,ENC-0003685,2160-0,Creatinine,1.1,mg/dL,2025-06-18
OBS-00007383,PT-001303,ENC-0003686,718-7,Hemoglobin,12.8,g/dL,2024-10-29
OBS-00007384,PT-001304,ENC-0003687,8480-6,Systolic blood pressure,118.3,mmHg,2026-03-22
OBS-00007385,PT-001304,ENC-0003687,718-7,Hemoglobin,16.2,g/dL,2026-03-22
OBS-00007386,PT-001304,ENC-0003688,4548-4,Hemoglobin A1c,5.1,%,2026-09-09
OBS-00007387,PT-001304,ENC-0003688,8462-4,Diastolic blood pressure,107.5,mmHg,2026-09-09
OBS-00007388,PT-001304,ENC-0003689,4548-4,Hemoglobin A1c,11.6,%,2024-11-28
OBS-00007389,PT-001304,ENC-0003689,2339-0,Glucose,226.5,mg/dL,2024-11-28
OBS-00007390,PT-001304,ENC-0003689,4548-4,Hemoglobin A1c,8.9,%,2024-11-28
OBS-00007391,PT-001304,ENC-0003690,8480-6,Systolic blood pressure,178.2,mmHg,2024-09-27
OBS-00007392,PT-001304,ENC-0003690,8480-6,Systolic blood pressure,139.8,mmHg,2024-09-27
OBS-00007393,PT-001304,ENC-0003691,2160-0,Creatinine,4.2,mg/dL,2025-12-05
OBS-00007394,PT-001304,ENC-0003692,2160-0,Creatinine,2.0,mg/dL,2026-04-27
OBS-00007395,PT-001304,ENC-0003693,8480-6,Systolic blood pressure,116.3,mmHg,2026-08-13
OBS-00007396,PT-001305,ENC-0003694,4548-4,Hemoglobin A1c,6.9,%,2026-02-10
OBS-00007397,PT-001305,ENC-0003694,4548-4,Hemoglobin A1c,8.1,%,2026-02-10
OBS-00007398,PT-001305,ENC-0003694,2160-0,Creatinine,3.3,mg/dL,2026-02-10
OBS-00007399,PT-001305,ENC-0003695,2160-0,Creatinine,3.3,mg/dL,2024-11-12
OBS-00007400,PT-001305,ENC-0003695,718-7,Hemoglobin,15.8,g/dL,2024-11-12
OBS-00007401,PT-001305,ENC-0003695,2339-0,Glucose,123.2,mg/dL,2024-11-12
OBS-00007402,PT-001306,ENC-0003696,2160-0,Creatinine,1.9,mg/dL,2024-11-15
OBS-00007403,PT-001306,ENC-0003697,4548-4,Hemoglobin A1c,11.5,%,2024-09-21
OBS-00007404,PT-001306,ENC-0003697,2160-0,Creatinine,0.8,mg/dL,2024-09-21
OBS-00007405,PT-001306,ENC-0003697,718-7,Hemoglobin,16.6,g/dL,2024-09-21
OBS-00007406,PT-001306,ENC-0003698,8480-6,Systolic blood pressure,119.0,mmHg,2024-12-28
OBS-00007407,PT-001306,ENC-0003698,2339-0,Glucose,124.5,mg/dL,2024-12-28
OBS-00007408,PT-001306,ENC-0003698,4548-4,Hemoglobin A1c,7.0,%,2024-12-28
OBS-00007409,PT-001307,ENC-0003699,718-7,Hemoglobin,12.3,g/dL,2024-10-02
OBS-00007410,PT-001307,ENC-0003699,4548-4,Hemoglobin A1c,6.9,%,2024-10-02
OBS-00007411,PT-001307,ENC-0003699,8480-6,Systolic blood pressure,118.5,mmHg,2024-10-02
OBS-00007412,PT-001307,ENC-0003700,2160-0,Creatinine,4.3,mg/dL,2025-10-19
OBS-00007413,PT-001307,ENC-0003700,8462-4,Diastolic blood pressure,65.7,mmHg,2025-10-19
OBS-00007414,PT-001307,ENC-0003701,8462-4,Diastolic blood pressure,85.3,mmHg,2026-08-07
OBS-00007415,PT-001307,ENC-0003701,2160-0,Creatinine,2.3,mg/dL,2026-08-07
OBS-00007416,PT-001307,ENC-0003701,4548-4,Hemoglobin A1c,9.4,%,2026-08-07
OBS-00007417,PT-001307,ENC-0003702,2160-0,Creatinine,4.2,mg/dL,2024-11-13
OBS-00007418,PT-001307,ENC-0003702,8462-4,Diastolic blood pressure,109.0,mmHg,2024-11-13
OBS-00007419,PT-001307,ENC-0003703,8462-4,Diastolic blood pressure,105.8,mmHg,2025-08-26
OBS-00007420,PT-001307,ENC-0003703,8480-6,Systolic blood pressure,166.9,mmHg,2025-08-26
OBS-00007421,PT-001308,ENC-0003704,8462-4,Diastolic blood pressure,59.9,mmHg,2026-01-21
OBS-00007422,PT-001308,ENC-0003704,8480-6,Systolic blood pressure,171.5,mmHg,2026-01-21
OBS-00007423,PT-001308,ENC-0003705,2160-0,Creatinine,0.8,mg/dL,2025-02-22
OBS-00007424,PT-001308,ENC-0003706,2160-0,Creatinine,4.0,mg/dL,2025-10-17
OBS-00007425,PT-001308,ENC-0003706,2339-0,Glucose,180.7,mg/dL,2025-10-17
OBS-00007426,PT-001308,ENC-0003707,4548-4,Hemoglobin A1c,8.8,%,2025-04-04
OBS-00007427,PT-001308,ENC-0003707,2160-0,Creatinine,3.3,mg/dL,2025-04-04
OBS-00007428,PT-001308,ENC-0003707,8480-6,Systolic blood pressure,98.8,mmHg,2025-04-04
OBS-00007429,PT-001308,ENC-0003708,2160-0,Creatinine,1.1,mg/dL,2026-06-24
OBS-00007430,PT-001308,ENC-0003708,2339-0,Glucose,168.6,mg/dL,2026-06-24
OBS-00007431,PT-001308,ENC-0003708,2160-0,Creatinine,4.4,mg/dL,2026-06-24
OBS-00007432,PT-001308,ENC-0003709,2339-0,Glucose,140.2,mg/dL,2025-10-25
OBS-00007433,PT-001308,ENC-0003709,8480-6,Systolic blood pressure,160.5,mmHg,2025-10-25
OBS-00007434,PT-001309,ENC-0003710,8480-6,Systolic blood pressure,97.4,mmHg,2025-11-11
OBS-00007435,PT-001309,ENC-0003710,8480-6,Systolic blood pressure,104.8,mmHg,2025-11-11
OBS-00007436,PT-001309,ENC-0003711,8462-4,Diastolic blood pressure,81.3,mmHg,2026-02-10
OBS-00007437,PT-001309,ENC-0003712,8480-6,Systolic blood pressure,184.0,mmHg,2026-09-02
OBS-00007438,PT-001309,ENC-0003712,718-7,Hemoglobin,9.0,g/dL,2026-09-02
OBS-00007439,PT-001309,ENC-0003712,2160-0,Creatinine,1.7,mg/dL,2026-09-02
OBS-00007440,PT-001310,ENC-0003713,2160-0,Creatinine,4.1,mg/dL,2025-03-27
OBS-00007441,PT-001310,ENC-0003713,2160-0,Creatinine,3.0,mg/dL,2025-03-27
OBS-00007442,PT-001311,ENC-0003714,8480-6,Systolic blood pressure,103.9,mmHg,2025-11-12
OBS-00007443,PT-001311,ENC-0003715,8462-4,Diastolic blood pressure,72.8,mmHg,2026-04-01
OBS-00007444,PT-001311,ENC-0003715,2160-0,Creatinine,1.3,mg/dL,2026-04-01
OBS-00007445,PT-001312,ENC-0003716,8480-6,Systolic blood pressure,154.4,mmHg,2026-06-23
OBS-00007446,PT-001312,ENC-0003717,718-7,Hemoglobin,11.9,g/dL,2024-10-23
OBS-00007447,PT-001312,ENC-0003718,8480-6,Systolic blood pressure,106.1,mmHg,2024-12-21
OBS-00007448,PT-001312,ENC-0003718,2339-0,Glucose,273.9,mg/dL,2024-12-21
OBS-00007449,PT-001312,ENC-0003718,2160-0,Creatinine,2.8,mg/dL,2024-12-21
OBS-00007450,PT-001312,ENC-0003719,2160-0,Creatinine,1.9,mg/dL,2025-02-10
OBS-00007451,PT-001312,ENC-0003719,8462-4,Diastolic blood pressure,109.6,mmHg,2025-02-10
OBS-00007452,PT-001312,ENC-0003720,2339-0,Glucose,146.1,mg/dL,2026-02-08
OBS-00007453,PT-001312,ENC-0003720,718-7,Hemoglobin,10.2,g/dL,2026-02-08
OBS-00007454,PT-001312,ENC-0003720,2160-0,Creatinine,2.4,mg/dL,2026-02-08
OBS-00007455,PT-001313,ENC-0003721,2160-0,Creatinine,2.8,mg/dL,2025-10-18
OBS-00007456,PT-001313,ENC-0003721,718-7,Hemoglobin,12.3,g/dL,2025-10-18
OBS-00007457,PT-001314,ENC-0003722,718-7,Hemoglobin,9.0,g/dL,2025-03-03
OBS-00007458,PT-001314,ENC-0003722,4548-4,Hemoglobin A1c,5.8,%,2025-03-03
OBS-00007459,PT-001315,ENC-0003723,8462-4,Diastolic blood pressure,79.9,mmHg,2026-04-17
OBS-00007460,PT-001315,ENC-0003724,2160-0,Creatinine,3.1,mg/dL,2025-08-10
OBS-00007461,PT-001315,ENC-0003725,2339-0,Glucose,122.8,mg/dL,2026-01-20
OBS-00007462,PT-001316,ENC-0003726,4548-4,Hemoglobin A1c,9.1,%,2025-10-11
OBS-00007463,PT-001316,ENC-0003726,718-7,Hemoglobin,14.0,g/dL,2025-10-11
OBS-00007464,PT-001316,ENC-0003727,8480-6,Systolic blood pressure,140.1,mmHg,2025-10-23
OBS-00007465,PT-001316,ENC-0003728,718-7,Hemoglobin,10.4,g/dL,2025-04-13
OBS-00007466,PT-001316,ENC-0003728,4548-4,Hemoglobin A1c,6.6,%,2025-04-13
OBS-00007467,PT-001317,ENC-0003729,8480-6,Systolic blood pressure,108.6,mmHg,2025-04-16
OBS-00007468,PT-001317,ENC-0003729,8462-4,Diastolic blood pressure,61.1,mmHg,2025-04-16
OBS-00007469,PT-001317,ENC-0003729,718-7,Hemoglobin,12.2,g/dL,2025-04-16
OBS-00007470,PT-001317,ENC-0003730,8462-4,Diastolic blood pressure,105.1,mmHg,2025-12-06
OBS-00007471,PT-001317,ENC-0003730,2339-0,Glucose,214.5,mg/dL,2025-12-06
OBS-00007472,PT-001317,ENC-0003730,8480-6,Systolic blood pressure,144.0,mmHg,2025-12-06
OBS-00007473,PT-001318,ENC-0003731,2160-0,Creatinine,0.8,mg/dL,2026-04-02
OBS-00007474,PT-001318,ENC-0003732,718-7,Hemoglobin,10.6,g/dL,2026-03-09
OBS-00007475,PT-001318,ENC-0003733,8462-4,Diastolic blood pressure,55.0,mmHg,2026-01-27
OBS-00007476,PT-001318,ENC-0003733,2160-0,Creatinine,2.8,mg/dL,2026-01-27
OBS-00007477,PT-001318,ENC-0003733,2339-0,Glucose,170.4,mg/dL,2026-01-27
OBS-00007478,PT-001318,ENC-0003734,4548-4,Hemoglobin A1c,10.0,%,2025-07-29
OBS-00007479,PT-001318,ENC-0003734,8462-4,Diastolic blood pressure,93.2,mmHg,2025-07-29
OBS-00007480,PT-001318,ENC-0003735,2339-0,Glucose,198.2,mg/dL,2026-06-02
OBS-00007481,PT-001318,ENC-0003735,8462-4,Diastolic blood pressure,87.7,mmHg,2026-06-02
OBS-00007482,PT-001318,ENC-0003736,4548-4,Hemoglobin A1c,6.3,%,2026-09-05
OBS-00007483,PT-001319,ENC-0003737,8480-6,Systolic blood pressure,100.3,mmHg,2025-11-19
OBS-00007484,PT-001319,ENC-0003737,2160-0,Creatinine,3.5,mg/dL,2025-11-19
OBS-00007485,PT-001319,ENC-0003738,718-7,Hemoglobin,11.8,g/dL,2024-10-11
OBS-00007486,PT-001319,ENC-0003738,718-7,Hemoglobin,16.4,g/dL,2024-10-11
OBS-00007487,PT-001319,ENC-0003738,2339-0,Glucose,159.0,mg/dL,2024-10-11
OBS-00007488,PT-001320,ENC-0003739,2339-0,Glucose,119.6,mg/dL,2026-02-15
OBS-00007489,PT-001321,ENC-0003740,8462-4,Diastolic blood pressure,87.7,mmHg,2025-10-02
OBS-00007490,PT-001321,ENC-0003740,8480-6,Systolic blood pressure,99.7,mmHg,2025-10-02
OBS-00007491,PT-001321,ENC-0003741,718-7,Hemoglobin,11.9,g/dL,2026-03-16
OBS-00007492,PT-001321,ENC-0003742,8480-6,Systolic blood pressure,122.0,mmHg,2025-11-01
OBS-00007493,PT-001321,ENC-0003742,2160-0,Creatinine,2.3,mg/dL,2025-11-01
OBS-00007494,PT-001322,ENC-0003743,2339-0,Glucose,216.6,mg/dL,2026-04-21
OBS-00007495,PT-001323,ENC-0003744,8480-6,Systolic blood pressure,157.2,mmHg,2025-06-02
OBS-00007496,PT-001323,ENC-0003744,2160-0,Creatinine,3.0,mg/dL,2025-06-02
OBS-00007497,PT-001323,ENC-0003745,8480-6,Systolic blood pressure,184.5,mmHg,2025-06-27
OBS-00007498,PT-001324,ENC-0003746,718-7,Hemoglobin,16.1,g/dL,2024-11-03
OBS-00007499,PT-001324,ENC-0003746,2160-0,Creatinine,1.8,mg/dL,2024-11-03
OBS-00007500,PT-001324,ENC-0003747,2339-0,Glucose,281.1,mg/dL,2024-11-11
OBS-00007501,PT-001324,ENC-0003747,718-7,Hemoglobin,16.3,g/dL,2024-11-11
OBS-00007502,PT-001324,ENC-0003748,2160-0,Creatinine,3.0,mg/dL,2025-02-09
OBS-00007503,PT-001324,ENC-0003749,2160-0,Creatinine,3.7,mg/dL,2025-07-12
OBS-00007504,PT-001324,ENC-0003749,8462-4,Diastolic blood pressure,100.4,mmHg,2025-07-12
OBS-00007505,PT-001324,ENC-0003749,8462-4,Diastolic blood pressure,60.1,mmHg,2025-07-12
OBS-00007506,PT-001324,ENC-0003750,2160-0,Creatinine,0.7,mg/dL,2025-10-28
OBS-00007507,PT-001324,ENC-0003751,4548-4,Hemoglobin A1c,11.3,%,2026-03-23
OBS-00007508,PT-001324,ENC-0003751,8462-4,Diastolic blood pressure,84.9,mmHg,2026-03-23
OBS-00007509,PT-001325,ENC-0003752,4548-4,Hemoglobin A1c,8.2,%,2025-11-23
OBS-00007510,PT-001325,ENC-0003753,4548-4,Hemoglobin A1c,10.7,%,2025-04-15
OBS-00007511,PT-001325,ENC-0003753,2339-0,Glucose,311.7,mg/dL,2025-04-15
OBS-00007512,PT-001325,ENC-0003753,8462-4,Diastolic blood pressure,58.1,mmHg,2025-04-15
OBS-00007513,PT-001325,ENC-0003754,2339-0,Glucose,251.8,mg/dL,2025-07-03
OBS-00007514,PT-001325,ENC-0003755,4548-4,Hemoglobin A1c,7.4,%,2025-11-24
OBS-00007515,PT-001325,ENC-0003755,4548-4,Hemoglobin A1c,10.0,%,2025-11-24
OBS-00007516,PT-001326,ENC-0003756,8462-4,Diastolic blood pressure,71.4,mmHg,2026-02-01
OBS-00007517,PT-001326,ENC-0003756,8480-6,Systolic blood pressure,137.9,mmHg,2026-02-01
OBS-00007518,PT-001326,ENC-0003756,8480-6,Systolic blood pressure,177.4,mmHg,2026-02-01
OBS-00007519,PT-001327,ENC-0003757,718-7,Hemoglobin,14.6,g/dL,2025-08-10
OBS-00007520,PT-001327,ENC-0003758,2339-0,Glucose,253.2,mg/dL,2024-09-22
OBS-00007521,PT-001327,ENC-0003758,8480-6,Systolic blood pressure,184.1,mmHg,2024-09-22
OBS-00007522,PT-001327,ENC-0003759,8462-4,Diastolic blood pressure,99.3,mmHg,2026-05-07
OBS-00007523,PT-001327,ENC-0003759,4548-4,Hemoglobin A1c,11.5,%,2026-05-07
OBS-00007524,PT-001327,ENC-0003760,8480-6,Systolic blood pressure,163.5,mmHg,2026-02-08
OBS-00007525,PT-001327,ENC-0003760,4548-4,Hemoglobin A1c,6.2,%,2026-02-08
OBS-00007526,PT-001327,ENC-0003760,8480-6,Systolic blood pressure,160.8,mmHg,2026-02-08
OBS-00007527,PT-001327,ENC-0003761,8480-6,Systolic blood pressure,162.5,mmHg,2025-01-29
OBS-00007528,PT-001328,ENC-0003762,8462-4,Diastolic blood pressure,68.6,mmHg,2025-05-27
OBS-00007529,PT-001329,ENC-0003763,2160-0,Creatinine,4.2,mg/dL,2025-08-22
OBS-00007530,PT-001329,ENC-0003763,2160-0,Creatinine,1.3,mg/dL,2025-08-22
OBS-00007531,PT-001330,ENC-0003764,2160-0,Creatinine,0.8,mg/dL,2024-11-05
OBS-00007532,PT-001330,ENC-0003765,718-7,Hemoglobin,16.0,g/dL,2026-09-14
OBS-00007533,PT-001330,ENC-0003766,8480-6,Systolic blood pressure,147.3,mmHg,2026-03-18
OBS-00007534,PT-001330,ENC-0003766,718-7,Hemoglobin,15.1,g/dL,2026-03-18
OBS-00007535,PT-001331,ENC-0003767,8480-6,Systolic blood pressure,155.4,mmHg,2026-09-04
OBS-00007536,PT-001331,ENC-0003767,8462-4,Diastolic blood pressure,75.6,mmHg,2026-09-04
OBS-00007537,PT-001331,ENC-0003767,4548-4,Hemoglobin A1c,11.9,%,2026-09-04
OBS-00007538,PT-001331,ENC-0003768,718-7,Hemoglobin,12.8,g/dL,2026-02-10
OBS-00007539,PT-001331,ENC-0003768,718-7,Hemoglobin,10.6,g/dL,2026-02-10
OBS-00007540,PT-001331,ENC-0003768,8462-4,Diastolic blood pressure,84.6,mmHg,2026-02-10
OBS-00007541,PT-001331,ENC-0003769,8462-4,Diastolic blood pressure,82.2,mmHg,2024-12-20
OBS-00007542,PT-001331,ENC-0003769,2339-0,Glucose,209.1,mg/dL,2024-12-20
OBS-00007543,PT-001331,ENC-0003770,718-7,Hemoglobin,10.4,g/dL,2025-09-23
OBS-00007544,PT-001331,ENC-0003770,8462-4,Diastolic blood pressure,68.9,mmHg,2025-09-23
OBS-00007545,PT-001331,ENC-0003770,4548-4,Hemoglobin A1c,8.6,%,2025-09-23
OBS-00007546,PT-001331,ENC-0003771,2339-0,Glucose,287.5,mg/dL,2025-08-16
OBS-00007547,PT-001331,ENC-0003771,8462-4,Diastolic blood pressure,107.9,mmHg,2025-08-16
OBS-00007548,PT-001331,ENC-0003771,8480-6,Systolic blood pressure,100.0,mmHg,2025-08-16
OBS-00007549,PT-001331,ENC-0003772,4548-4,Hemoglobin A1c,10.0,%,2025-04-13
OBS-00007550,PT-001332,ENC-0003773,8462-4,Diastolic blood pressure,78.5,mmHg,2026-05-29
OBS-00007551,PT-001332,ENC-0003773,8480-6,Systolic blood pressure,169.5,mmHg,2026-05-29
OBS-00007552,PT-001332,ENC-0003773,4548-4,Hemoglobin A1c,8.0,%,2026-05-29
OBS-00007553,PT-001333,ENC-0003774,2339-0,Glucose,264.8,mg/dL,2025-04-15
OBS-00007554,PT-001333,ENC-0003775,2160-0,Creatinine,3.6,mg/dL,2025-07-22
OBS-00007555,PT-001333,ENC-0003775,718-7,Hemoglobin,8.5,g/dL,2025-07-22
OBS-00007556,PT-001333,ENC-0003775,2160-0,Creatinine,3.7,mg/dL,2025-07-22
OBS-00007557,PT-001333,ENC-0003776,2160-0,Creatinine,3.0,mg/dL,2025-11-27
OBS-00007558,PT-001333,ENC-0003776,718-7,Hemoglobin,16.3,g/dL,2025-11-27
OBS-00007559,PT-001333,ENC-0003776,4548-4,Hemoglobin A1c,8.5,%,2025-11-27
OBS-00007560,PT-001333,ENC-0003777,2160-0,Creatinine,0.9,mg/dL,2025-11-03
OBS-00007561,PT-001333,ENC-0003777,8480-6,Systolic blood pressure,117.4,mmHg,2025-11-03
OBS-00007562,PT-001334,ENC-0003778,8480-6,Systolic blood pressure,97.5,mmHg,2025-08-16
OBS-00007563,PT-001334,ENC-0003779,2339-0,Glucose,290.0,mg/dL,2026-03-17
OBS-00007564,PT-001334,ENC-0003779,718-7,Hemoglobin,15.2,g/dL,2026-03-17
OBS-00007565,PT-001334,ENC-0003779,8480-6,Systolic blood pressure,97.7,mmHg,2026-03-17
OBS-00007566,PT-001334,ENC-0003780,8480-6,Systolic blood pressure,170.7,mmHg,2024-10-10
OBS-00007567,PT-001334,ENC-0003780,8480-6,Systolic blood pressure,167.0,mmHg,2024-10-10
OBS-00007568,PT-001334,ENC-0003780,718-7,Hemoglobin,9.3,g/dL,2024-10-10
OBS-00007569,PT-001334,ENC-0003781,8480-6,Systolic blood pressure,123.3,mmHg,2025-08-03
OBS-00007570,PT-001334,ENC-0003781,2160-0,Creatinine,2.7,mg/dL,2025-08-03
OBS-00007571,PT-001334,ENC-0003782,2160-0,Creatinine,2.9,mg/dL,2025-10-31
OBS-00007572,PT-001334,ENC-0003783,8480-6,Systolic blood pressure,108.7,mmHg,2026-08-20
OBS-00007573,PT-001335,ENC-0003784,2339-0,Glucose,226.1,mg/dL,2025-10-09
OBS-00007574,PT-001335,ENC-0003784,718-7,Hemoglobin,16.5,g/dL,2025-10-09
OBS-00007575,PT-001335,ENC-0003784,2339-0,Glucose,231.4,mg/dL,2025-10-09
OBS-00007576,PT-001335,ENC-0003785,8480-6,Systolic blood pressure,101.0,mmHg,2026-09-16
OBS-00007577,PT-001335,ENC-0003786,8480-6,Systolic blood pressure,135.9,mmHg,2025-03-16
OBS-00007578,PT-001335,ENC-0003786,718-7,Hemoglobin,10.8,g/dL,2025-03-16
OBS-00007579,PT-001335,ENC-0003786,718-7,Hemoglobin,14.8,g/dL,2025-03-16
OBS-00007580,PT-001336,ENC-0003787,4548-4,Hemoglobin A1c,12.4,%,2026-06-24
OBS-00007581,PT-001336,ENC-0003787,2160-0,Creatinine,2.1,mg/dL,2026-06-24
OBS-00007582,PT-001337,ENC-0003788,4548-4,Hemoglobin A1c,4.8,%,2026-02-06
OBS-00007583,PT-001337,ENC-0003788,718-7,Hemoglobin,15.4,g/dL,2026-02-06
OBS-00007584,PT-001337,ENC-0003788,718-7,Hemoglobin,14.5,g/dL,2026-02-06
OBS-00007585,PT-001337,ENC-0003789,2339-0,Glucose,212.7,mg/dL,2026-08-18
OBS-00007586,PT-001337,ENC-0003789,2339-0,Glucose,104.9,mg/dL,2026-08-18
OBS-00007587,PT-001337,ENC-0003789,2160-0,Creatinine,3.3,mg/dL,2026-08-18
OBS-00007588,PT-001337,ENC-0003790,718-7,Hemoglobin,10.2,g/dL,2025-12-26
OBS-00007589,PT-001337,ENC-0003790,4548-4,Hemoglobin A1c,9.0,%,2025-12-26
OBS-00007590,PT-001337,ENC-0003791,8462-4,Diastolic blood pressure,75.6,mmHg,2026-07-05
OBS-00007591,PT-001337,ENC-0003791,8480-6,Systolic blood pressure,96.9,mmHg,2026-07-05
OBS-00007592,PT-001338,ENC-0003792,718-7,Hemoglobin,9.8,g/dL,2025-02-10
OBS-00007593,PT-001338,ENC-0003793,2339-0,Glucose,120.2,mg/dL,2025-06-27
OBS-00007594,PT-001338,ENC-0003793,8462-4,Diastolic blood pressure,94.1,mmHg,2025-06-27
OBS-00007595,PT-001338,ENC-0003794,4548-4,Hemoglobin A1c,11.9,%,2026-03-27
OBS-00007596,PT-001338,ENC-0003795,4548-4,Hemoglobin A1c,11.7,%,2026-01-30
OBS-00007597,PT-001338,ENC-0003796,718-7,Hemoglobin,12.7,g/dL,2025-01-21
OBS-00007598,PT-001338,ENC-0003796,4548-4,Hemoglobin A1c,5.8,%,2025-01-21
OBS-00007599,PT-001338,ENC-0003796,8462-4,Diastolic blood pressure,84.3,mmHg,2025-01-21
OBS-00007600,PT-001339,ENC-0003797,2339-0,Glucose,249.1,mg/dL,2026-01-28
OBS-00007601,PT-001339,ENC-0003798,4548-4,Hemoglobin A1c,7.5,%,2025-02-24
OBS-00007602,PT-001339,ENC-0003799,8462-4,Diastolic blood pressure,96.4,mmHg,2025-10-02
OBS-00007603,PT-001339,ENC-0003799,4548-4,Hemoglobin A1c,11.4,%,2025-10-02
OBS-00007604,PT-001340,ENC-0003800,8480-6,Systolic blood pressure,148.9,mmHg,2025-08-24
OBS-00007605,PT-001340,ENC-0003800,8462-4,Diastolic blood pressure,65.3,mmHg,2025-08-24
OBS-00007606,PT-001340,ENC-0003800,2339-0,Glucose,314.7,mg/dL,2025-08-24
OBS-00007607,PT-001341,ENC-0003801,2339-0,Glucose,135.9,mg/dL,2025-01-06
OBS-00007608,PT-001341,ENC-0003801,4548-4,Hemoglobin A1c,10.3,%,2025-01-06
OBS-00007609,PT-001341,ENC-0003801,2160-0,Creatinine,0.7,mg/dL,2025-01-06
OBS-00007610,PT-001341,ENC-0003802,718-7,Hemoglobin,10.2,g/dL,2024-12-30
OBS-00007611,PT-001341,ENC-0003802,718-7,Hemoglobin,15.1,g/dL,2024-12-30
OBS-00007612,PT-001341,ENC-0003802,8462-4,Diastolic blood pressure,102.0,mmHg,2024-12-30
OBS-00007613,PT-001341,ENC-0003803,8462-4,Diastolic blood pressure,107.7,mmHg,2024-10-29
OBS-00007614,PT-001341,ENC-0003803,2160-0,Creatinine,1.2,mg/dL,2024-10-29
OBS-00007615,PT-001341,ENC-0003803,4548-4,Hemoglobin A1c,7.1,%,2024-10-29
OBS-00007616,PT-001342,ENC-0003804,2339-0,Glucose,274.9,mg/dL,2026-05-18
OBS-00007617,PT-001342,ENC-0003805,2339-0,Glucose,265.9,mg/dL,2025-01-06
OBS-00007618,PT-001342,ENC-0003805,4548-4,Hemoglobin A1c,12.4,%,2025-01-06
OBS-00007619,PT-001342,ENC-0003805,4548-4,Hemoglobin A1c,12.0,%,2025-01-06
OBS-00007620,PT-001343,ENC-0003806,2339-0,Glucose,279.6,mg/dL,2025-08-26
OBS-00007621,PT-001343,ENC-0003806,718-7,Hemoglobin,9.3,g/dL,2025-08-26
OBS-00007622,PT-001343,ENC-0003806,2160-0,Creatinine,1.8,mg/dL,2025-08-26
OBS-00007623,PT-001343,ENC-0003807,2160-0,Creatinine,2.7,mg/dL,2024-12-21
OBS-00007624,PT-001343,ENC-0003808,2160-0,Creatinine,2.9,mg/dL,2025-11-26
OBS-00007625,PT-001343,ENC-0003808,8462-4,Diastolic blood pressure,57.7,mmHg,2025-11-26
OBS-00007626,PT-001343,ENC-0003808,4548-4,Hemoglobin A1c,12.2,%,2025-11-26
OBS-00007627,PT-001343,ENC-0003809,8462-4,Diastolic blood pressure,56.0,mmHg,2026-08-04
OBS-00007628,PT-001343,ENC-0003810,4548-4,Hemoglobin A1c,6.6,%,2025-07-05
OBS-00007629,PT-001343,ENC-0003811,8462-4,Diastolic blood pressure,99.7,mmHg,2024-11-21
OBS-00007630,PT-001344,ENC-0003812,2160-0,Creatinine,1.0,mg/dL,2026-06-13
OBS-00007631,PT-001344,ENC-0003812,8480-6,Systolic blood pressure,103.4,mmHg,2026-06-13
OBS-00007632,PT-001344,ENC-0003812,4548-4,Hemoglobin A1c,7.1,%,2026-06-13
OBS-00007633,PT-001344,ENC-0003813,8480-6,Systolic blood pressure,116.3,mmHg,2025-08-15
OBS-00007634,PT-001344,ENC-0003814,2339-0,Glucose,140.8,mg/dL,2026-05-01
OBS-00007635,PT-001344,ENC-0003814,718-7,Hemoglobin,8.8,g/dL,2026-05-01
OBS-00007636,PT-001344,ENC-0003815,8480-6,Systolic blood pressure,167.3,mmHg,2025-05-09
OBS-00007637,PT-001344,ENC-0003816,4548-4,Hemoglobin A1c,11.7,%,2026-02-21
OBS-00007638,PT-001344,ENC-0003816,4548-4,Hemoglobin A1c,5.6,%,2026-02-21
OBS-00007639,PT-001345,ENC-0003817,718-7,Hemoglobin,10.9,g/dL,2024-10-26
OBS-00007640,PT-001345,ENC-0003817,4548-4,Hemoglobin A1c,7.3,%,2024-10-26
OBS-00007641,PT-001345,ENC-0003818,2339-0,Glucose,234.7,mg/dL,2025-10-11
OBS-00007642,PT-001345,ENC-0003818,2339-0,Glucose,92.9,mg/dL,2025-10-11
OBS-00007643,PT-001345,ENC-0003819,2339-0,Glucose,219.1,mg/dL,2025-03-15
OBS-00007644,PT-001345,ENC-0003819,8480-6,Systolic blood pressure,98.0,mmHg,2025-03-15
OBS-00007645,PT-001345,ENC-0003819,8462-4,Diastolic blood pressure,60.1,mmHg,2025-03-15
OBS-00007646,PT-001346,ENC-0003820,2160-0,Creatinine,1.5,mg/dL,2025-03-27
OBS-00007647,PT-001346,ENC-0003820,4548-4,Hemoglobin A1c,8.7,%,2025-03-27
OBS-00007648,PT-001346,ENC-0003820,4548-4,Hemoglobin A1c,10.0,%,2025-03-27
OBS-00007649,PT-001346,ENC-0003821,718-7,Hemoglobin,13.3,g/dL,2025-08-08
OBS-00007650,PT-001346,ENC-0003821,8480-6,Systolic blood pressure,173.0,mmHg,2025-08-08
OBS-00007651,PT-001346,ENC-0003821,8462-4,Diastolic blood pressure,91.4,mmHg,2025-08-08
OBS-00007652,PT-001347,ENC-0003822,2339-0,Glucose,274.8,mg/dL,2026-08-04
OBS-00007653,PT-001347,ENC-0003822,8462-4,Diastolic blood pressure,90.5,mmHg,2026-08-04
OBS-00007654,PT-001347,ENC-0003823,2339-0,Glucose,283.9,mg/dL,2026-04-04
OBS-00007655,PT-001347,ENC-0003823,8462-4,Diastolic blood pressure,102.0,mmHg,2026-04-04
OBS-00007656,PT-001347,ENC-0003824,718-7,Hemoglobin,15.7,g/dL,2024-11-30
OBS-00007657,PT-001347,ENC-0003824,8480-6,Systolic blood pressure,175.6,mmHg,2024-11-30
OBS-00007658,PT-001347,ENC-0003824,2339-0,Glucose,298.8,mg/dL,2024-11-30
OBS-00007659,PT-001348,ENC-0003825,8480-6,Systolic blood pressure,102.4,mmHg,2024-11-12
OBS-00007660,PT-001348,ENC-0003825,8462-4,Diastolic blood pressure,57.8,mmHg,2024-11-12
OBS-00007661,PT-001348,ENC-0003825,8462-4,Diastolic blood pressure,88.4,mmHg,2024-11-12
OBS-00007662,PT-001348,ENC-0003826,4548-4,Hemoglobin A1c,10.3,%,2025-03-05
OBS-00007663,PT-001348,ENC-0003827,2160-0,Creatinine,2.9,mg/dL,2026-07-03
OBS-00007664,PT-001348,ENC-0003827,2339-0,Glucose,261.7,mg/dL,2026-07-03
OBS-00007665,PT-001348,ENC-0003828,718-7,Hemoglobin,11.8,g/dL,2026-01-16
OBS-00007666,PT-001348,ENC-0003828,8462-4,Diastolic blood pressure,69.8,mmHg,2026-01-16
OBS-00007667,PT-001348,ENC-0003829,8480-6,Systolic blood pressure,173.0,mmHg,2026-03-31
OBS-00007668,PT-001348,ENC-0003829,4548-4,Hemoglobin A1c,9.2,%,2026-03-31
OBS-00007669,PT-001348,ENC-0003829,2160-0,Creatinine,2.8,mg/dL,2026-03-31
OBS-00007670,PT-001349,ENC-0003830,718-7,Hemoglobin,9.0,g/dL,2026-03-02
OBS-00007671,PT-001349,ENC-0003830,718-7,Hemoglobin,12.5,g/dL,2026-03-02
OBS-00007672,PT-001350,ENC-0003831,2339-0,Glucose,122.7,mg/dL,2026-04-30
OBS-00007673,PT-001350,ENC-0003831,2160-0,Creatinine,1.6,mg/dL,2026-04-30
OBS-00007674,PT-001350,ENC-0003832,4548-4,Hemoglobin A1c,9.8,%,2025-02-18
OBS-00007675,PT-001350,ENC-0003832,8462-4,Diastolic blood pressure,66.8,mmHg,2025-02-18
OBS-00007676,PT-001350,ENC-0003832,8462-4,Diastolic blood pressure,76.8,mmHg,2025-02-18
OBS-00007677,PT-001350,ENC-0003833,718-7,Hemoglobin,14.4,g/dL,2026-04-15
OBS-00007678,PT-001350,ENC-0003833,4548-4,Hemoglobin A1c,7.1,%,2026-04-15
OBS-00007679,PT-001350,ENC-0003833,2339-0,Glucose,216.1,mg/dL,2026-04-15
OBS-00007680,PT-001350,ENC-0003834,718-7,Hemoglobin,16.3,g/dL,2025-12-28
OBS-00007681,PT-001350,ENC-0003834,8462-4,Diastolic blood pressure,79.4,mmHg,2025-12-28
OBS-00007682,PT-001350,ENC-0003835,8462-4,Diastolic blood pressure,66.1,mmHg,2026-07-31
OBS-00007683,PT-001350,ENC-0003835,718-7,Hemoglobin,11.2,g/dL,2026-07-31
OBS-00007684,PT-001350,ENC-0003835,718-7,Hemoglobin,13.7,g/dL,2026-07-31
OBS-00007685,PT-001350,ENC-0003836,4548-4,Hemoglobin A1c,11.4,%,2025-06-09
OBS-00007686,PT-001350,ENC-0003836,8480-6,Systolic blood pressure,151.4,mmHg,2025-06-09
OBS-00007687,PT-001350,ENC-0003836,8462-4,Diastolic blood pressure,95.0,mmHg,2025-06-09
OBS-00007688,PT-001350,ENC-0003837,718-7,Hemoglobin,8.3,g/dL,2025-10-18
OBS-00007689,PT-001350,ENC-0003837,8462-4,Diastolic blood pressure,77.2,mmHg,2025-10-18
OBS-00007690,PT-001350,ENC-0003838,8462-4,Diastolic blood pressure,104.6,mmHg,2026-08-22
OBS-00007691,PT-001351,ENC-0003839,2160-0,Creatinine,0.7,mg/dL,2026-06-23
OBS-00007692,PT-001351,ENC-0003839,4548-4,Hemoglobin A1c,10.7,%,2026-06-23
OBS-00007693,PT-001351,ENC-0003840,8480-6,Systolic blood pressure,113.9,mmHg,2025-12-31
OBS-00007694,PT-001351,ENC-0003841,8462-4,Diastolic blood pressure,104.1,mmHg,2026-02-13
OBS-00007695,PT-001351,ENC-0003841,2339-0,Glucose,227.3,mg/dL,2026-02-13
OBS-00007696,PT-001351,ENC-0003841,8462-4,Diastolic blood pressure,89.8,mmHg,2026-02-13
OBS-00007697,PT-001351,ENC-0003842,718-7,Hemoglobin,11.8,g/dL,2025-01-01
OBS-00007698,PT-001351,ENC-0003842,2339-0,Glucose,100.2,mg/dL,2025-01-01
OBS-00007699,PT-001351,ENC-0003842,2160-0,Creatinine,0.8,mg/dL,2025-01-01
OBS-00007700,PT-001351,ENC-0003843,4548-4,Hemoglobin A1c,9.0,%,2026-08-21
OBS-00007701,PT-001351,ENC-0003843,2339-0,Glucose,179.5,mg/dL,2026-08-21
OBS-00007702,PT-001351,ENC-0003843,2160-0,Creatinine,0.9,mg/dL,2026-08-21
OBS-00007703,PT-001352,ENC-0003844,2160-0,Creatinine,4.3,mg/dL,2024-12-17
OBS-00007704,PT-001352,ENC-0003844,8462-4,Diastolic blood pressure,105.6,mmHg,2024-12-17
OBS-00007705,PT-001352,ENC-0003844,2339-0,Glucose,180.0,mg/dL,2024-12-17
OBS-00007706,PT-001352,ENC-0003845,718-7,Hemoglobin,9.0,g/dL,2024-10-22
OBS-00007707,PT-001352,ENC-0003846,8462-4,Diastolic blood pressure,91.7,mmHg,2026-03-02
OBS-00007708,PT-001352,ENC-0003846,4548-4,Hemoglobin A1c,12.0,%,2026-03-02
OBS-00007709,PT-001352,ENC-0003847,718-7,Hemoglobin,13.7,g/dL,2025-01-13
OBS-00007710,PT-001353,ENC-0003848,2160-0,Creatinine,3.7,mg/dL,2026-07-21
OBS-00007711,PT-001353,ENC-0003848,2160-0,Creatinine,1.3,mg/dL,2026-07-21
OBS-00007712,PT-001353,ENC-0003849,2339-0,Glucose,166.0,mg/dL,2025-08-11
OBS-00007713,PT-001353,ENC-0003849,8480-6,Systolic blood pressure,115.3,mmHg,2025-08-11
OBS-00007714,PT-001354,ENC-0003850,718-7,Hemoglobin,10.4,g/dL,2026-06-03
OBS-00007715,PT-001354,ENC-0003851,2339-0,Glucose,262.4,mg/dL,2026-07-13
OBS-00007716,PT-001354,ENC-0003851,8462-4,Diastolic blood pressure,83.2,mmHg,2026-07-13
OBS-00007717,PT-001355,ENC-0003852,4548-4,Hemoglobin A1c,9.3,%,2024-11-10
OBS-00007718,PT-001355,ENC-0003853,8462-4,Diastolic blood pressure,57.5,mmHg,2026-08-08
OBS-00007719,PT-001355,ENC-0003854,8480-6,Systolic blood pressure,110.2,mmHg,2024-12-05
OBS-00007720,PT-001355,ENC-0003854,4548-4,Hemoglobin A1c,6.1,%,2024-12-05
OBS-00007721,PT-001355,ENC-0003854,718-7,Hemoglobin,12.3,g/dL,2024-12-05
OBS-00007722,PT-001355,ENC-0003855,8480-6,Systolic blood pressure,144.3,mmHg,2026-03-08
OBS-00007723,PT-001355,ENC-0003855,8462-4,Diastolic blood pressure,79.9,mmHg,2026-03-08
OBS-00007724,PT-001356,ENC-0003856,2160-0,Creatinine,2.3,mg/dL,2024-12-07
OBS-00007725,PT-001356,ENC-0003856,4548-4,Hemoglobin A1c,11.6,%,2024-12-07
OBS-00007726,PT-001357,ENC-0003857,2339-0,Glucose,276.7,mg/dL,2026-02-16
OBS-00007727,PT-001357,ENC-0003858,8480-6,Systolic blood pressure,174.4,mmHg,2026-03-24
OBS-00007728,PT-001357,ENC-0003859,8480-6,Systolic blood pressure,135.1,mmHg,2026-07-28
OBS-00007729,PT-001357,ENC-0003859,718-7,Hemoglobin,14.4,g/dL,2026-07-28
OBS-00007730,PT-001357,ENC-0003859,8480-6,Systolic blood pressure,154.6,mmHg,2026-07-28
OBS-00007731,PT-001357,ENC-0003860,2339-0,Glucose,258.1,mg/dL,2025-04-09
OBS-00007732,PT-001357,ENC-0003860,2339-0,Glucose,107.5,mg/dL,2025-04-09
OBS-00007733,PT-001358,ENC-0003861,8480-6,Systolic blood pressure,163.7,mmHg,2024-10-12
OBS-00007734,PT-001358,ENC-0003862,2339-0,Glucose,277.3,mg/dL,2026-07-30
OBS-00007735,PT-001358,ENC-0003862,8462-4,Diastolic blood pressure,83.4,mmHg,2026-07-30
OBS-00007736,PT-001359,ENC-0003863,8480-6,Systolic blood pressure,137.3,mmHg,2026-08-04
OBS-00007737,PT-001359,ENC-0003864,718-7,Hemoglobin,13.9,g/dL,2025-10-08
OBS-00007738,PT-001359,ENC-0003864,8480-6,Systolic blood pressure,160.4,mmHg,2025-10-08
OBS-00007739,PT-001359,ENC-0003865,8480-6,Systolic blood pressure,180.0,mmHg,2025-12-11
OBS-00007740,PT-001359,ENC-0003865,2160-0,Creatinine,3.7,mg/dL,2025-12-11
OBS-00007741,PT-001360,ENC-0003866,718-7,Hemoglobin,16.4,g/dL,2025-10-25
OBS-00007742,PT-001360,ENC-0003866,8462-4,Diastolic blood pressure,69.8,mmHg,2025-10-25
OBS-00007743,PT-001360,ENC-0003867,8462-4,Diastolic blood pressure,60.3,mmHg,2026-09-16
OBS-00007744,PT-001360,ENC-0003868,2160-0,Creatinine,3.8,mg/dL,2025-03-23
OBS-00007745,PT-001360,ENC-0003868,718-7,Hemoglobin,16.4,g/dL,2025-03-23
OBS-00007746,PT-001360,ENC-0003868,8462-4,Diastolic blood pressure,94.4,mmHg,2025-03-23
OBS-00007747,PT-001361,ENC-0003869,8480-6,Systolic blood pressure,154.2,mmHg,2025-02-21
OBS-00007748,PT-001361,ENC-0003870,4548-4,Hemoglobin A1c,10.8,%,2026-02-14
OBS-00007749,PT-001361,ENC-0003871,718-7,Hemoglobin,9.1,g/dL,2026-09-16
OBS-00007750,PT-001361,ENC-0003871,718-7,Hemoglobin,8.7,g/dL,2026-09-16
OBS-00007751,PT-001361,ENC-0003871,8480-6,Systolic blood pressure,171.9,mmHg,2026-09-16
OBS-00007752,PT-001362,ENC-0003872,2339-0,Glucose,99.3,mg/dL,2024-11-23
OBS-00007753,PT-001362,ENC-0003872,8480-6,Systolic blood pressure,119.1,mmHg,2024-11-23
OBS-00007754,PT-001362,ENC-0003872,8462-4,Diastolic blood pressure,99.9,mmHg,2024-11-23
OBS-00007755,PT-001362,ENC-0003873,4548-4,Hemoglobin A1c,6.4,%,2025-09-26
OBS-00007756,PT-001362,ENC-0003874,2339-0,Glucose,187.0,mg/dL,2025-05-31
OBS-00007757,PT-001362,ENC-0003874,2339-0,Glucose,265.0,mg/dL,2025-05-31
OBS-00007758,PT-001362,ENC-0003874,8480-6,Systolic blood pressure,138.7,mmHg,2025-05-31
OBS-00007759,PT-001363,ENC-0003875,718-7,Hemoglobin,16.5,g/dL,2026-05-24
OBS-00007760,PT-001363,ENC-0003875,4548-4,Hemoglobin A1c,6.7,%,2026-05-24
OBS-00007761,PT-001363,ENC-0003876,8480-6,Systolic blood pressure,152.0,mmHg,2026-02-02
OBS-00007762,PT-001364,ENC-0003877,2339-0,Glucose,282.9,mg/dL,2025-12-12
OBS-00007763,PT-001364,ENC-0003877,8480-6,Systolic blood pressure,135.6,mmHg,2025-12-12
OBS-00007764,PT-001364,ENC-0003878,4548-4,Hemoglobin A1c,12.4,%,2025-11-01
OBS-00007765,PT-001364,ENC-0003878,2339-0,Glucose,85.8,mg/dL,2025-11-01
OBS-00007766,PT-001364,ENC-0003878,8480-6,Systolic blood pressure,147.6,mmHg,2025-11-01
OBS-00007767,PT-001365,ENC-0003879,718-7,Hemoglobin,11.2,g/dL,2025-07-21
OBS-00007768,PT-001365,ENC-0003880,718-7,Hemoglobin,9.5,g/dL,2026-08-14
OBS-00007769,PT-001365,ENC-0003880,2160-0,Creatinine,3.0,mg/dL,2026-08-14
OBS-00007770,PT-001365,ENC-0003880,8480-6,Systolic blood pressure,106.3,mmHg,2026-08-14
OBS-00007771,PT-001365,ENC-0003881,8462-4,Diastolic blood pressure,59.0,mmHg,2026-02-15
OBS-00007772,PT-001366,ENC-0003882,718-7,Hemoglobin,16.9,g/dL,2025-01-27
OBS-00007773,PT-001366,ENC-0003883,718-7,Hemoglobin,10.4,g/dL,2026-07-02
OBS-00007774,PT-001366,ENC-0003883,718-7,Hemoglobin,16.9,g/dL,2026-07-02
OBS-00007775,PT-001366,ENC-0003884,8462-4,Diastolic blood pressure,103.4,mmHg,2026-05-16
OBS-00007776,PT-001366,ENC-0003884,2339-0,Glucose,244.1,mg/dL,2026-05-16
OBS-00007777,PT-001367,ENC-0003885,718-7,Hemoglobin,15.6,g/dL,2024-10-28
OBS-00007778,PT-001367,ENC-0003885,8462-4,Diastolic blood pressure,93.8,mmHg,2024-10-28
OBS-00007779,PT-001367,ENC-0003886,8462-4,Diastolic blood pressure,67.9,mmHg,2025-12-20
OBS-00007780,PT-001367,ENC-0003886,8480-6,Systolic blood pressure,149.4,mmHg,2025-12-20
OBS-00007781,PT-001367,ENC-0003886,2339-0,Glucose,196.6,mg/dL,2025-12-20
OBS-00007782,PT-001367,ENC-0003887,2160-0,Creatinine,2.6,mg/dL,2026-09-03
OBS-00007783,PT-001367,ENC-0003888,2339-0,Glucose,153.3,mg/dL,2025-03-31
OBS-00007784,PT-001367,ENC-0003888,8480-6,Systolic blood pressure,114.6,mmHg,2025-03-31
OBS-00007785,PT-001367,ENC-0003888,8462-4,Diastolic blood pressure,75.3,mmHg,2025-03-31
OBS-00007786,PT-001368,ENC-0003889,8480-6,Systolic blood pressure,177.9,mmHg,2026-07-16
OBS-00007787,PT-001368,ENC-0003889,8480-6,Systolic blood pressure,99.3,mmHg,2026-07-16
OBS-00007788,PT-001368,ENC-0003890,8480-6,Systolic blood pressure,126.5,mmHg,2026-01-14
OBS-00007789,PT-001368,ENC-0003891,8480-6,Systolic blood pressure,110.0,mmHg,2024-12-24
OBS-00007790,PT-001368,ENC-0003891,8480-6,Systolic blood pressure,161.6,mmHg,2024-12-24
OBS-00007791,PT-001368,ENC-0003891,8480-6,Systolic blood pressure,158.7,mmHg,2024-12-24
OBS-00007792,PT-001369,ENC-0003892,2339-0,Glucose,156.9,mg/dL,2024-10-30
OBS-00007793,PT-001369,ENC-0003892,8480-6,Systolic blood pressure,180.5,mmHg,2024-10-30
OBS-00007794,PT-001369,ENC-0003893,718-7,Hemoglobin,12.9,g/dL,2025-06-27
OBS-00007795,PT-001369,ENC-0003893,4548-4,Hemoglobin A1c,4.9,%,2025-06-27
OBS-00007796,PT-001369,ENC-0003894,2339-0,Glucose,234.5,mg/dL,2026-03-29
OBS-00007797,PT-001369,ENC-0003895,4548-4,Hemoglobin A1c,7.3,%,2025-09-14
OBS-00007798,PT-001369,ENC-0003895,8462-4,Diastolic blood pressure,109.8,mmHg,2025-09-14
OBS-00007799,PT-001369,ENC-0003895,2339-0,Glucose,199.7,mg/dL,2025-09-14
OBS-00007800,PT-001369,ENC-0003896,4548-4,Hemoglobin A1c,9.0,%,2025-01-08
OBS-00007801,PT-001370,ENC-0003897,2339-0,Glucose,250.9,mg/dL,2025-01-18
OBS-00007802,PT-001370,ENC-0003897,8462-4,Diastolic blood pressure,70.4,mmHg,2025-01-18
OBS-00007803,PT-001370,ENC-0003898,4548-4,Hemoglobin A1c,6.1,%,2025-02-04
OBS-00007804,PT-001370,ENC-0003898,2339-0,Glucose,238.6,mg/dL,2025-02-04
OBS-00007805,PT-001370,ENC-0003899,2160-0,Creatinine,0.6,mg/dL,2025-07-06
OBS-00007806,PT-001370,ENC-0003899,2160-0,Creatinine,4.4,mg/dL,2025-07-06
OBS-00007807,PT-001371,ENC-0003900,2339-0,Glucose,184.1,mg/dL,2026-03-03
OBS-00007808,PT-001372,ENC-0003901,2160-0,Creatinine,3.9,mg/dL,2026-07-19
OBS-00007809,PT-001372,ENC-0003901,8480-6,Systolic blood pressure,135.3,mmHg,2026-07-19
OBS-00007810,PT-001372,ENC-0003902,8480-6,Systolic blood pressure,105.9,mmHg,2025-09-24
OBS-00007811,PT-001372,ENC-0003902,2339-0,Glucose,140.4,mg/dL,2025-09-24
OBS-00007812,PT-001372,ENC-0003902,4548-4,Hemoglobin A1c,11.1,%,2025-09-24
OBS-00007813,PT-001372,ENC-0003903,4548-4,Hemoglobin A1c,9.3,%,2026-05-19
OBS-00007814,PT-001372,ENC-0003903,718-7,Hemoglobin,12.2,g/dL,2026-05-19
OBS-00007815,PT-001372,ENC-0003904,8480-6,Systolic blood pressure,131.8,mmHg,2026-01-13
OBS-00007816,PT-001372,ENC-0003905,8480-6,Systolic blood pressure,157.1,mmHg,2026-03-01
OBS-00007817,PT-001372,ENC-0003905,718-7,Hemoglobin,9.8,g/dL,2026-03-01
OBS-00007818,PT-001372,ENC-0003905,718-7,Hemoglobin,8.7,g/dL,2026-03-01
OBS-00007819,PT-001372,ENC-0003906,2160-0,Creatinine,2.7,mg/dL,2026-03-30
OBS-00007820,PT-001372,ENC-0003907,2339-0,Glucose,240.3,mg/dL,2026-06-26
OBS-00007821,PT-001372,ENC-0003907,8462-4,Diastolic blood pressure,89.7,mmHg,2026-06-26
OBS-00007822,PT-001372,ENC-0003907,2160-0,Creatinine,1.5,mg/dL,2026-06-26
OBS-00007823,PT-001373,ENC-0003908,718-7,Hemoglobin,15.7,g/dL,2024-11-15
OBS-00007824,PT-001373,ENC-0003908,2339-0,Glucose,131.7,mg/dL,2024-11-15
OBS-00007825,PT-001373,ENC-0003908,2160-0,Creatinine,0.9,mg/dL,2024-11-15
OBS-00007826,PT-001374,ENC-0003909,8462-4,Diastolic blood pressure,81.4,mmHg,2025-12-13
OBS-00007827,PT-001374,ENC-0003909,4548-4,Hemoglobin A1c,7.7,%,2025-12-13
OBS-00007828,PT-001374,ENC-0003909,718-7,Hemoglobin,16.1,g/dL,2025-12-13
OBS-00007829,PT-001374,ENC-0003910,718-7,Hemoglobin,14.8,g/dL,2026-03-03
OBS-00007830,PT-001374,ENC-0003911,2339-0,Glucose,151.7,mg/dL,2025-08-09
OBS-00007831,PT-001374,ENC-0003911,4548-4,Hemoglobin A1c,10.2,%,2025-08-09
OBS-00007832,PT-001374,ENC-0003912,8462-4,Diastolic blood pressure,68.9,mmHg,2026-03-06
OBS-00007833,PT-001374,ENC-0003912,8480-6,Systolic blood pressure,148.0,mmHg,2026-03-06
OBS-00007834,PT-001374,ENC-0003912,4548-4,Hemoglobin A1c,11.9,%,2026-03-06
OBS-00007835,PT-001375,ENC-0003913,8480-6,Systolic blood pressure,126.1,mmHg,2026-09-02
OBS-00007836,PT-001375,ENC-0003913,4548-4,Hemoglobin A1c,11.4,%,2026-09-02
OBS-00007837,PT-001376,ENC-0003914,718-7,Hemoglobin,15.8,g/dL,2025-05-30
OBS-00007838,PT-001376,ENC-0003914,8480-6,Systolic blood pressure,96.8,mmHg,2025-05-30
OBS-00007839,PT-001376,ENC-0003914,718-7,Hemoglobin,9.3,g/dL,2025-05-30
OBS-00007840,PT-001377,ENC-0003915,718-7,Hemoglobin,8.1,g/dL,2025-09-26
OBS-00007841,PT-001377,ENC-0003915,4548-4,Hemoglobin A1c,7.5,%,2025-09-26
OBS-00007842,PT-001377,ENC-0003915,2160-0,Creatinine,4.4,mg/dL,2025-09-26
OBS-00007843,PT-001378,ENC-0003916,2339-0,Glucose,253.4,mg/dL,2025-11-21
OBS-00007844,PT-001378,ENC-0003916,2339-0,Glucose,205.4,mg/dL,2025-11-21
OBS-00007845,PT-001378,ENC-0003916,4548-4,Hemoglobin A1c,11.3,%,2025-11-21
OBS-00007846,PT-001378,ENC-0003917,718-7,Hemoglobin,11.2,g/dL,2025-09-16
OBS-00007847,PT-001378,ENC-0003918,718-7,Hemoglobin,9.4,g/dL,2025-02-14
OBS-00007848,PT-001378,ENC-0003918,4548-4,Hemoglobin A1c,11.8,%,2025-02-14
OBS-00007849,PT-001379,ENC-0003919,4548-4,Hemoglobin A1c,5.4,%,2025-09-23
OBS-00007850,PT-001379,ENC-0003919,8462-4,Diastolic blood pressure,74.4,mmHg,2025-09-23
OBS-00007851,PT-001379,ENC-0003920,2160-0,Creatinine,3.8,mg/dL,2024-11-23
OBS-00007852,PT-001379,ENC-0003920,2160-0,Creatinine,3.1,mg/dL,2024-11-23
OBS-00007853,PT-001379,ENC-0003921,718-7,Hemoglobin,9.1,g/dL,2026-07-17
OBS-00007854,PT-001379,ENC-0003921,8462-4,Diastolic blood pressure,104.0,mmHg,2026-07-17
OBS-00007855,PT-001380,ENC-0003922,2339-0,Glucose,97.4,mg/dL,2025-02-10
OBS-00007856,PT-001380,ENC-0003923,8462-4,Diastolic blood pressure,68.0,mmHg,2024-12-03
OBS-00007857,PT-001380,ENC-0003924,2160-0,Creatinine,2.4,mg/dL,2026-06-05
OBS-00007858,PT-001380,ENC-0003924,8462-4,Diastolic blood pressure,69.4,mmHg,2026-06-05
OBS-00007859,PT-001380,ENC-0003924,4548-4,Hemoglobin A1c,6.3,%,2026-06-05
OBS-00007860,PT-001380,ENC-0003925,8462-4,Diastolic blood pressure,71.2,mmHg,2025-08-27
OBS-00007861,PT-001380,ENC-0003926,718-7,Hemoglobin,11.2,g/dL,2025-10-05
OBS-00007862,PT-001381,ENC-0003927,8480-6,Systolic blood pressure,151.4,mmHg,2026-03-23
OBS-00007863,PT-001381,ENC-0003927,4548-4,Hemoglobin A1c,11.7,%,2026-03-23
OBS-00007864,PT-001381,ENC-0003928,4548-4,Hemoglobin A1c,9.8,%,2024-09-20
OBS-00007865,PT-001381,ENC-0003928,8462-4,Diastolic blood pressure,81.8,mmHg,2024-09-20
OBS-00007866,PT-001381,ENC-0003928,4548-4,Hemoglobin A1c,5.9,%,2024-09-20
OBS-00007867,PT-001381,ENC-0003929,8462-4,Diastolic blood pressure,65.9,mmHg,2025-02-13
OBS-00007868,PT-001381,ENC-0003929,2339-0,Glucose,177.4,mg/dL,2025-02-13
OBS-00007869,PT-001381,ENC-0003929,4548-4,Hemoglobin A1c,11.2,%,2025-02-13
OBS-00007870,PT-001381,ENC-0003930,718-7,Hemoglobin,16.5,g/dL,2024-10-29
OBS-00007871,PT-001381,ENC-0003930,2339-0,Glucose,118.6,mg/dL,2024-10-29
OBS-00007872,PT-001381,ENC-0003931,2339-0,Glucose,162.5,mg/dL,2024-11-28
OBS-00007873,PT-001381,ENC-0003931,2160-0,Creatinine,2.7,mg/dL,2024-11-28
OBS-00007874,PT-001381,ENC-0003931,2160-0,Creatinine,4.1,mg/dL,2024-11-28
OBS-00007875,PT-001381,ENC-0003932,2339-0,Glucose,141.4,mg/dL,2025-08-31
OBS-00007876,PT-001382,ENC-0003933,2160-0,Creatinine,4.0,mg/dL,2025-07-11
OBS-00007877,PT-001382,ENC-0003934,718-7,Hemoglobin,8.1,g/dL,2026-02-21
OBS-00007878,PT-001383,ENC-0003935,718-7,Hemoglobin,13.7,g/dL,2025-10-31
OBS-00007879,PT-001383,ENC-0003935,8462-4,Diastolic blood pressure,107.8,mmHg,2025-10-31
OBS-00007880,PT-001383,ENC-0003935,718-7,Hemoglobin,8.9,g/dL,2025-10-31
OBS-00007881,PT-001383,ENC-0003936,4548-4,Hemoglobin A1c,9.6,%,2024-12-10
OBS-00007882,PT-001383,ENC-0003936,2160-0,Creatinine,1.8,mg/dL,2024-12-10
OBS-00007883,PT-001383,ENC-0003936,4548-4,Hemoglobin A1c,6.8,%,2024-12-10
OBS-00007884,PT-001383,ENC-0003937,2160-0,Creatinine,4.2,mg/dL,2026-05-17
OBS-00007885,PT-001384,ENC-0003938,4548-4,Hemoglobin A1c,9.8,%,2026-01-07
OBS-00007886,PT-001384,ENC-0003938,2339-0,Glucose,109.7,mg/dL,2026-01-07
OBS-00007887,PT-001384,ENC-0003938,2339-0,Glucose,304.6,mg/dL,2026-01-07
OBS-00007888,PT-001384,ENC-0003939,718-7,Hemoglobin,9.8,g/dL,2025-02-22
OBS-00007889,PT-001384,ENC-0003939,8462-4,Diastolic blood pressure,80.4,mmHg,2025-02-22
OBS-00007890,PT-001384,ENC-0003940,2339-0,Glucose,258.7,mg/dL,2025-07-03
OBS-00007891,PT-001384,ENC-0003940,8480-6,Systolic blood pressure,175.8,mmHg,2025-07-03
OBS-00007892,PT-001385,ENC-0003941,2339-0,Glucose,282.1,mg/dL,2025-05-27
OBS-00007893,PT-001385,ENC-0003941,8480-6,Systolic blood pressure,171.2,mmHg,2025-05-27
OBS-00007894,PT-001385,ENC-0003942,2160-0,Creatinine,3.3,mg/dL,2025-02-10
OBS-00007895,PT-001386,ENC-0003943,8480-6,Systolic blood pressure,110.6,mmHg,2025-01-24
OBS-00007896,PT-001386,ENC-0003943,2160-0,Creatinine,3.6,mg/dL,2025-01-24
OBS-00007897,PT-001386,ENC-0003944,8480-6,Systolic blood pressure,109.7,mmHg,2025-08-23
OBS-00007898,PT-001386,ENC-0003944,718-7,Hemoglobin,8.1,g/dL,2025-08-23
OBS-00007899,PT-001386,ENC-0003945,8480-6,Systolic blood pressure,162.2,mmHg,2026-01-08
OBS-00007900,PT-001386,ENC-0003945,4548-4,Hemoglobin A1c,8.9,%,2026-01-08
OBS-00007901,PT-001386,ENC-0003946,2160-0,Creatinine,3.8,mg/dL,2025-09-19
OBS-00007902,PT-001386,ENC-0003947,718-7,Hemoglobin,10.4,g/dL,2026-06-30
OBS-00007903,PT-001387,ENC-0003948,8480-6,Systolic blood pressure,104.4,mmHg,2024-11-05
OBS-00007904,PT-001388,ENC-0003949,2339-0,Glucose,137.3,mg/dL,2026-04-28
OBS-00007905,PT-001388,ENC-0003949,718-7,Hemoglobin,10.7,g/dL,2026-04-28
OBS-00007906,PT-001388,ENC-0003949,718-7,Hemoglobin,12.6,g/dL,2026-04-28
OBS-00007907,PT-001389,ENC-0003950,2160-0,Creatinine,4.0,mg/dL,2025-05-05
OBS-00007908,PT-001389,ENC-0003950,2339-0,Glucose,293.0,mg/dL,2025-05-05
OBS-00007909,PT-001389,ENC-0003951,8462-4,Diastolic blood pressure,75.5,mmHg,2025-09-15
OBS-00007910,PT-001389,ENC-0003951,8480-6,Systolic blood pressure,160.3,mmHg,2025-09-15
OBS-00007911,PT-001389,ENC-0003952,718-7,Hemoglobin,13.5,g/dL,2024-11-16
OBS-00007912,PT-001389,ENC-0003952,8462-4,Diastolic blood pressure,73.1,mmHg,2024-11-16
OBS-00007913,PT-001390,ENC-0003953,2339-0,Glucose,118.8,mg/dL,2024-10-09
OBS-00007914,PT-001390,ENC-0003953,4548-4,Hemoglobin A1c,5.4,%,2024-10-09
OBS-00007915,PT-001390,ENC-0003953,4548-4,Hemoglobin A1c,6.0,%,2024-10-09
OBS-00007916,PT-001390,ENC-0003954,2160-0,Creatinine,2.1,mg/dL,2025-04-05
OBS-00007917,PT-001390,ENC-0003954,718-7,Hemoglobin,14.8,g/dL,2025-04-05
OBS-00007918,PT-001390,ENC-0003955,718-7,Hemoglobin,16.9,g/dL,2026-02-25
OBS-00007919,PT-001390,ENC-0003956,8480-6,Systolic blood pressure,162.6,mmHg,2025-01-04
OBS-00007920,PT-001390,ENC-0003956,4548-4,Hemoglobin A1c,7.3,%,2025-01-04
OBS-00007921,PT-001390,ENC-0003956,2339-0,Glucose,222.7,mg/dL,2025-01-04
OBS-00007922,PT-001390,ENC-0003957,718-7,Hemoglobin,16.5,g/dL,2026-04-18
OBS-00007923,PT-001390,ENC-0003957,4548-4,Hemoglobin A1c,11.5,%,2026-04-18
OBS-00007924,PT-001390,ENC-0003957,2160-0,Creatinine,2.7,mg/dL,2026-04-18
OBS-00007925,PT-001391,ENC-0003958,4548-4,Hemoglobin A1c,8.5,%,2026-08-15
OBS-00007926,PT-001391,ENC-0003958,8462-4,Diastolic blood pressure,64.4,mmHg,2026-08-15
OBS-00007927,PT-001391,ENC-0003958,8480-6,Systolic blood pressure,149.1,mmHg,2026-08-15
OBS-00007928,PT-001392,ENC-0003959,4548-4,Hemoglobin A1c,8.4,%,2025-11-01
OBS-00007929,PT-001392,ENC-0003960,8462-4,Diastolic blood pressure,96.4,mmHg,2026-07-16
OBS-00007930,PT-001392,ENC-0003960,8462-4,Diastolic blood pressure,68.9,mmHg,2026-07-16
OBS-00007931,PT-001392,ENC-0003960,8480-6,Systolic blood pressure,184.6,mmHg,2026-07-16
OBS-00007932,PT-001392,ENC-0003961,8480-6,Systolic blood pressure,167.8,mmHg,2025-08-15
OBS-00007933,PT-001392,ENC-0003961,718-7,Hemoglobin,10.9,g/dL,2025-08-15
OBS-00007934,PT-001392,ENC-0003962,2160-0,Creatinine,4.0,mg/dL,2024-11-21
OBS-00007935,PT-001392,ENC-0003962,8462-4,Diastolic blood pressure,76.7,mmHg,2024-11-21
OBS-00007936,PT-001392,ENC-0003962,8480-6,Systolic blood pressure,131.4,mmHg,2024-11-21
OBS-00007937,PT-001392,ENC-0003963,8480-6,Systolic blood pressure,171.9,mmHg,2025-03-27
OBS-00007938,PT-001393,ENC-0003964,8480-6,Systolic blood pressure,135.4,mmHg,2025-07-01
OBS-00007939,PT-001393,ENC-0003964,718-7,Hemoglobin,9.3,g/dL,2025-07-01
OBS-00007940,PT-001393,ENC-0003965,4548-4,Hemoglobin A1c,6.9,%,2025-09-24
OBS-00007941,PT-001393,ENC-0003965,8462-4,Diastolic blood pressure,84.5,mmHg,2025-09-24
OBS-00007942,PT-001393,ENC-0003965,8480-6,Systolic blood pressure,171.4,mmHg,2025-09-24
OBS-00007943,PT-001394,ENC-0003966,2160-0,Creatinine,2.2,mg/dL,2025-08-28
OBS-00007944,PT-001394,ENC-0003967,8462-4,Diastolic blood pressure,103.1,mmHg,2026-02-24
OBS-00007945,PT-001394,ENC-0003967,2339-0,Glucose,234.5,mg/dL,2026-02-24
OBS-00007946,PT-001394,ENC-0003968,8462-4,Diastolic blood pressure,82.2,mmHg,2025-12-22
OBS-00007947,PT-001394,ENC-0003969,8480-6,Systolic blood pressure,163.5,mmHg,2025-01-23
OBS-00007948,PT-001394,ENC-0003970,2339-0,Glucose,194.9,mg/dL,2024-11-18
OBS-00007949,PT-001394,ENC-0003971,2160-0,Creatinine,1.3,mg/dL,2025-11-10
OBS-00007950,PT-001394,ENC-0003971,2160-0,Creatinine,3.0,mg/dL,2025-11-10
OBS-00007951,PT-001394,ENC-0003971,2160-0,Creatinine,0.6,mg/dL,2025-11-10
OBS-00007952,PT-001394,ENC-0003972,8462-4,Diastolic blood pressure,84.2,mmHg,2025-07-10
OBS-00007953,PT-001394,ENC-0003972,718-7,Hemoglobin,8.7,g/dL,2025-07-10
OBS-00007954,PT-001394,ENC-0003972,8462-4,Diastolic blood pressure,91.8,mmHg,2025-07-10
OBS-00007955,PT-001394,ENC-0003973,8462-4,Diastolic blood pressure,106.6,mmHg,2026-07-17
OBS-00007956,PT-001395,ENC-0003974,4548-4,Hemoglobin A1c,8.7,%,2025-01-02
OBS-00007957,PT-001396,ENC-0003975,4548-4,Hemoglobin A1c,6.0,%,2025-12-23
OBS-00007958,PT-001397,ENC-0003976,8462-4,Diastolic blood pressure,96.8,mmHg,2026-01-20
OBS-00007959,PT-001398,ENC-0003977,2160-0,Creatinine,4.1,mg/dL,2025-06-02
OBS-00007960,PT-001398,ENC-0003978,8480-6,Systolic blood pressure,149.5,mmHg,2025-11-11
OBS-00007961,PT-001398,ENC-0003978,2339-0,Glucose,200.2,mg/dL,2025-11-11
OBS-00007962,PT-001398,ENC-0003979,4548-4,Hemoglobin A1c,7.7,%,2025-02-21
OBS-00007963,PT-001398,ENC-0003980,718-7,Hemoglobin,11.6,g/dL,2025-01-29
OBS-00007964,PT-001398,ENC-0003981,2160-0,Creatinine,0.8,mg/dL,2026-03-13
OBS-00007965,PT-001398,ENC-0003981,8462-4,Diastolic blood pressure,96.4,mmHg,2026-03-13
OBS-00007966,PT-001398,ENC-0003982,718-7,Hemoglobin,9.6,g/dL,2025-04-06
OBS-00007967,PT-001399,ENC-0003983,8462-4,Diastolic blood pressure,72.9,mmHg,2026-06-24
OBS-00007968,PT-001399,ENC-0003983,718-7,Hemoglobin,13.2,g/dL,2026-06-24
OBS-00007969,PT-001399,ENC-0003984,718-7,Hemoglobin,15.6,g/dL,2025-03-08
OBS-00007970,PT-001399,ENC-0003985,2339-0,Glucose,177.6,mg/dL,2025-12-02
OBS-00007971,PT-001399,ENC-0003985,8462-4,Diastolic blood pressure,81.2,mmHg,2025-12-02
OBS-00007972,PT-001399,ENC-0003985,8480-6,Systolic blood pressure,103.6,mmHg,2025-12-02
OBS-00007973,PT-001399,ENC-0003986,2339-0,Glucose,296.3,mg/dL,2026-03-23
OBS-00007974,PT-001399,ENC-0003986,718-7,Hemoglobin,9.7,g/dL,2026-03-23
OBS-00007975,PT-001400,ENC-0003987,2160-0,Creatinine,2.4,mg/dL,2026-04-20
OBS-00007976,PT-001400,ENC-0003988,8480-6,Systolic blood pressure,156.6,mmHg,2025-12-02
OBS-00007977,PT-001400,ENC-0003988,8480-6,Systolic blood pressure,105.7,mmHg,2025-12-02
OBS-00007978,PT-001401,ENC-0003989,718-7,Hemoglobin,13.8,g/dL,2024-10-09
OBS-00007979,PT-001401,ENC-0003989,718-7,Hemoglobin,12.4,g/dL,2024-10-09
OBS-00007980,PT-001401,ENC-0003989,2339-0,Glucose,174.8,mg/dL,2024-10-09
OBS-00007981,PT-001401,ENC-0003990,2160-0,Creatinine,2.5,mg/dL,2026-07-26
OBS-00007982,PT-001401,ENC-0003990,8462-4,Diastolic blood pressure,63.0,mmHg,2026-07-26
OBS-00007983,PT-001402,ENC-0003991,2339-0,Glucose,305.4,mg/dL,2025-02-09
OBS-00007984,PT-001402,ENC-0003991,2339-0,Glucose,190.0,mg/dL,2025-02-09
OBS-00007985,PT-001402,ENC-0003991,8480-6,Systolic blood pressure,182.4,mmHg,2025-02-09
OBS-00007986,PT-001402,ENC-0003992,718-7,Hemoglobin,9.7,g/dL,2026-08-29
OBS-00007987,PT-001402,ENC-0003993,4548-4,Hemoglobin A1c,10.3,%,2026-05-28
OBS-00007988,PT-001402,ENC-0003993,2339-0,Glucose,167.4,mg/dL,2026-05-28
OBS-00007989,PT-001403,ENC-0003994,8462-4,Diastolic blood pressure,106.9,mmHg,2025-07-12
OBS-00007990,PT-001403,ENC-0003994,2160-0,Creatinine,4.5,mg/dL,2025-07-12
OBS-00007991,PT-001403,ENC-0003994,2160-0,Creatinine,3.5,mg/dL,2025-07-12
OBS-00007992,PT-001403,ENC-0003995,8480-6,Systolic blood pressure,106.9,mmHg,2025-07-01
OBS-00007993,PT-001403,ENC-0003995,8462-4,Diastolic blood pressure,103.3,mmHg,2025-07-01
OBS-00007994,PT-001403,ENC-0003995,2160-0,Creatinine,0.6,mg/dL,2025-07-01
OBS-00007995,PT-001403,ENC-0003996,8462-4,Diastolic blood pressure,73.7,mmHg,2026-02-10
OBS-00007996,PT-001403,ENC-0003996,2339-0,Glucose,113.2,mg/dL,2026-02-10
OBS-00007997,PT-001403,ENC-0003996,4548-4,Hemoglobin A1c,12.4,%,2026-02-10
OBS-00007998,PT-001403,ENC-0003997,8462-4,Diastolic blood pressure,91.6,mmHg,2025-07-05
OBS-00007999,PT-001403,ENC-0003997,2160-0,Creatinine,4.1,mg/dL,2025-07-05
OBS-00008000,PT-001403,ENC-0003997,4548-4,Hemoglobin A1c,5.7,%,2025-07-05
OBS-00008001,PT-001403,ENC-0003998,4548-4,Hemoglobin A1c,12.2,%,2025-04-23
OBS-00008002,PT-001403,ENC-0003998,2339-0,Glucose,277.7,mg/dL,2025-04-23
OBS-00008003,PT-001403,ENC-0003998,2160-0,Creatinine,3.3,mg/dL,2025-04-23
OBS-00008004,PT-001403,ENC-0003999,4548-4,Hemoglobin A1c,9.9,%,2026-03-02
OBS-00008005,PT-001404,ENC-0004000,2160-0,Creatinine,4.3,mg/dL,2024-10-17
OBS-00008006,PT-001404,ENC-0004000,718-7,Hemoglobin,16.6,g/dL,2024-10-17
OBS-00008007,PT-001404,ENC-0004001,2339-0,Glucose,215.5,mg/dL,2026-05-04
OBS-00008008,PT-001404,ENC-0004001,2160-0,Creatinine,0.9,mg/dL,2026-05-04
OBS-00008009,PT-001404,ENC-0004001,4548-4,Hemoglobin A1c,9.3,%,2026-05-04
OBS-00008010,PT-001404,ENC-0004002,8480-6,Systolic blood pressure,127.6,mmHg,2025-07-22
OBS-00008011,PT-001404,ENC-0004002,4548-4,Hemoglobin A1c,6.7,%,2025-07-22
OBS-00008012,PT-001404,ENC-0004002,8480-6,Systolic blood pressure,174.6,mmHg,2025-07-22
OBS-00008013,PT-001404,ENC-0004003,2339-0,Glucose,206.9,mg/dL,2026-03-25
OBS-00008014,PT-001404,ENC-0004003,4548-4,Hemoglobin A1c,8.6,%,2026-03-25
OBS-00008015,PT-001405,ENC-0004004,2339-0,Glucose,288.2,mg/dL,2026-06-22
OBS-00008016,PT-001405,ENC-0004005,8480-6,Systolic blood pressure,120.5,mmHg,2025-03-05
OBS-00008017,PT-001405,ENC-0004005,2160-0,Creatinine,2.8,mg/dL,2025-03-05
OBS-00008018,PT-001405,ENC-0004005,718-7,Hemoglobin,8.7,g/dL,2025-03-05
OBS-00008019,PT-001406,ENC-0004006,2339-0,Glucose,96.1,mg/dL,2026-01-24
OBS-00008020,PT-001406,ENC-0004006,8480-6,Systolic blood pressure,143.7,mmHg,2026-01-24
OBS-00008021,PT-001406,ENC-0004007,8462-4,Diastolic blood pressure,63.5,mmHg,2025-10-03
OBS-00008022,PT-001407,ENC-0004008,718-7,Hemoglobin,10.2,g/dL,2026-05-04
OBS-00008023,PT-001407,ENC-0004008,2160-0,Creatinine,3.9,mg/dL,2026-05-04
OBS-00008024,PT-001407,ENC-0004008,2339-0,Glucose,165.5,mg/dL,2026-05-04
OBS-00008025,PT-001407,ENC-0004009,2160-0,Creatinine,4.0,mg/dL,2025-05-23
OBS-00008026,PT-001407,ENC-0004009,2339-0,Glucose,183.6,mg/dL,2025-05-23
OBS-00008027,PT-001407,ENC-0004009,718-7,Hemoglobin,15.1,g/dL,2025-05-23
OBS-00008028,PT-001407,ENC-0004010,718-7,Hemoglobin,12.6,g/dL,2025-02-11
OBS-00008029,PT-001407,ENC-0004011,718-7,Hemoglobin,16.6,g/dL,2026-07-13
OBS-00008030,PT-001407,ENC-0004012,4548-4,Hemoglobin A1c,6.1,%,2024-11-17
OBS-00008031,PT-001408,ENC-0004013,718-7,Hemoglobin,12.2,g/dL,2026-04-08
OBS-00008032,PT-001408,ENC-0004014,8480-6,Systolic blood pressure,114.2,mmHg,2025-02-27
OBS-00008033,PT-001408,ENC-0004014,8462-4,Diastolic blood pressure,92.8,mmHg,2025-02-27
OBS-00008034,PT-001408,ENC-0004014,2339-0,Glucose,284.7,mg/dL,2025-02-27
OBS-00008035,PT-001409,ENC-0004015,2339-0,Glucose,177.0,mg/dL,2026-02-01
OBS-00008036,PT-001410,ENC-0004016,8480-6,Systolic blood pressure,130.8,mmHg,2026-05-26
OBS-00008037,PT-001410,ENC-0004016,2339-0,Glucose,158.9,mg/dL,2026-05-26
OBS-00008038,PT-001410,ENC-0004017,4548-4,Hemoglobin A1c,5.4,%,2025-09-23
OBS-00008039,PT-001411,ENC-0004018,8462-4,Diastolic blood pressure,64.9,mmHg,2025-11-26
OBS-00008040,PT-001412,ENC-0004019,8462-4,Diastolic blood pressure,93.2,mmHg,2025-04-08
OBS-00008041,PT-001412,ENC-0004019,4548-4,Hemoglobin A1c,12.0,%,2025-04-08
OBS-00008042,PT-001412,ENC-0004019,8462-4,Diastolic blood pressure,75.2,mmHg,2025-04-08
OBS-00008043,PT-001412,ENC-0004020,4548-4,Hemoglobin A1c,11.1,%,2026-05-19
OBS-00008044,PT-001412,ENC-0004020,8480-6,Systolic blood pressure,173.2,mmHg,2026-05-19
OBS-00008045,PT-001413,ENC-0004021,8480-6,Systolic blood pressure,129.4,mmHg,2026-08-14
OBS-00008046,PT-001413,ENC-0004021,4548-4,Hemoglobin A1c,8.2,%,2026-08-14
OBS-00008047,PT-001413,ENC-0004021,2160-0,Creatinine,3.3,mg/dL,2026-08-14
OBS-00008048,PT-001414,ENC-0004022,4548-4,Hemoglobin A1c,4.8,%,2025-11-04
OBS-00008049,PT-001414,ENC-0004022,2160-0,Creatinine,3.9,mg/dL,2025-11-04
OBS-00008050,PT-001414,ENC-0004023,8480-6,Systolic blood pressure,145.6,mmHg,2024-11-16
OBS-00008051,PT-001414,ENC-0004023,2339-0,Glucose,298.0,mg/dL,2024-11-16
OBS-00008052,PT-001415,ENC-0004024,8480-6,Systolic blood pressure,118.2,mmHg,2026-03-31
OBS-00008053,PT-001415,ENC-0004024,4548-4,Hemoglobin A1c,8.7,%,2026-03-31
OBS-00008054,PT-001415,ENC-0004025,2339-0,Glucose,280.5,mg/dL,2026-02-05
OBS-00008055,PT-001415,ENC-0004026,718-7,Hemoglobin,13.7,g/dL,2025-07-28
OBS-00008056,PT-001415,ENC-0004026,718-7,Hemoglobin,11.9,g/dL,2025-07-28
OBS-00008057,PT-001415,ENC-0004026,2339-0,Glucose,71.4,mg/dL,2025-07-28
OBS-00008058,PT-001415,ENC-0004027,718-7,Hemoglobin,11.2,g/dL,2025-08-01
OBS-00008059,PT-001415,ENC-0004028,8462-4,Diastolic blood pressure,98.8,mmHg,2025-11-21
OBS-00008060,PT-001415,ENC-0004028,2160-0,Creatinine,1.6,mg/dL,2025-11-21
OBS-00008061,PT-001415,ENC-0004028,2160-0,Creatinine,4.2,mg/dL,2025-11-21
OBS-00008062,PT-001416,ENC-0004029,8480-6,Systolic blood pressure,100.9,mmHg,2025-03-24
OBS-00008063,PT-001416,ENC-0004029,718-7,Hemoglobin,8.4,g/dL,2025-03-24
OBS-00008064,PT-001416,ENC-0004030,718-7,Hemoglobin,15.8,g/dL,2025-04-12
OBS-00008065,PT-001416,ENC-0004030,4548-4,Hemoglobin A1c,7.2,%,2025-04-12
OBS-00008066,PT-001416,ENC-0004031,8480-6,Systolic blood pressure,135.8,mmHg,2025-03-12
OBS-00008067,PT-001416,ENC-0004031,8480-6,Systolic blood pressure,165.5,mmHg,2025-03-12
OBS-00008068,PT-001416,ENC-0004031,8462-4,Diastolic blood pressure,84.9,mmHg,2025-03-12
OBS-00008069,PT-001416,ENC-0004032,8462-4,Diastolic blood pressure,89.2,mmHg,2025-07-24
OBS-00008070,PT-001416,ENC-0004032,4548-4,Hemoglobin A1c,7.8,%,2025-07-24
OBS-00008071,PT-001416,ENC-0004033,4548-4,Hemoglobin A1c,8.9,%,2026-08-21
OBS-00008072,PT-001416,ENC-0004033,2160-0,Creatinine,2.1,mg/dL,2026-08-21
OBS-00008073,PT-001416,ENC-0004034,8462-4,Diastolic blood pressure,88.2,mmHg,2025-12-08
OBS-00008074,PT-001416,ENC-0004034,718-7,Hemoglobin,15.7,g/dL,2025-12-08
OBS-00008075,PT-001417,ENC-0004035,2339-0,Glucose,191.6,mg/dL,2025-07-01
OBS-00008076,PT-001417,ENC-0004036,718-7,Hemoglobin,11.0,g/dL,2025-12-25
OBS-00008077,PT-001417,ENC-0004036,8480-6,Systolic blood pressure,113.8,mmHg,2025-12-25
OBS-00008078,PT-001418,ENC-0004037,4548-4,Hemoglobin A1c,10.7,%,2025-07-13
OBS-00008079,PT-001418,ENC-0004037,2160-0,Creatinine,1.8,mg/dL,2025-07-13
OBS-00008080,PT-001418,ENC-0004037,8480-6,Systolic blood pressure,155.6,mmHg,2025-07-13
OBS-00008081,PT-001418,ENC-0004038,718-7,Hemoglobin,8.2,g/dL,2026-01-07
OBS-00008082,PT-001418,ENC-0004038,718-7,Hemoglobin,8.9,g/dL,2026-01-07
OBS-00008083,PT-001418,ENC-0004038,8480-6,Systolic blood pressure,144.0,mmHg,2026-01-07
OBS-00008084,PT-001418,ENC-0004039,2339-0,Glucose,95.0,mg/dL,2025-10-27
OBS-00008085,PT-001419,ENC-0004040,4548-4,Hemoglobin A1c,11.7,%,2025-08-13
OBS-00008086,PT-001419,ENC-0004040,4548-4,Hemoglobin A1c,10.9,%,2025-08-13
OBS-00008087,PT-001420,ENC-0004041,718-7,Hemoglobin,11.1,g/dL,2026-02-01
OBS-00008088,PT-001420,ENC-0004041,718-7,Hemoglobin,10.1,g/dL,2026-02-01
OBS-00008089,PT-001420,ENC-0004042,8480-6,Systolic blood pressure,100.7,mmHg,2026-09-12
OBS-00008090,PT-001420,ENC-0004042,718-7,Hemoglobin,13.8,g/dL,2026-09-12
OBS-00008091,PT-001420,ENC-0004042,4548-4,Hemoglobin A1c,9.2,%,2026-09-12
OBS-00008092,PT-001420,ENC-0004043,8480-6,Systolic blood pressure,140.3,mmHg,2026-01-10
OBS-00008093,PT-001420,ENC-0004043,8480-6,Systolic blood pressure,145.8,mmHg,2026-01-10
OBS-00008094,PT-001420,ENC-0004044,2339-0,Glucose,135.1,mg/dL,2026-02-14
OBS-00008095,PT-001420,ENC-0004045,2160-0,Creatinine,2.6,mg/dL,2025-03-14
OBS-00008096,PT-001420,ENC-0004046,718-7,Hemoglobin,11.8,g/dL,2026-03-28
OBS-00008097,PT-001420,ENC-0004046,2339-0,Glucose,269.6,mg/dL,2026-03-28
OBS-00008098,PT-001420,ENC-0004046,8462-4,Diastolic blood pressure,55.8,mmHg,2026-03-28
OBS-00008099,PT-001420,ENC-0004047,8462-4,Diastolic blood pressure,70.4,mmHg,2026-08-10
OBS-00008100,PT-001421,ENC-0004048,2160-0,Creatinine,0.8,mg/dL,2025-06-08
OBS-00008101,PT-001421,ENC-0004048,718-7,Hemoglobin,8.1,g/dL,2025-06-08
OBS-00008102,PT-001421,ENC-0004049,2160-0,Creatinine,3.9,mg/dL,2025-02-01
OBS-00008103,PT-001422,ENC-0004050,4548-4,Hemoglobin A1c,11.7,%,2026-04-06
OBS-00008104,PT-001422,ENC-0004050,8462-4,Diastolic blood pressure,77.1,mmHg,2026-04-06
OBS-00008105,PT-001422,ENC-0004051,718-7,Hemoglobin,14.3,g/dL,2026-04-26
OBS-00008106,PT-001423,ENC-0004052,2160-0,Creatinine,1.5,mg/dL,2026-03-25
OBS-00008107,PT-001423,ENC-0004052,718-7,Hemoglobin,13.5,g/dL,2026-03-25
OBS-00008108,PT-001423,ENC-0004053,2160-0,Creatinine,2.6,mg/dL,2025-05-02
OBS-00008109,PT-001423,ENC-0004053,2339-0,Glucose,278.7,mg/dL,2025-05-02
OBS-00008110,PT-001423,ENC-0004054,718-7,Hemoglobin,15.8,g/dL,2026-07-10
OBS-00008111,PT-001423,ENC-0004055,718-7,Hemoglobin,11.7,g/dL,2025-12-19
OBS-00008112,PT-001423,ENC-0004055,4548-4,Hemoglobin A1c,9.7,%,2025-12-19
OBS-00008113,PT-001423,ENC-0004055,8462-4,Diastolic blood pressure,98.6,mmHg,2025-12-19
OBS-00008114,PT-001423,ENC-0004056,8462-4,Diastolic blood pressure,98.4,mmHg,2026-05-19
OBS-00008115,PT-001423,ENC-0004056,718-7,Hemoglobin,14.1,g/dL,2026-05-19
OBS-00008116,PT-001423,ENC-0004056,2160-0,Creatinine,3.5,mg/dL,2026-05-19
OBS-00008117,PT-001423,ENC-0004057,8480-6,Systolic blood pressure,138.3,mmHg,2024-10-15
OBS-00008118,PT-001423,ENC-0004057,8462-4,Diastolic blood pressure,71.1,mmHg,2024-10-15
OBS-00008119,PT-001424,ENC-0004058,2339-0,Glucose,162.3,mg/dL,2026-06-27
OBS-00008120,PT-001424,ENC-0004058,8462-4,Diastolic blood pressure,55.9,mmHg,2026-06-27
OBS-00008121,PT-001424,ENC-0004059,8462-4,Diastolic blood pressure,103.1,mmHg,2025-04-23
OBS-00008122,PT-001424,ENC-0004059,4548-4,Hemoglobin A1c,5.9,%,2025-04-23
OBS-00008123,PT-001424,ENC-0004060,718-7,Hemoglobin,13.0,g/dL,2026-04-22
OBS-00008124,PT-001424,ENC-0004061,718-7,Hemoglobin,15.1,g/dL,2024-10-17
OBS-00008125,PT-001424,ENC-0004062,2339-0,Glucose,117.0,mg/dL,2025-11-26
OBS-00008126,PT-001424,ENC-0004062,2339-0,Glucose,249.8,mg/dL,2025-11-26
OBS-00008127,PT-001424,ENC-0004063,2160-0,Creatinine,2.6,mg/dL,2025-08-06
OBS-00008128,PT-001425,ENC-0004064,2339-0,Glucose,160.6,mg/dL,2025-01-16
OBS-00008129,PT-001425,ENC-0004064,8480-6,Systolic blood pressure,132.9,mmHg,2025-01-16
OBS-00008130,PT-001425,ENC-0004064,2339-0,Glucose,310.8,mg/dL,2025-01-16
OBS-00008131,PT-001425,ENC-0004065,8480-6,Systolic blood pressure,175.5,mmHg,2026-05-29
OBS-00008132,PT-001425,ENC-0004065,8480-6,Systolic blood pressure,106.9,mmHg,2026-05-29
OBS-00008133,PT-001425,ENC-0004065,2339-0,Glucose,240.8,mg/dL,2026-05-29
OBS-00008134,PT-001425,ENC-0004066,8462-4,Diastolic blood pressure,90.0,mmHg,2026-05-23
OBS-00008135,PT-001425,ENC-0004066,2339-0,Glucose,258.0,mg/dL,2026-05-23
OBS-00008136,PT-001425,ENC-0004067,8462-4,Diastolic blood pressure,87.3,mmHg,2024-12-24
OBS-00008137,PT-001425,ENC-0004067,2339-0,Glucose,116.1,mg/dL,2024-12-24
OBS-00008138,PT-001425,ENC-0004068,2339-0,Glucose,164.6,mg/dL,2025-07-27
OBS-00008139,PT-001426,ENC-0004069,718-7,Hemoglobin,14.8,g/dL,2024-09-25
OBS-00008140,PT-001426,ENC-0004069,2339-0,Glucose,111.7,mg/dL,2024-09-25
OBS-00008141,PT-001426,ENC-0004069,2160-0,Creatinine,1.8,mg/dL,2024-09-25
OBS-00008142,PT-001426,ENC-0004070,8480-6,Systolic blood pressure,167.6,mmHg,2024-12-27
OBS-00008143,PT-001426,ENC-0004070,4548-4,Hemoglobin A1c,11.6,%,2024-12-27
OBS-00008144,PT-001426,ENC-0004070,4548-4,Hemoglobin A1c,7.0,%,2024-12-27
OBS-00008145,PT-001426,ENC-0004071,718-7,Hemoglobin,9.6,g/dL,2026-01-09
OBS-00008146,PT-001427,ENC-0004072,718-7,Hemoglobin,13.3,g/dL,2025-07-26
OBS-00008147,PT-001427,ENC-0004072,718-7,Hemoglobin,11.6,g/dL,2025-07-26
OBS-00008148,PT-001427,ENC-0004073,8480-6,Systolic blood pressure,166.5,mmHg,2026-07-28
OBS-00008149,PT-001427,ENC-0004073,4548-4,Hemoglobin A1c,6.1,%,2026-07-28
OBS-00008150,PT-001427,ENC-0004074,8462-4,Diastolic blood pressure,92.0,mmHg,2026-09-06
OBS-00008151,PT-001428,ENC-0004075,4548-4,Hemoglobin A1c,5.7,%,2026-02-25
OBS-00008152,PT-001429,ENC-0004076,718-7,Hemoglobin,15.1,g/dL,2025-01-18
OBS-00008153,PT-001429,ENC-0004076,2339-0,Glucose,148.9,mg/dL,2025-01-18
OBS-00008154,PT-001430,ENC-0004077,2339-0,Glucose,241.0,mg/dL,2026-07-17
OBS-00008155,PT-001430,ENC-0004077,2160-0,Creatinine,2.5,mg/dL,2026-07-17
OBS-00008156,PT-001431,ENC-0004078,2160-0,Creatinine,2.2,mg/dL,2026-04-16
OBS-00008157,PT-001431,ENC-0004078,8462-4,Diastolic blood pressure,100.6,mmHg,2026-04-16
OBS-00008158,PT-001431,ENC-0004079,4548-4,Hemoglobin A1c,6.1,%,2025-01-11
OBS-00008159,PT-001431,ENC-0004079,8480-6,Systolic blood pressure,142.2,mmHg,2025-01-11
OBS-00008160,PT-001431,ENC-0004080,718-7,Hemoglobin,9.4,g/dL,2025-10-23
OBS-00008161,PT-001432,ENC-0004081,2160-0,Creatinine,1.3,mg/dL,2025-05-31
OBS-00008162,PT-001432,ENC-0004082,718-7,Hemoglobin,10.4,g/dL,2026-02-07
OBS-00008163,PT-001432,ENC-0004082,718-7,Hemoglobin,12.2,g/dL,2026-02-07
OBS-00008164,PT-001433,ENC-0004083,718-7,Hemoglobin,15.2,g/dL,2026-06-12
OBS-00008165,PT-001433,ENC-0004083,2339-0,Glucose,306.9,mg/dL,2026-06-12
OBS-00008166,PT-001433,ENC-0004083,2160-0,Creatinine,4.1,mg/dL,2026-06-12
OBS-00008167,PT-001433,ENC-0004084,4548-4,Hemoglobin A1c,6.8,%,2025-02-18
OBS-00008168,PT-001433,ENC-0004084,718-7,Hemoglobin,14.4,g/dL,2025-02-18
OBS-00008169,PT-001433,ENC-0004085,2160-0,Creatinine,3.1,mg/dL,2024-12-25
OBS-00008170,PT-001433,ENC-0004085,2339-0,Glucose,260.9,mg/dL,2024-12-25
OBS-00008171,PT-001433,ENC-0004085,8462-4,Diastolic blood pressure,66.8,mmHg,2024-12-25
OBS-00008172,PT-001434,ENC-0004086,2339-0,Glucose,174.2,mg/dL,2026-03-20
OBS-00008173,PT-001434,ENC-0004086,4548-4,Hemoglobin A1c,9.9,%,2026-03-20
OBS-00008174,PT-001434,ENC-0004087,4548-4,Hemoglobin A1c,5.6,%,2026-02-28
OBS-00008175,PT-001434,ENC-0004087,718-7,Hemoglobin,11.5,g/dL,2026-02-28
OBS-00008176,PT-001434,ENC-0004087,718-7,Hemoglobin,16.9,g/dL,2026-02-28
OBS-00008177,PT-001434,ENC-0004088,8462-4,Diastolic blood pressure,69.6,mmHg,2026-06-09
OBS-00008178,PT-001434,ENC-0004088,2160-0,Creatinine,4.5,mg/dL,2026-06-09
OBS-00008179,PT-001434,ENC-0004089,2339-0,Glucose,75.7,mg/dL,2024-10-18
OBS-00008180,PT-001434,ENC-0004089,8462-4,Diastolic blood pressure,76.7,mmHg,2024-10-18
OBS-00008181,PT-001434,ENC-0004089,8462-4,Diastolic blood pressure,69.0,mmHg,2024-10-18
OBS-00008182,PT-001435,ENC-0004090,2160-0,Creatinine,3.1,mg/dL,2025-10-22
OBS-00008183,PT-001435,ENC-0004091,8480-6,Systolic blood pressure,104.3,mmHg,2026-04-20
OBS-00008184,PT-001435,ENC-0004091,718-7,Hemoglobin,11.1,g/dL,2026-04-20
OBS-00008185,PT-001435,ENC-0004091,718-7,Hemoglobin,15.7,g/dL,2026-04-20
OBS-00008186,PT-001435,ENC-0004092,718-7,Hemoglobin,12.3,g/dL,2026-01-20
OBS-00008187,PT-001436,ENC-0004093,8462-4,Diastolic blood pressure,71.2,mmHg,2025-12-04
OBS-00008188,PT-001436,ENC-0004093,4548-4,Hemoglobin A1c,5.6,%,2025-12-04
OBS-00008189,PT-001436,ENC-0004093,2160-0,Creatinine,4.3,mg/dL,2025-12-04
OBS-00008190,PT-001437,ENC-0004094,2339-0,Glucose,286.0,mg/dL,2025-01-21
OBS-00008191,PT-001437,ENC-0004095,4548-4,Hemoglobin A1c,9.7,%,2024-09-30
OBS-00008192,PT-001437,ENC-0004095,2160-0,Creatinine,2.8,mg/dL,2024-09-30
OBS-00008193,PT-001437,ENC-0004096,2339-0,Glucose,261.7,mg/dL,2026-06-16
OBS-00008194,PT-001437,ENC-0004096,2339-0,Glucose,213.2,mg/dL,2026-06-16
OBS-00008195,PT-001437,ENC-0004096,8480-6,Systolic blood pressure,185.0,mmHg,2026-06-16
OBS-00008196,PT-001437,ENC-0004097,2339-0,Glucose,242.2,mg/dL,2026-08-23
OBS-00008197,PT-001437,ENC-0004097,718-7,Hemoglobin,8.6,g/dL,2026-08-23
OBS-00008198,PT-001438,ENC-0004098,8480-6,Systolic blood pressure,167.8,mmHg,2026-09-05
OBS-00008199,PT-001438,ENC-0004098,8480-6,Systolic blood pressure,132.3,mmHg,2026-09-05
OBS-00008200,PT-001438,ENC-0004099,4548-4,Hemoglobin A1c,9.7,%,2024-10-01
OBS-00008201,PT-001438,ENC-0004099,718-7,Hemoglobin,13.7,g/dL,2024-10-01
OBS-00008202,PT-001438,ENC-0004100,2160-0,Creatinine,1.5,mg/dL,2024-12-03
OBS-00008203,PT-001438,ENC-0004100,8480-6,Systolic blood pressure,161.6,mmHg,2024-12-03
OBS-00008204,PT-001438,ENC-0004101,4548-4,Hemoglobin A1c,10.0,%,2025-03-04
OBS-00008205,PT-001438,ENC-0004101,2339-0,Glucose,315.0,mg/dL,2025-03-04
OBS-00008206,PT-001438,ENC-0004101,2160-0,Creatinine,1.7,mg/dL,2025-03-04
OBS-00008207,PT-001438,ENC-0004102,2339-0,Glucose,307.8,mg/dL,2026-02-03
OBS-00008208,PT-001439,ENC-0004103,2160-0,Creatinine,1.9,mg/dL,2025-06-02
OBS-00008209,PT-001440,ENC-0004104,2339-0,Glucose,107.9,mg/dL,2026-08-04
OBS-00008210,PT-001440,ENC-0004104,2160-0,Creatinine,2.2,mg/dL,2026-08-04
OBS-00008211,PT-001440,ENC-0004105,718-7,Hemoglobin,9.2,g/dL,2025-07-10
OBS-00008212,PT-001440,ENC-0004106,2339-0,Glucose,129.9,mg/dL,2026-02-14
OBS-00008213,PT-001440,ENC-0004106,4548-4,Hemoglobin A1c,8.9,%,2026-02-14
OBS-00008214,PT-001441,ENC-0004107,2339-0,Glucose,81.9,mg/dL,2024-10-12
OBS-00008215,PT-001441,ENC-0004108,718-7,Hemoglobin,15.4,g/dL,2026-04-05
OBS-00008216,PT-001441,ENC-0004108,2339-0,Glucose,294.9,mg/dL,2026-04-05
OBS-00008217,PT-001441,ENC-0004109,2160-0,Creatinine,4.0,mg/dL,2025-06-06
OBS-00008218,PT-001441,ENC-0004109,4548-4,Hemoglobin A1c,9.0,%,2025-06-06
OBS-00008219,PT-001441,ENC-0004109,718-7,Hemoglobin,9.5,g/dL,2025-06-06
OBS-00008220,PT-001442,ENC-0004110,8480-6,Systolic blood pressure,114.3,mmHg,2026-06-12
OBS-00008221,PT-001442,ENC-0004110,2339-0,Glucose,199.9,mg/dL,2026-06-12
OBS-00008222,PT-001442,ENC-0004111,2160-0,Creatinine,1.5,mg/dL,2025-05-30
OBS-00008223,PT-001442,ENC-0004111,2339-0,Glucose,219.3,mg/dL,2025-05-30
OBS-00008224,PT-001443,ENC-0004112,8480-6,Systolic blood pressure,167.3,mmHg,2024-11-17
OBS-00008225,PT-001443,ENC-0004113,718-7,Hemoglobin,16.3,g/dL,2026-08-16
OBS-00008226,PT-001444,ENC-0004114,718-7,Hemoglobin,12.8,g/dL,2025-11-19
OBS-00008227,PT-001444,ENC-0004114,8462-4,Diastolic blood pressure,79.5,mmHg,2025-11-19
OBS-00008228,PT-001445,ENC-0004115,8462-4,Diastolic blood pressure,96.5,mmHg,2025-11-16
OBS-00008229,PT-001445,ENC-0004115,718-7,Hemoglobin,9.0,g/dL,2025-11-16
OBS-00008230,PT-001445,ENC-0004115,718-7,Hemoglobin,11.6,g/dL,2025-11-16
OBS-00008231,PT-001445,ENC-0004116,2339-0,Glucose,202.0,mg/dL,2025-04-18
OBS-00008232,PT-001445,ENC-0004117,4548-4,Hemoglobin A1c,10.9,%,2025-08-13
OBS-00008233,PT-001445,ENC-0004117,2160-0,Creatinine,3.6,mg/dL,2025-08-13
OBS-00008234,PT-001445,ENC-0004117,2160-0,Creatinine,4.1,mg/dL,2025-08-13
OBS-00008235,PT-001446,ENC-0004118,2160-0,Creatinine,1.7,mg/dL,2024-09-23
OBS-00008236,PT-001446,ENC-0004118,718-7,Hemoglobin,15.4,g/dL,2024-09-23
OBS-00008237,PT-001446,ENC-0004119,718-7,Hemoglobin,9.4,g/dL,2025-06-27
OBS-00008238,PT-001446,ENC-0004120,2160-0,Creatinine,1.2,mg/dL,2026-08-13
OBS-00008239,PT-001446,ENC-0004121,4548-4,Hemoglobin A1c,10.6,%,2026-08-19
OBS-00008240,PT-001446,ENC-0004121,2160-0,Creatinine,1.4,mg/dL,2026-08-19
OBS-00008241,PT-001447,ENC-0004122,718-7,Hemoglobin,10.7,g/dL,2025-05-27
OBS-00008242,PT-001447,ENC-0004122,8462-4,Diastolic blood pressure,89.1,mmHg,2025-05-27
OBS-00008243,PT-001447,ENC-0004123,718-7,Hemoglobin,14.4,g/dL,2025-02-21
OBS-00008244,PT-001447,ENC-0004124,4548-4,Hemoglobin A1c,7.3,%,2026-06-21
OBS-00008245,PT-001448,ENC-0004125,8462-4,Diastolic blood pressure,88.2,mmHg,2024-12-16
OBS-00008246,PT-001448,ENC-0004125,2339-0,Glucose,242.3,mg/dL,2024-12-16
OBS-00008247,PT-001448,ENC-0004126,718-7,Hemoglobin,12.9,g/dL,2024-12-02
OBS-00008248,PT-001448,ENC-0004126,8480-6,Systolic blood pressure,105.7,mmHg,2024-12-02
OBS-00008249,PT-001448,ENC-0004127,8480-6,Systolic blood pressure,101.3,mmHg,2026-09-06
OBS-00008250,PT-001448,ENC-0004127,718-7,Hemoglobin,8.9,g/dL,2026-09-06
OBS-00008251,PT-001448,ENC-0004127,718-7,Hemoglobin,16.4,g/dL,2026-09-06
OBS-00008252,PT-001448,ENC-0004128,8462-4,Diastolic blood pressure,66.9,mmHg,2025-02-05
OBS-00008253,PT-001448,ENC-0004128,4548-4,Hemoglobin A1c,7.0,%,2025-02-05
OBS-00008254,PT-001448,ENC-0004128,718-7,Hemoglobin,15.0,g/dL,2025-02-05
OBS-00008255,PT-001449,ENC-0004129,4548-4,Hemoglobin A1c,9.1,%,2025-11-17
OBS-00008256,PT-001449,ENC-0004129,8462-4,Diastolic blood pressure,83.9,mmHg,2025-11-17
OBS-00008257,PT-001449,ENC-0004130,718-7,Hemoglobin,14.3,g/dL,2025-03-25
OBS-00008258,PT-001449,ENC-0004130,718-7,Hemoglobin,12.6,g/dL,2025-03-25
OBS-00008259,PT-001449,ENC-0004131,4548-4,Hemoglobin A1c,12.3,%,2024-11-28
OBS-00008260,PT-001449,ENC-0004131,718-7,Hemoglobin,8.8,g/dL,2024-11-28
OBS-00008261,PT-001449,ENC-0004131,2339-0,Glucose,239.8,mg/dL,2024-11-28
OBS-00008262,PT-001450,ENC-0004132,8480-6,Systolic blood pressure,166.7,mmHg,2026-07-06
OBS-00008263,PT-001450,ENC-0004132,2160-0,Creatinine,1.0,mg/dL,2026-07-06
OBS-00008264,PT-001450,ENC-0004132,2160-0,Creatinine,0.7,mg/dL,2026-07-06
OBS-00008265,PT-001450,ENC-0004133,8480-6,Systolic blood pressure,109.8,mmHg,2025-09-16
OBS-00008266,PT-001450,ENC-0004133,2339-0,Glucose,92.4,mg/dL,2025-09-16
OBS-00008267,PT-001451,ENC-0004134,718-7,Hemoglobin,11.2,g/dL,2025-05-15
OBS-00008268,PT-001451,ENC-0004134,8480-6,Systolic blood pressure,114.0,mmHg,2025-05-15
OBS-00008269,PT-001451,ENC-0004134,8480-6,Systolic blood pressure,153.4,mmHg,2025-05-15
OBS-00008270,PT-001451,ENC-0004135,8480-6,Systolic blood pressure,165.9,mmHg,2025-04-19
OBS-00008271,PT-001451,ENC-0004136,8480-6,Systolic blood pressure,96.0,mmHg,2024-10-28
OBS-00008272,PT-001451,ENC-0004137,718-7,Hemoglobin,16.0,g/dL,2026-06-22
OBS-00008273,PT-001451,ENC-0004137,718-7,Hemoglobin,16.9,g/dL,2026-06-22
OBS-00008274,PT-001452,ENC-0004138,8480-6,Systolic blood pressure,115.2,mmHg,2025-02-03
OBS-00008275,PT-001452,ENC-0004139,2339-0,Glucose,142.3,mg/dL,2026-09-16
OBS-00008276,PT-001452,ENC-0004139,8462-4,Diastolic blood pressure,84.9,mmHg,2026-09-16
OBS-00008277,PT-001452,ENC-0004139,8480-6,Systolic blood pressure,146.8,mmHg,2026-09-16
OBS-00008278,PT-001452,ENC-0004140,2160-0,Creatinine,1.7,mg/dL,2025-02-26
OBS-00008279,PT-001452,ENC-0004141,8462-4,Diastolic blood pressure,95.4,mmHg,2025-03-19
OBS-00008280,PT-001453,ENC-0004142,718-7,Hemoglobin,14.6,g/dL,2025-07-10
OBS-00008281,PT-001453,ENC-0004142,718-7,Hemoglobin,13.0,g/dL,2025-07-10
OBS-00008282,PT-001454,ENC-0004143,2339-0,Glucose,191.1,mg/dL,2026-04-03
OBS-00008283,PT-001454,ENC-0004143,8462-4,Diastolic blood pressure,60.4,mmHg,2026-04-03
OBS-00008284,PT-001454,ENC-0004144,8462-4,Diastolic blood pressure,102.6,mmHg,2024-11-16
OBS-00008285,PT-001454,ENC-0004145,8462-4,Diastolic blood pressure,73.9,mmHg,2025-08-11
OBS-00008286,PT-001454,ENC-0004145,718-7,Hemoglobin,11.9,g/dL,2025-08-11
OBS-00008287,PT-001454,ENC-0004145,2160-0,Creatinine,3.7,mg/dL,2025-08-11
OBS-00008288,PT-001454,ENC-0004146,8462-4,Diastolic blood pressure,95.4,mmHg,2025-12-04
OBS-00008289,PT-001454,ENC-0004147,2160-0,Creatinine,2.6,mg/dL,2024-10-08
OBS-00008290,PT-001454,ENC-0004147,2339-0,Glucose,92.9,mg/dL,2024-10-08
OBS-00008291,PT-001455,ENC-0004148,2339-0,Glucose,72.8,mg/dL,2025-03-12
OBS-00008292,PT-001455,ENC-0004148,2339-0,Glucose,206.9,mg/dL,2025-03-12
OBS-00008293,PT-001455,ENC-0004149,8480-6,Systolic blood pressure,172.0,mmHg,2026-06-19
OBS-00008294,PT-001456,ENC-0004150,4548-4,Hemoglobin A1c,9.8,%,2026-03-11
OBS-00008295,PT-001456,ENC-0004150,718-7,Hemoglobin,13.9,g/dL,2026-03-11
OBS-00008296,PT-001456,ENC-0004150,8462-4,Diastolic blood pressure,101.3,mmHg,2026-03-11
OBS-00008297,PT-001457,ENC-0004151,718-7,Hemoglobin,8.4,g/dL,2026-09-12
OBS-00008298,PT-001457,ENC-0004151,8480-6,Systolic blood pressure,183.7,mmHg,2026-09-12
OBS-00008299,PT-001457,ENC-0004152,2339-0,Glucose,196.8,mg/dL,2025-03-29
OBS-00008300,PT-001457,ENC-0004152,2339-0,Glucose,126.0,mg/dL,2025-03-29
OBS-00008301,PT-001457,ENC-0004152,2160-0,Creatinine,0.8,mg/dL,2025-03-29
OBS-00008302,PT-001458,ENC-0004153,718-7,Hemoglobin,15.9,g/dL,2025-09-28
OBS-00008303,PT-001458,ENC-0004154,718-7,Hemoglobin,14.9,g/dL,2024-12-07
OBS-00008304,PT-001458,ENC-0004154,8480-6,Systolic blood pressure,120.7,mmHg,2024-12-07
OBS-00008305,PT-001458,ENC-0004154,718-7,Hemoglobin,12.7,g/dL,2024-12-07
OBS-00008306,PT-001458,ENC-0004155,4548-4,Hemoglobin A1c,5.7,%,2025-05-27
OBS-00008307,PT-001458,ENC-0004155,8462-4,Diastolic blood pressure,64.4,mmHg,2025-05-27
OBS-00008308,PT-001458,ENC-0004155,718-7,Hemoglobin,9.0,g/dL,2025-05-27
OBS-00008309,PT-001458,ENC-0004156,2160-0,Creatinine,2.1,mg/dL,2025-07-13
OBS-00008310,PT-001459,ENC-0004157,8480-6,Systolic blood pressure,172.8,mmHg,2026-09-06
OBS-00008311,PT-001459,ENC-0004158,8480-6,Systolic blood pressure,154.1,mmHg,2026-07-20
OBS-00008312,PT-001459,ENC-0004159,2339-0,Glucose,253.4,mg/dL,2025-08-12
OBS-00008313,PT-001459,ENC-0004159,2160-0,Creatinine,2.1,mg/dL,2025-08-12
OBS-00008314,PT-001459,ENC-0004159,4548-4,Hemoglobin A1c,11.9,%,2025-08-12
OBS-00008315,PT-001460,ENC-0004160,8462-4,Diastolic blood pressure,72.0,mmHg,2026-06-24
OBS-00008316,PT-001460,ENC-0004160,718-7,Hemoglobin,13.3,g/dL,2026-06-24
OBS-00008317,PT-001460,ENC-0004161,8480-6,Systolic blood pressure,184.8,mmHg,2025-08-19
OBS-00008318,PT-001460,ENC-0004161,8480-6,Systolic blood pressure,178.0,mmHg,2025-08-19
OBS-00008319,PT-001461,ENC-0004162,4548-4,Hemoglobin A1c,11.5,%,2025-10-21
OBS-00008320,PT-001461,ENC-0004162,8480-6,Systolic blood pressure,167.3,mmHg,2025-10-21
OBS-00008321,PT-001461,ENC-0004163,4548-4,Hemoglobin A1c,10.3,%,2026-06-14
OBS-00008322,PT-001461,ENC-0004164,2160-0,Creatinine,2.3,mg/dL,2024-12-09
OBS-00008323,PT-001461,ENC-0004164,4548-4,Hemoglobin A1c,10.4,%,2024-12-09
OBS-00008324,PT-001461,ENC-0004165,718-7,Hemoglobin,11.4,g/dL,2025-05-29
OBS-00008325,PT-001461,ENC-0004165,2160-0,Creatinine,3.9,mg/dL,2025-05-29
OBS-00008326,PT-001461,ENC-0004166,8480-6,Systolic blood pressure,179.4,mmHg,2025-04-13
OBS-00008327,PT-001461,ENC-0004166,2160-0,Creatinine,1.5,mg/dL,2025-04-13
OBS-00008328,PT-001461,ENC-0004167,2160-0,Creatinine,0.8,mg/dL,2025-06-19
OBS-00008329,PT-001461,ENC-0004167,718-7,Hemoglobin,9.8,g/dL,2025-06-19
OBS-00008330,PT-001461,ENC-0004167,2160-0,Creatinine,3.8,mg/dL,2025-06-19
OBS-00008331,PT-001462,ENC-0004168,8462-4,Diastolic blood pressure,102.5,mmHg,2024-12-24
OBS-00008332,PT-001462,ENC-0004168,2160-0,Creatinine,1.0,mg/dL,2024-12-24
OBS-00008333,PT-001462,ENC-0004168,2339-0,Glucose,250.3,mg/dL,2024-12-24
OBS-00008334,PT-001462,ENC-0004169,8480-6,Systolic blood pressure,132.7,mmHg,2026-09-11
OBS-00008335,PT-001463,ENC-0004170,2339-0,Glucose,197.2,mg/dL,2025-02-13
OBS-00008336,PT-001463,ENC-0004170,2160-0,Creatinine,4.3,mg/dL,2025-02-13
OBS-00008337,PT-001463,ENC-0004171,8462-4,Diastolic blood pressure,74.1,mmHg,2026-07-21
OBS-00008338,PT-001464,ENC-0004172,4548-4,Hemoglobin A1c,11.6,%,2025-11-17
OBS-00008339,PT-001464,ENC-0004173,8480-6,Systolic blood pressure,163.6,mmHg,2024-10-08
OBS-00008340,PT-001464,ENC-0004173,8462-4,Diastolic blood pressure,83.8,mmHg,2024-10-08
OBS-00008341,PT-001464,ENC-0004174,2160-0,Creatinine,0.9,mg/dL,2025-07-29
OBS-00008342,PT-001465,ENC-0004175,2160-0,Creatinine,1.4,mg/dL,2026-07-25
OBS-00008343,PT-001465,ENC-0004175,2339-0,Glucose,163.4,mg/dL,2026-07-25
OBS-00008344,PT-001465,ENC-0004176,8462-4,Diastolic blood pressure,55.1,mmHg,2026-03-11
OBS-00008345,PT-001465,ENC-0004176,718-7,Hemoglobin,12.3,g/dL,2026-03-11
OBS-00008346,PT-001466,ENC-0004177,8480-6,Systolic blood pressure,180.8,mmHg,2026-05-14
OBS-00008347,PT-001466,ENC-0004177,2339-0,Glucose,91.0,mg/dL,2026-05-14
OBS-00008348,PT-001467,ENC-0004178,2160-0,Creatinine,3.6,mg/dL,2026-06-29
OBS-00008349,PT-001467,ENC-0004178,8480-6,Systolic blood pressure,146.1,mmHg,2026-06-29
OBS-00008350,PT-001467,ENC-0004179,4548-4,Hemoglobin A1c,5.2,%,2025-02-11
OBS-00008351,PT-001467,ENC-0004179,2339-0,Glucose,175.8,mg/dL,2025-02-11
OBS-00008352,PT-001468,ENC-0004180,718-7,Hemoglobin,11.0,g/dL,2026-01-07
OBS-00008353,PT-001468,ENC-0004180,8462-4,Diastolic blood pressure,102.4,mmHg,2026-01-07
OBS-00008354,PT-001468,ENC-0004181,8462-4,Diastolic blood pressure,88.9,mmHg,2024-10-10
OBS-00008355,PT-001468,ENC-0004181,2160-0,Creatinine,3.3,mg/dL,2024-10-10
OBS-00008356,PT-001468,ENC-0004181,718-7,Hemoglobin,11.9,g/dL,2024-10-10
OBS-00008357,PT-001469,ENC-0004182,2339-0,Glucose,275.7,mg/dL,2025-08-14
OBS-00008358,PT-001469,ENC-0004182,2160-0,Creatinine,2.8,mg/dL,2025-08-14
OBS-00008359,PT-001470,ENC-0004183,2339-0,Glucose,82.8,mg/dL,2025-02-28
OBS-00008360,PT-001470,ENC-0004183,2339-0,Glucose,249.2,mg/dL,2025-02-28
OBS-00008361,PT-001470,ENC-0004183,2339-0,Glucose,109.5,mg/dL,2025-02-28
OBS-00008362,PT-001470,ENC-0004184,2339-0,Glucose,263.8,mg/dL,2026-07-22
OBS-00008363,PT-001470,ENC-0004184,8462-4,Diastolic blood pressure,100.7,mmHg,2026-07-22
OBS-00008364,PT-001470,ENC-0004185,2339-0,Glucose,106.3,mg/dL,2026-08-17
OBS-00008365,PT-001470,ENC-0004185,718-7,Hemoglobin,10.7,g/dL,2026-08-17
OBS-00008366,PT-001470,ENC-0004185,2160-0,Creatinine,2.3,mg/dL,2026-08-17
OBS-00008367,PT-001470,ENC-0004186,4548-4,Hemoglobin A1c,6.1,%,2025-12-27
OBS-00008368,PT-001470,ENC-0004187,718-7,Hemoglobin,13.8,g/dL,2025-08-26
OBS-00008369,PT-001470,ENC-0004187,718-7,Hemoglobin,13.5,g/dL,2025-08-26
OBS-00008370,PT-001470,ENC-0004188,718-7,Hemoglobin,16.9,g/dL,2025-05-10
OBS-00008371,PT-001470,ENC-0004189,4548-4,Hemoglobin A1c,6.1,%,2026-03-28
OBS-00008372,PT-001471,ENC-0004190,8480-6,Systolic blood pressure,116.8,mmHg,2025-12-10
OBS-00008373,PT-001471,ENC-0004191,718-7,Hemoglobin,12.1,g/dL,2024-10-23
OBS-00008374,PT-001471,ENC-0004191,4548-4,Hemoglobin A1c,8.4,%,2024-10-23
OBS-00008375,PT-001471,ENC-0004192,2160-0,Creatinine,3.7,mg/dL,2024-10-10
OBS-00008376,PT-001471,ENC-0004193,8462-4,Diastolic blood pressure,85.0,mmHg,2026-09-10
OBS-00008377,PT-001472,ENC-0004194,718-7,Hemoglobin,15.7,g/dL,2025-11-10
OBS-00008378,PT-001472,ENC-0004195,4548-4,Hemoglobin A1c,8.5,%,2026-06-01
OBS-00008379,PT-001472,ENC-0004195,8480-6,Systolic blood pressure,134.2,mmHg,2026-06-01
OBS-00008380,PT-001473,ENC-0004196,2339-0,Glucose,81.0,mg/dL,2026-05-23
OBS-00008381,PT-001473,ENC-0004197,2339-0,Glucose,150.1,mg/dL,2026-02-16
OBS-00008382,PT-001473,ENC-0004197,718-7,Hemoglobin,11.2,g/dL,2026-02-16
OBS-00008383,PT-001473,ENC-0004197,4548-4,Hemoglobin A1c,10.0,%,2026-02-16
OBS-00008384,PT-001473,ENC-0004198,4548-4,Hemoglobin A1c,7.0,%,2025-05-03
OBS-00008385,PT-001473,ENC-0004199,4548-4,Hemoglobin A1c,6.4,%,2025-07-03
OBS-00008386,PT-001473,ENC-0004199,2160-0,Creatinine,2.2,mg/dL,2025-07-03
OBS-00008387,PT-001473,ENC-0004199,8462-4,Diastolic blood pressure,57.1,mmHg,2025-07-03
OBS-00008388,PT-001474,ENC-0004200,718-7,Hemoglobin,14.6,g/dL,2025-03-17
OBS-00008389,PT-001474,ENC-0004200,4548-4,Hemoglobin A1c,10.9,%,2025-03-17
OBS-00008390,PT-001475,ENC-0004201,8480-6,Systolic blood pressure,95.0,mmHg,2025-10-08
OBS-00008391,PT-001476,ENC-0004202,2339-0,Glucose,90.1,mg/dL,2025-03-22
OBS-00008392,PT-001476,ENC-0004202,2160-0,Creatinine,2.2,mg/dL,2025-03-22
OBS-00008393,PT-001476,ENC-0004202,2160-0,Creatinine,2.3,mg/dL,2025-03-22
OBS-00008394,PT-001476,ENC-0004203,8462-4,Diastolic blood pressure,95.6,mmHg,2026-02-03
OBS-00008395,PT-001476,ENC-0004204,8462-4,Diastolic blood pressure,91.6,mmHg,2026-01-11
OBS-00008396,PT-001476,ENC-0004204,4548-4,Hemoglobin A1c,10.5,%,2026-01-11
OBS-00008397,PT-001476,ENC-0004204,4548-4,Hemoglobin A1c,6.0,%,2026-01-11
OBS-00008398,PT-001477,ENC-0004205,8462-4,Diastolic blood pressure,80.0,mmHg,2026-02-12
OBS-00008399,PT-001477,ENC-0004205,2339-0,Glucose,237.7,mg/dL,2026-02-12
OBS-00008400,PT-001477,ENC-0004205,8462-4,Diastolic blood pressure,76.3,mmHg,2026-02-12
OBS-00008401,PT-001477,ENC-0004206,4548-4,Hemoglobin A1c,7.4,%,2026-06-05
OBS-00008402,PT-001477,ENC-0004207,718-7,Hemoglobin,10.8,g/dL,2026-09-25
OBS-00008403,PT-001477,ENC-0004208,718-7,Hemoglobin,10.0,g/dL,2024-10-14
OBS-00008404,PT-001477,ENC-0004208,8462-4,Diastolic blood pressure,67.4,mmHg,2024-10-14
OBS-00008405,PT-001477,ENC-0004208,8480-6,Systolic blood pressure,107.2,mmHg,2024-10-14
OBS-00008406,PT-001478,ENC-0004209,2339-0,Glucose,258.6,mg/dL,2026-02-27
OBS-00008407,PT-001478,ENC-0004209,2339-0,Glucose,210.5,mg/dL,2026-02-27
OBS-00008408,PT-001478,ENC-0004210,8462-4,Diastolic blood pressure,67.3,mmHg,2026-09-20
OBS-00008409,PT-001478,ENC-0004210,2339-0,Glucose,171.8,mg/dL,2026-09-20
OBS-00008410,PT-001478,ENC-0004210,2339-0,Glucose,206.7,mg/dL,2026-09-20
OBS-00008411,PT-001478,ENC-0004211,718-7,Hemoglobin,10.5,g/dL,2025-06-30
OBS-00008412,PT-001478,ENC-0004211,4548-4,Hemoglobin A1c,12.0,%,2025-06-30
OBS-00008413,PT-001478,ENC-0004212,718-7,Hemoglobin,16.0,g/dL,2024-12-25
OBS-00008414,PT-001478,ENC-0004212,2160-0,Creatinine,3.4,mg/dL,2024-12-25
OBS-00008415,PT-001478,ENC-0004213,2339-0,Glucose,244.9,mg/dL,2024-10-21
OBS-00008416,PT-001478,ENC-0004213,8480-6,Systolic blood pressure,157.4,mmHg,2024-10-21
OBS-00008417,PT-001478,ENC-0004213,8462-4,Diastolic blood pressure,93.9,mmHg,2024-10-21
OBS-00008418,PT-001478,ENC-0004214,2339-0,Glucose,302.8,mg/dL,2024-09-21
OBS-00008419,PT-001479,ENC-0004215,4548-4,Hemoglobin A1c,5.3,%,2026-08-13
OBS-00008420,PT-001479,ENC-0004215,2339-0,Glucose,275.3,mg/dL,2026-08-13
OBS-00008421,PT-001479,ENC-0004216,2160-0,Creatinine,3.1,mg/dL,2025-08-13
OBS-00008422,PT-001479,ENC-0004217,718-7,Hemoglobin,10.3,g/dL,2026-01-16
OBS-00008423,PT-001479,ENC-0004218,718-7,Hemoglobin,10.4,g/dL,2025-06-10
OBS-00008424,PT-001479,ENC-0004218,8480-6,Systolic blood pressure,165.9,mmHg,2025-06-10
OBS-00008425,PT-001479,ENC-0004218,4548-4,Hemoglobin A1c,5.5,%,2025-06-10
OBS-00008426,PT-001479,ENC-0004219,718-7,Hemoglobin,9.8,g/dL,2025-03-10
OBS-00008427,PT-001479,ENC-0004219,2339-0,Glucose,269.6,mg/dL,2025-03-10
OBS-00008428,PT-001479,ENC-0004220,8480-6,Systolic blood pressure,99.5,mmHg,2026-07-26
OBS-00008429,PT-001479,ENC-0004220,718-7,Hemoglobin,12.6,g/dL,2026-07-26
OBS-00008430,PT-001479,ENC-0004220,8462-4,Diastolic blood pressure,56.7,mmHg,2026-07-26
OBS-00008431,PT-001480,ENC-0004221,8462-4,Diastolic blood pressure,72.2,mmHg,2024-10-21
OBS-00008432,PT-001480,ENC-0004222,8462-4,Diastolic blood pressure,84.5,mmHg,2025-04-11
OBS-00008433,PT-001480,ENC-0004222,4548-4,Hemoglobin A1c,10.6,%,2025-04-11
OBS-00008434,PT-001480,ENC-0004222,8462-4,Diastolic blood pressure,83.0,mmHg,2025-04-11
OBS-00008435,PT-001480,ENC-0004223,4548-4,Hemoglobin A1c,9.2,%,2025-05-10
OBS-00008436,PT-001480,ENC-0004223,8462-4,Diastolic blood pressure,94.3,mmHg,2025-05-10
OBS-00008437,PT-001480,ENC-0004223,2160-0,Creatinine,1.2,mg/dL,2025-05-10
OBS-00008438,PT-001480,ENC-0004224,2160-0,Creatinine,4.1,mg/dL,2026-01-26
OBS-00008439,PT-001480,ENC-0004224,8462-4,Diastolic blood pressure,56.8,mmHg,2026-01-26
OBS-00008440,PT-001480,ENC-0004225,4548-4,Hemoglobin A1c,10.0,%,2026-05-03
OBS-00008441,PT-001481,ENC-0004226,8480-6,Systolic blood pressure,102.3,mmHg,2026-08-18
OBS-00008442,PT-001481,ENC-0004227,8462-4,Diastolic blood pressure,90.3,mmHg,2026-01-14
OBS-00008443,PT-001481,ENC-0004227,8480-6,Systolic blood pressure,178.1,mmHg,2026-01-14
OBS-00008444,PT-001482,ENC-0004228,2160-0,Creatinine,1.6,mg/dL,2025-11-24
OBS-00008445,PT-001482,ENC-0004229,4548-4,Hemoglobin A1c,9.6,%,2026-01-03
OBS-00008446,PT-001483,ENC-0004230,2160-0,Creatinine,2.2,mg/dL,2025-04-07
OBS-00008447,PT-001483,ENC-0004230,718-7,Hemoglobin,11.1,g/dL,2025-04-07
OBS-00008448,PT-001483,ENC-0004230,2160-0,Creatinine,3.5,mg/dL,2025-04-07
OBS-00008449,PT-001483,ENC-0004231,8480-6,Systolic blood pressure,106.1,mmHg,2026-06-04
OBS-00008450,PT-001483,ENC-0004231,2160-0,Creatinine,1.7,mg/dL,2026-06-04
OBS-00008451,PT-001483,ENC-0004231,718-7,Hemoglobin,9.0,g/dL,2026-06-04
OBS-00008452,PT-001483,ENC-0004232,2339-0,Glucose,134.3,mg/dL,2025-10-22
OBS-00008453,PT-001483,ENC-0004233,718-7,Hemoglobin,17.0,g/dL,2026-01-16
OBS-00008454,PT-001483,ENC-0004233,718-7,Hemoglobin,12.1,g/dL,2026-01-16
OBS-00008455,PT-001484,ENC-0004234,718-7,Hemoglobin,9.8,g/dL,2025-05-14
OBS-00008456,PT-001484,ENC-0004234,2160-0,Creatinine,3.5,mg/dL,2025-05-14
OBS-00008457,PT-001484,ENC-0004234,2339-0,Glucose,186.2,mg/dL,2025-05-14
OBS-00008458,PT-001484,ENC-0004235,2160-0,Creatinine,1.8,mg/dL,2026-07-22
OBS-00008459,PT-001484,ENC-0004235,718-7,Hemoglobin,10.3,g/dL,2026-07-22
OBS-00008460,PT-001485,ENC-0004236,718-7,Hemoglobin,15.6,g/dL,2024-11-25
OBS-00008461,PT-001485,ENC-0004236,8480-6,Systolic blood pressure,131.5,mmHg,2024-11-25
OBS-00008462,PT-001485,ENC-0004236,8480-6,Systolic blood pressure,177.1,mmHg,2024-11-25
OBS-00008463,PT-001486,ENC-0004237,4548-4,Hemoglobin A1c,8.8,%,2024-11-28
OBS-00008464,PT-001486,ENC-0004237,718-7,Hemoglobin,16.3,g/dL,2024-11-28
OBS-00008465,PT-001486,ENC-0004237,8462-4,Diastolic blood pressure,91.3,mmHg,2024-11-28
OBS-00008466,PT-001487,ENC-0004238,4548-4,Hemoglobin A1c,8.6,%,2026-01-22
OBS-00008467,PT-001487,ENC-0004239,8462-4,Diastolic blood pressure,64.8,mmHg,2025-02-06
OBS-00008468,PT-001487,ENC-0004240,2160-0,Creatinine,3.0,mg/dL,2025-03-24
OBS-00008469,PT-001487,ENC-0004240,4548-4,Hemoglobin A1c,12.3,%,2025-03-24
OBS-00008470,PT-001487,ENC-0004240,2339-0,Glucose,266.8,mg/dL,2025-03-24
OBS-00008471,PT-001487,ENC-0004241,8462-4,Diastolic blood pressure,80.2,mmHg,2026-04-05
OBS-00008472,PT-001487,ENC-0004242,2160-0,Creatinine,1.1,mg/dL,2025-10-18
OBS-00008473,PT-001487,ENC-0004242,8480-6,Systolic blood pressure,101.1,mmHg,2025-10-18
OBS-00008474,PT-001487,ENC-0004243,4548-4,Hemoglobin A1c,8.1,%,2026-08-23
OBS-00008475,PT-001487,ENC-0004243,2339-0,Glucose,90.6,mg/dL,2026-08-23
OBS-00008476,PT-001488,ENC-0004244,2339-0,Glucose,269.6,mg/dL,2026-07-24
OBS-00008477,PT-001489,ENC-0004245,8480-6,Systolic blood pressure,143.3,mmHg,2026-03-04
OBS-00008478,PT-001489,ENC-0004245,8462-4,Diastolic blood pressure,67.0,mmHg,2026-03-04
OBS-00008479,PT-001489,ENC-0004245,2160-0,Creatinine,2.4,mg/dL,2026-03-04
OBS-00008480,PT-001489,ENC-0004246,8462-4,Diastolic blood pressure,68.7,mmHg,2025-05-13
OBS-00008481,PT-001489,ENC-0004247,8462-4,Diastolic blood pressure,99.0,mmHg,2025-11-11
OBS-00008482,PT-001489,ENC-0004247,2160-0,Creatinine,4.0,mg/dL,2025-11-11
OBS-00008483,PT-001489,ENC-0004248,2339-0,Glucose,271.7,mg/dL,2025-04-26
OBS-00008484,PT-001490,ENC-0004249,8480-6,Systolic blood pressure,118.0,mmHg,2026-01-27
OBS-00008485,PT-001490,ENC-0004250,4548-4,Hemoglobin A1c,5.7,%,2026-02-27
OBS-00008486,PT-001490,ENC-0004250,4548-4,Hemoglobin A1c,10.3,%,2026-02-27
OBS-00008487,PT-001490,ENC-0004251,718-7,Hemoglobin,15.6,g/dL,2025-08-25
OBS-00008488,PT-001490,ENC-0004252,4548-4,Hemoglobin A1c,6.1,%,2025-06-24
OBS-00008489,PT-001490,ENC-0004252,8462-4,Diastolic blood pressure,77.3,mmHg,2025-06-24
OBS-00008490,PT-001490,ENC-0004253,4548-4,Hemoglobin A1c,5.3,%,2026-04-03
OBS-00008491,PT-001490,ENC-0004254,4548-4,Hemoglobin A1c,6.6,%,2025-03-13
OBS-00008492,PT-001491,ENC-0004255,2339-0,Glucose,124.3,mg/dL,2026-01-15
OBS-00008493,PT-001491,ENC-0004255,2339-0,Glucose,294.1,mg/dL,2026-01-15
OBS-00008494,PT-001491,ENC-0004256,4548-4,Hemoglobin A1c,7.5,%,2025-10-02
OBS-00008495,PT-001491,ENC-0004256,718-7,Hemoglobin,13.2,g/dL,2025-10-02
OBS-00008496,PT-001491,ENC-0004256,8462-4,Diastolic blood pressure,68.1,mmHg,2025-10-02
OBS-00008497,PT-001491,ENC-0004257,8462-4,Diastolic blood pressure,95.7,mmHg,2025-01-04
OBS-00008498,PT-001491,ENC-0004257,4548-4,Hemoglobin A1c,11.9,%,2025-01-04
OBS-00008499,PT-001492,ENC-0004258,4548-4,Hemoglobin A1c,7.9,%,2026-01-03
OBS-00008500,PT-001492,ENC-0004258,8462-4,Diastolic blood pressure,68.0,mmHg,2026-01-03
OBS-00008501,PT-001493,ENC-0004259,718-7,Hemoglobin,15.0,g/dL,2025-01-16
OBS-00008502,PT-001493,ENC-0004259,8480-6,Systolic blood pressure,160.5,mmHg,2025-01-16
OBS-00008503,PT-001493,ENC-0004259,718-7,Hemoglobin,9.7,g/dL,2025-01-16
OBS-00008504,PT-001493,ENC-0004260,8480-6,Systolic blood pressure,148.6,mmHg,2025-06-29
OBS-00008505,PT-001493,ENC-0004261,4548-4,Hemoglobin A1c,10.2,%,2026-06-01
OBS-00008506,PT-001493,ENC-0004262,2160-0,Creatinine,4.4,mg/dL,2025-04-10
OBS-00008507,PT-001493,ENC-0004262,8462-4,Diastolic blood pressure,59.9,mmHg,2025-04-10
OBS-00008508,PT-001494,ENC-0004263,2160-0,Creatinine,3.3,mg/dL,2026-01-21
OBS-00008509,PT-001494,ENC-0004264,8480-6,Systolic blood pressure,155.2,mmHg,2025-06-04
OBS-00008510,PT-001495,ENC-0004265,2160-0,Creatinine,2.0,mg/dL,2025-10-29
OBS-00008511,PT-001495,ENC-0004265,2160-0,Creatinine,2.4,mg/dL,2025-10-29
OBS-00008512,PT-001495,ENC-0004266,2160-0,Creatinine,3.7,mg/dL,2025-02-13
OBS-00008513,PT-001496,ENC-0004267,2160-0,Creatinine,1.7,mg/dL,2024-10-25
OBS-00008514,PT-001496,ENC-0004268,2160-0,Creatinine,1.0,mg/dL,2025-04-01
OBS-00008515,PT-001496,ENC-0004268,718-7,Hemoglobin,8.3,g/dL,2025-04-01
OBS-00008516,PT-001496,ENC-0004268,8480-6,Systolic blood pressure,184.0,mmHg,2025-04-01
OBS-00008517,PT-001497,ENC-0004269,718-7,Hemoglobin,15.3,g/dL,2026-05-11
OBS-00008518,PT-001497,ENC-0004270,2160-0,Creatinine,4.4,mg/dL,2025-08-18
OBS-00008519,PT-001497,ENC-0004270,2160-0,Creatinine,1.2,mg/dL,2025-08-18
OBS-00008520,PT-001497,ENC-0004270,8480-6,Systolic blood pressure,123.6,mmHg,2025-08-18
OBS-00008521,PT-001498,ENC-0004271,2339-0,Glucose,81.2,mg/dL,2026-02-21
OBS-00008522,PT-001498,ENC-0004271,2339-0,Glucose,71.5,mg/dL,2026-02-21
OBS-00008523,PT-001498,ENC-0004272,2160-0,Creatinine,1.0,mg/dL,2024-12-24
OBS-00008524,PT-001498,ENC-0004272,2160-0,Creatinine,4.4,mg/dL,2024-12-24
OBS-00008525,PT-001498,ENC-0004273,2160-0,Creatinine,0.9,mg/dL,2025-08-15
OBS-00008526,PT-001498,ENC-0004273,8480-6,Systolic blood pressure,147.9,mmHg,2025-08-15
OBS-00008527,PT-001498,ENC-0004274,4548-4,Hemoglobin A1c,9.9,%,2026-03-22
OBS-00008528,PT-001498,ENC-0004274,2339-0,Glucose,196.1,mg/dL,2026-03-22
OBS-00008529,PT-001498,ENC-0004275,8480-6,Systolic blood pressure,138.3,mmHg,2024-11-28
OBS-00008530,PT-001499,ENC-0004276,8462-4,Diastolic blood pressure,92.5,mmHg,2026-02-24
OBS-00008531,PT-001499,ENC-0004276,4548-4,Hemoglobin A1c,9.0,%,2026-02-24
OBS-00008532,PT-001500,ENC-0004277,718-7,Hemoglobin,10.7,g/dL,2024-12-19
OBS-00008533,PT-001500,ENC-0004277,8462-4,Diastolic blood pressure,78.5,mmHg,2024-12-19
OBS-00008534,PT-001500,ENC-0004278,2339-0,Glucose,89.1,mg/dL,2026-04-09
OBS-00008535,PT-001500,ENC-0004278,4548-4,Hemoglobin A1c,6.8,%,2026-04-09
OBS-00008536,PT-001500,ENC-0004278,2160-0,Creatinine,3.4,mg/dL,2026-04-09
OBS-00008537,PT-001500,ENC-0004279,2339-0,Glucose,267.5,mg/dL,2025-05-02
OBS-00008538,PT-001500,ENC-0004279,4548-4,Hemoglobin A1c,7.1,%,2025-05-02
OBS-00008539,PT-001501,ENC-0004280,8462-4,Diastolic blood pressure,99.7,mmHg,2025-01-15
OBS-00008540,PT-001501,ENC-0004281,2339-0,Glucose,304.3,mg/dL,2026-02-05
OBS-00008541,PT-001501,ENC-0004282,8480-6,Systolic blood pressure,145.7,mmHg,2025-04-22
OBS-00008542,PT-001501,ENC-0004282,8480-6,Systolic blood pressure,156.0,mmHg,2025-04-22
OBS-00008543,PT-001501,ENC-0004282,2160-0,Creatinine,3.7,mg/dL,2025-04-22
OBS-00008544,PT-001501,ENC-0004283,8462-4,Diastolic blood pressure,99.0,mmHg,2025-08-01
OBS-00008545,PT-001501,ENC-0004284,2160-0,Creatinine,4.1,mg/dL,2026-02-21
OBS-00008546,PT-001501,ENC-0004284,8480-6,Systolic blood pressure,180.7,mmHg,2026-02-21
OBS-00008547,PT-001501,ENC-0004285,2160-0,Creatinine,2.6,mg/dL,2026-06-02
OBS-00008548,PT-001502,ENC-0004286,2339-0,Glucose,176.3,mg/dL,2024-11-11
OBS-00008549,PT-001502,ENC-0004286,4548-4,Hemoglobin A1c,12.4,%,2024-11-11
OBS-00008550,PT-001502,ENC-0004286,2160-0,Creatinine,2.6,mg/dL,2024-11-11
OBS-00008551,PT-001502,ENC-0004287,718-7,Hemoglobin,14.1,g/dL,2026-06-26
OBS-00008552,PT-001502,ENC-0004287,8480-6,Systolic blood pressure,112.3,mmHg,2026-06-26
OBS-00008553,PT-001502,ENC-0004287,8480-6,Systolic blood pressure,139.4,mmHg,2026-06-26
OBS-00008554,PT-001502,ENC-0004288,2339-0,Glucose,237.8,mg/dL,2026-07-27
OBS-00008555,PT-001502,ENC-0004289,718-7,Hemoglobin,12.5,g/dL,2025-09-19
OBS-00008556,PT-001502,ENC-0004289,4548-4,Hemoglobin A1c,11.9,%,2025-09-19
OBS-00008557,PT-001503,ENC-0004290,8462-4,Diastolic blood pressure,73.1,mmHg,2026-04-30
OBS-00008558,PT-001503,ENC-0004290,2339-0,Glucose,153.9,mg/dL,2026-04-30
OBS-00008559,PT-001504,ENC-0004291,718-7,Hemoglobin,16.9,g/dL,2025-12-31
OBS-00008560,PT-001504,ENC-0004292,718-7,Hemoglobin,13.5,g/dL,2025-01-08
OBS-00008561,PT-001504,ENC-0004292,2160-0,Creatinine,4.3,mg/dL,2025-01-08
OBS-00008562,PT-001504,ENC-0004293,2160-0,Creatinine,2.1,mg/dL,2026-08-27
OBS-00008563,PT-001504,ENC-0004294,2339-0,Glucose,211.3,mg/dL,2024-11-01
OBS-00008564,PT-001505,ENC-0004295,4548-4,Hemoglobin A1c,7.7,%,2026-03-28
OBS-00008565,PT-001505,ENC-0004295,718-7,Hemoglobin,13.9,g/dL,2026-03-28
OBS-00008566,PT-001505,ENC-0004295,718-7,Hemoglobin,14.3,g/dL,2026-03-28
OBS-00008567,PT-001506,ENC-0004296,2160-0,Creatinine,1.9,mg/dL,2025-04-19
OBS-00008568,PT-001506,ENC-0004296,8462-4,Diastolic blood pressure,92.0,mmHg,2025-04-19
OBS-00008569,PT-001506,ENC-0004297,2339-0,Glucose,168.3,mg/dL,2026-09-14
OBS-00008570,PT-001506,ENC-0004297,8480-6,Systolic blood pressure,103.2,mmHg,2026-09-14
OBS-00008571,PT-001506,ENC-0004297,718-7,Hemoglobin,14.1,g/dL,2026-09-14
OBS-00008572,PT-001506,ENC-0004298,2160-0,Creatinine,1.8,mg/dL,2025-04-30
OBS-00008573,PT-001507,ENC-0004299,8462-4,Diastolic blood pressure,73.6,mmHg,2025-07-06
OBS-00008574,PT-001507,ENC-0004299,2339-0,Glucose,132.8,mg/dL,2025-07-06
OBS-00008575,PT-001508,ENC-0004300,2339-0,Glucose,319.1,mg/dL,2026-08-26
OBS-00008576,PT-001508,ENC-0004301,718-7,Hemoglobin,11.3,g/dL,2025-10-12
OBS-00008577,PT-001508,ENC-0004301,8462-4,Diastolic blood pressure,80.4,mmHg,2025-10-12
OBS-00008578,PT-001508,ENC-0004301,718-7,Hemoglobin,8.6,g/dL,2025-10-12
OBS-00008579,PT-001508,ENC-0004302,718-7,Hemoglobin,8.9,g/dL,2024-12-03
OBS-00008580,PT-001508,ENC-0004303,4548-4,Hemoglobin A1c,10.3,%,2025-07-08
OBS-00008581,PT-001508,ENC-0004303,8480-6,Systolic blood pressure,169.0,mmHg,2025-07-08
OBS-00008582,PT-001508,ENC-0004303,2160-0,Creatinine,2.0,mg/dL,2025-07-08
OBS-00008583,PT-001509,ENC-0004304,8480-6,Systolic blood pressure,184.1,mmHg,2025-12-23
OBS-00008584,PT-001509,ENC-0004304,2160-0,Creatinine,1.7,mg/dL,2025-12-23
OBS-00008585,PT-001510,ENC-0004305,2339-0,Glucose,180.1,mg/dL,2026-05-06
OBS-00008586,PT-001510,ENC-0004306,8480-6,Systolic blood pressure,173.7,mmHg,2025-08-26
OBS-00008587,PT-001510,ENC-0004306,2160-0,Creatinine,4.4,mg/dL,2025-08-26
OBS-00008588,PT-001510,ENC-0004306,8480-6,Systolic blood pressure,135.5,mmHg,2025-08-26
OBS-00008589,PT-001510,ENC-0004307,8480-6,Systolic blood pressure,137.0,mmHg,2026-02-02
OBS-00008590,PT-001510,ENC-0004308,8480-6,Systolic blood pressure,142.4,mmHg,2026-05-28
OBS-00008591,PT-001510,ENC-0004309,718-7,Hemoglobin,16.7,g/dL,2025-01-12
OBS-00008592,PT-001510,ENC-0004309,4548-4,Hemoglobin A1c,10.6,%,2025-01-12
OBS-00008593,PT-001510,ENC-0004309,8462-4,Diastolic blood pressure,97.2,mmHg,2025-01-12
OBS-00008594,PT-001511,ENC-0004310,2339-0,Glucose,117.0,mg/dL,2025-07-23
OBS-00008595,PT-001511,ENC-0004310,8462-4,Diastolic blood pressure,60.1,mmHg,2025-07-23
OBS-00008596,PT-001511,ENC-0004310,2339-0,Glucose,172.7,mg/dL,2025-07-23
OBS-00008597,PT-001511,ENC-0004311,4548-4,Hemoglobin A1c,6.7,%,2026-07-20
OBS-00008598,PT-001511,ENC-0004311,2339-0,Glucose,88.6,mg/dL,2026-07-20
OBS-00008599,PT-001512,ENC-0004312,8480-6,Systolic blood pressure,162.9,mmHg,2025-06-22
OBS-00008600,PT-001512,ENC-0004313,4548-4,Hemoglobin A1c,6.3,%,2026-04-13
OBS-00008601,PT-001512,ENC-0004313,718-7,Hemoglobin,12.9,g/dL,2026-04-13
OBS-00008602,PT-001512,ENC-0004313,8462-4,Diastolic blood pressure,79.1,mmHg,2026-04-13
OBS-00008603,PT-001512,ENC-0004314,8462-4,Diastolic blood pressure,82.6,mmHg,2026-07-18
OBS-00008604,PT-001513,ENC-0004315,4548-4,Hemoglobin A1c,11.9,%,2026-07-31
OBS-00008605,PT-001513,ENC-0004316,4548-4,Hemoglobin A1c,11.3,%,2024-10-20
OBS-00008606,PT-001513,ENC-0004317,718-7,Hemoglobin,8.5,g/dL,2025-07-27
OBS-00008607,PT-001513,ENC-0004317,718-7,Hemoglobin,16.3,g/dL,2025-07-27
OBS-00008608,PT-001513,ENC-0004317,4548-4,Hemoglobin A1c,6.1,%,2025-07-27
OBS-00008609,PT-001513,ENC-0004318,4548-4,Hemoglobin A1c,9.0,%,2026-06-18
OBS-00008610,PT-001513,ENC-0004318,2339-0,Glucose,113.3,mg/dL,2026-06-18
OBS-00008611,PT-001514,ENC-0004319,2339-0,Glucose,268.9,mg/dL,2025-10-06
OBS-00008612,PT-001515,ENC-0004320,718-7,Hemoglobin,9.3,g/dL,2025-10-10
OBS-00008613,PT-001515,ENC-0004320,8462-4,Diastolic blood pressure,59.1,mmHg,2025-10-10
OBS-00008614,PT-001515,ENC-0004321,2339-0,Glucose,296.7,mg/dL,2026-01-14
OBS-00008615,PT-001516,ENC-0004322,2339-0,Glucose,269.8,mg/dL,2025-07-10
OBS-00008616,PT-001516,ENC-0004323,2160-0,Creatinine,4.0,mg/dL,2025-02-16
OBS-00008617,PT-001516,ENC-0004323,4548-4,Hemoglobin A1c,5.6,%,2025-02-16
OBS-00008618,PT-001516,ENC-0004323,4548-4,Hemoglobin A1c,8.4,%,2025-02-16
OBS-00008619,PT-001516,ENC-0004324,8480-6,Systolic blood pressure,152.7,mmHg,2025-04-26
OBS-00008620,PT-001516,ENC-0004324,8480-6,Systolic blood pressure,126.9,mmHg,2025-04-26
OBS-00008621,PT-001516,ENC-0004325,8480-6,Systolic blood pressure,155.1,mmHg,2024-11-10
OBS-00008622,PT-001516,ENC-0004325,8462-4,Diastolic blood pressure,56.6,mmHg,2024-11-10
OBS-00008623,PT-001516,ENC-0004325,2339-0,Glucose,170.2,mg/dL,2024-11-10
OBS-00008624,PT-001516,ENC-0004326,718-7,Hemoglobin,12.9,g/dL,2026-02-06
OBS-00008625,PT-001516,ENC-0004326,8480-6,Systolic blood pressure,183.3,mmHg,2026-02-06
OBS-00008626,PT-001516,ENC-0004326,2339-0,Glucose,316.8,mg/dL,2026-02-06
OBS-00008627,PT-001516,ENC-0004327,4548-4,Hemoglobin A1c,10.8,%,2025-08-20
OBS-00008628,PT-001516,ENC-0004328,4548-4,Hemoglobin A1c,11.0,%,2025-11-26
OBS-00008629,PT-001517,ENC-0004329,2160-0,Creatinine,1.2,mg/dL,2025-10-24
OBS-00008630,PT-001517,ENC-0004329,8480-6,Systolic blood pressure,148.1,mmHg,2025-10-24
OBS-00008631,PT-001517,ENC-0004329,718-7,Hemoglobin,11.9,g/dL,2025-10-24
OBS-00008632,PT-001517,ENC-0004330,8462-4,Diastolic blood pressure,77.5,mmHg,2026-01-24
OBS-00008633,PT-001517,ENC-0004331,8462-4,Diastolic blood pressure,109.5,mmHg,2025-10-07
OBS-00008634,PT-001517,ENC-0004331,718-7,Hemoglobin,10.4,g/dL,2025-10-07
OBS-00008635,PT-001517,ENC-0004332,8462-4,Diastolic blood pressure,98.2,mmHg,2025-11-19
OBS-00008636,PT-001517,ENC-0004332,718-7,Hemoglobin,11.1,g/dL,2025-11-19
OBS-00008637,PT-001517,ENC-0004332,2160-0,Creatinine,3.9,mg/dL,2025-11-19
OBS-00008638,PT-001517,ENC-0004333,2160-0,Creatinine,3.3,mg/dL,2025-10-02
OBS-00008639,PT-001517,ENC-0004334,2339-0,Glucose,134.8,mg/dL,2025-11-13
OBS-00008640,PT-001517,ENC-0004334,2339-0,Glucose,102.8,mg/dL,2025-11-13
OBS-00008641,PT-001517,ENC-0004334,2339-0,Glucose,250.1,mg/dL,2025-11-13
OBS-00008642,PT-001518,ENC-0004335,2339-0,Glucose,72.6,mg/dL,2025-07-05
OBS-00008643,PT-001518,ENC-0004336,2339-0,Glucose,305.5,mg/dL,2025-05-18
OBS-00008644,PT-001519,ENC-0004337,8462-4,Diastolic blood pressure,73.9,mmHg,2025-05-20
OBS-00008645,PT-001519,ENC-0004337,2339-0,Glucose,141.7,mg/dL,2025-05-20
OBS-00008646,PT-001520,ENC-0004338,4548-4,Hemoglobin A1c,7.4,%,2026-07-09
OBS-00008647,PT-001521,ENC-0004339,2339-0,Glucose,163.2,mg/dL,2025-04-07
OBS-00008648,PT-001521,ENC-0004339,718-7,Hemoglobin,15.4,g/dL,2025-04-07
OBS-00008649,PT-001521,ENC-0004339,2160-0,Creatinine,1.3,mg/dL,2025-04-07
OBS-00008650,PT-001522,ENC-0004340,2339-0,Glucose,79.7,mg/dL,2026-08-12
OBS-00008651,PT-001522,ENC-0004340,8462-4,Diastolic blood pressure,62.6,mmHg,2026-08-12
OBS-00008652,PT-001522,ENC-0004340,4548-4,Hemoglobin A1c,6.6,%,2026-08-12
OBS-00008653,PT-001522,ENC-0004341,718-7,Hemoglobin,13.9,g/dL,2025-11-11
OBS-00008654,PT-001522,ENC-0004341,8480-6,Systolic blood pressure,174.7,mmHg,2025-11-11
OBS-00008655,PT-001522,ENC-0004341,4548-4,Hemoglobin A1c,12.2,%,2025-11-11
OBS-00008656,PT-001522,ENC-0004342,8480-6,Systolic blood pressure,161.7,mmHg,2025-05-09
OBS-00008657,PT-001522,ENC-0004343,4548-4,Hemoglobin A1c,6.8,%,2026-04-23
OBS-00008658,PT-001522,ENC-0004343,2339-0,Glucose,162.6,mg/dL,2026-04-23
OBS-00008659,PT-001523,ENC-0004344,4548-4,Hemoglobin A1c,7.4,%,2025-01-14
OBS-00008660,PT-001523,ENC-0004345,8462-4,Diastolic blood pressure,98.3,mmHg,2026-08-18
OBS-00008661,PT-001523,ENC-0004345,8462-4,Diastolic blood pressure,109.9,mmHg,2026-08-18
OBS-00008662,PT-001523,ENC-0004345,8462-4,Diastolic blood pressure,96.7,mmHg,2026-08-18
OBS-00008663,PT-001524,ENC-0004346,4548-4,Hemoglobin A1c,11.1,%,2025-01-24
OBS-00008664,PT-001524,ENC-0004346,8480-6,Systolic blood pressure,95.0,mmHg,2025-01-24
OBS-00008665,PT-001524,ENC-0004346,8480-6,Systolic blood pressure,180.0,mmHg,2025-01-24
OBS-00008666,PT-001524,ENC-0004347,2339-0,Glucose,288.0,mg/dL,2025-07-21
OBS-00008667,PT-001525,ENC-0004348,2160-0,Creatinine,1.2,mg/dL,2024-12-12
OBS-00008668,PT-001525,ENC-0004349,718-7,Hemoglobin,16.0,g/dL,2025-11-17
OBS-00008669,PT-001525,ENC-0004349,718-7,Hemoglobin,13.0,g/dL,2025-11-17
OBS-00008670,PT-001526,ENC-0004350,2339-0,Glucose,212.7,mg/dL,2024-12-02
OBS-00008671,PT-001526,ENC-0004350,2339-0,Glucose,168.1,mg/dL,2024-12-02
OBS-00008672,PT-001526,ENC-0004350,2160-0,Creatinine,2.3,mg/dL,2024-12-02
OBS-00008673,PT-001526,ENC-0004351,4548-4,Hemoglobin A1c,6.4,%,2024-10-02
OBS-00008674,PT-001526,ENC-0004351,4548-4,Hemoglobin A1c,11.2,%,2024-10-02
OBS-00008675,PT-001526,ENC-0004351,2160-0,Creatinine,2.4,mg/dL,2024-10-02
OBS-00008676,PT-001527,ENC-0004352,8480-6,Systolic blood pressure,181.3,mmHg,2026-07-08
OBS-00008677,PT-001527,ENC-0004352,2160-0,Creatinine,1.4,mg/dL,2026-07-08
OBS-00008678,PT-001527,ENC-0004352,2339-0,Glucose,221.3,mg/dL,2026-07-08
OBS-00008679,PT-001527,ENC-0004353,2339-0,Glucose,197.9,mg/dL,2025-01-31
OBS-00008680,PT-001527,ENC-0004353,2160-0,Creatinine,4.0,mg/dL,2025-01-31
OBS-00008681,PT-001527,ENC-0004354,4548-4,Hemoglobin A1c,6.2,%,2024-11-13
OBS-00008682,PT-001528,ENC-0004355,4548-4,Hemoglobin A1c,5.2,%,2025-04-16
OBS-00008683,PT-001528,ENC-0004355,4548-4,Hemoglobin A1c,5.6,%,2025-04-16
OBS-00008684,PT-001528,ENC-0004356,8480-6,Systolic blood pressure,98.0,mmHg,2025-09-27
OBS-00008685,PT-001528,ENC-0004357,4548-4,Hemoglobin A1c,4.9,%,2026-08-16
OBS-00008686,PT-001528,ENC-0004357,8462-4,Diastolic blood pressure,55.5,mmHg,2026-08-16
OBS-00008687,PT-001528,ENC-0004357,8462-4,Diastolic blood pressure,55.5,mmHg,2026-08-16
OBS-00008688,PT-001528,ENC-0004358,8480-6,Systolic blood pressure,152.0,mmHg,2026-03-04
OBS-00008689,PT-001529,ENC-0004359,8480-6,Systolic blood pressure,131.2,mmHg,2026-03-07
OBS-00008690,PT-001529,ENC-0004360,718-7,Hemoglobin,11.1,g/dL,2025-02-28
OBS-00008691,PT-001529,ENC-0004360,2160-0,Creatinine,0.8,mg/dL,2025-02-28
OBS-00008692,PT-001529,ENC-0004360,8462-4,Diastolic blood pressure,103.1,mmHg,2025-02-28
OBS-00008693,PT-001529,ENC-0004361,2160-0,Creatinine,3.0,mg/dL,2025-10-04
OBS-00008694,PT-001529,ENC-0004361,2160-0,Creatinine,1.3,mg/dL,2025-10-04
OBS-00008695,PT-001530,ENC-0004362,8462-4,Diastolic blood pressure,56.7,mmHg,2024-12-28
OBS-00008696,PT-001530,ENC-0004363,2339-0,Glucose,303.9,mg/dL,2026-05-11
OBS-00008697,PT-001530,ENC-0004363,8462-4,Diastolic blood pressure,92.2,mmHg,2026-05-11
OBS-00008698,PT-001530,ENC-0004363,8462-4,Diastolic blood pressure,99.7,mmHg,2026-05-11
OBS-00008699,PT-001530,ENC-0004364,2160-0,Creatinine,1.5,mg/dL,2026-06-15
OBS-00008700,PT-001530,ENC-0004364,8462-4,Diastolic blood pressure,86.7,mmHg,2026-06-15
OBS-00008701,PT-001530,ENC-0004364,718-7,Hemoglobin,17.0,g/dL,2026-06-15
OBS-00008702,PT-001531,ENC-0004365,8480-6,Systolic blood pressure,181.9,mmHg,2026-06-30
OBS-00008703,PT-001531,ENC-0004366,4548-4,Hemoglobin A1c,6.4,%,2025-04-30
OBS-00008704,PT-001531,ENC-0004366,4548-4,Hemoglobin A1c,10.7,%,2025-04-30
OBS-00008705,PT-001531,ENC-0004366,4548-4,Hemoglobin A1c,11.1,%,2025-04-30
OBS-00008706,PT-001531,ENC-0004367,2339-0,Glucose,137.8,mg/dL,2025-07-31
OBS-00008707,PT-001531,ENC-0004368,718-7,Hemoglobin,14.5,g/dL,2025-09-03
OBS-00008708,PT-001531,ENC-0004368,4548-4,Hemoglobin A1c,11.0,%,2025-09-03
OBS-00008709,PT-001531,ENC-0004368,8480-6,Systolic blood pressure,145.4,mmHg,2025-09-03
OBS-00008710,PT-001531,ENC-0004369,2339-0,Glucose,72.6,mg/dL,2025-11-18
OBS-00008711,PT-001531,ENC-0004369,8480-6,Systolic blood pressure,132.5,mmHg,2025-11-18
OBS-00008712,PT-001532,ENC-0004370,2160-0,Creatinine,3.5,mg/dL,2026-08-24
OBS-00008713,PT-001532,ENC-0004370,718-7,Hemoglobin,9.2,g/dL,2026-08-24
OBS-00008714,PT-001533,ENC-0004371,718-7,Hemoglobin,12.3,g/dL,2025-04-28
OBS-00008715,PT-001533,ENC-0004371,4548-4,Hemoglobin A1c,5.8,%,2025-04-28
OBS-00008716,PT-001533,ENC-0004372,2160-0,Creatinine,1.8,mg/dL,2025-11-23
OBS-00008717,PT-001534,ENC-0004373,8480-6,Systolic blood pressure,148.1,mmHg,2025-09-21
OBS-00008718,PT-001535,ENC-0004374,8462-4,Diastolic blood pressure,108.6,mmHg,2024-09-30
OBS-00008719,PT-001535,ENC-0004374,718-7,Hemoglobin,12.4,g/dL,2024-09-30
OBS-00008720,PT-001536,ENC-0004375,4548-4,Hemoglobin A1c,6.8,%,2025-02-16
OBS-00008721,PT-001536,ENC-0004375,2160-0,Creatinine,1.0,mg/dL,2025-02-16
OBS-00008722,PT-001536,ENC-0004375,718-7,Hemoglobin,13.5,g/dL,2025-02-16
OBS-00008723,PT-001536,ENC-0004376,2339-0,Glucose,298.7,mg/dL,2026-04-24
OBS-00008724,PT-001536,ENC-0004376,2160-0,Creatinine,1.8,mg/dL,2026-04-24
OBS-00008725,PT-001536,ENC-0004377,8462-4,Diastolic blood pressure,93.9,mmHg,2025-09-02
OBS-00008726,PT-001536,ENC-0004377,2160-0,Creatinine,0.6,mg/dL,2025-09-02
OBS-00008727,PT-001536,ENC-0004377,8480-6,Systolic blood pressure,166.2,mmHg,2025-09-02
OBS-00008728,PT-001536,ENC-0004378,8462-4,Diastolic blood pressure,91.4,mmHg,2026-01-16
OBS-00008729,PT-001536,ENC-0004379,718-7,Hemoglobin,14.4,g/dL,2025-03-18
OBS-00008730,PT-001536,ENC-0004379,8480-6,Systolic blood pressure,97.7,mmHg,2025-03-18
OBS-00008731,PT-001536,ENC-0004379,8462-4,Diastolic blood pressure,69.1,mmHg,2025-03-18
OBS-00008732,PT-001536,ENC-0004380,718-7,Hemoglobin,14.8,g/dL,2025-11-21
OBS-00008733,PT-001536,ENC-0004380,4548-4,Hemoglobin A1c,9.7,%,2025-11-21
OBS-00008734,PT-001536,ENC-0004380,8480-6,Systolic blood pressure,133.2,mmHg,2025-11-21
OBS-00008735,PT-001537,ENC-0004381,2160-0,Creatinine,2.2,mg/dL,2025-12-19
OBS-00008736,PT-001537,ENC-0004381,4548-4,Hemoglobin A1c,7.7,%,2025-12-19
OBS-00008737,PT-001537,ENC-0004382,8462-4,Diastolic blood pressure,89.3,mmHg,2025-12-04
OBS-00008738,PT-001538,ENC-0004383,2160-0,Creatinine,4.3,mg/dL,2025-09-13
OBS-00008739,PT-001538,ENC-0004383,2339-0,Glucose,205.3,mg/dL,2025-09-13
OBS-00008740,PT-001539,ENC-0004384,718-7,Hemoglobin,16.5,g/dL,2025-11-07
OBS-00008741,PT-001539,ENC-0004384,8480-6,Systolic blood pressure,105.3,mmHg,2025-11-07
OBS-00008742,PT-001539,ENC-0004384,718-7,Hemoglobin,13.9,g/dL,2025-11-07
OBS-00008743,PT-001539,ENC-0004385,4548-4,Hemoglobin A1c,5.4,%,2024-12-13
OBS-00008744,PT-001539,ENC-0004385,4548-4,Hemoglobin A1c,7.3,%,2024-12-13
OBS-00008745,PT-001539,ENC-0004385,2160-0,Creatinine,1.7,mg/dL,2024-12-13
OBS-00008746,PT-001539,ENC-0004386,2339-0,Glucose,150.1,mg/dL,2025-02-27
OBS-00008747,PT-001540,ENC-0004387,718-7,Hemoglobin,14.2,g/dL,2025-08-23
OBS-00008748,PT-001540,ENC-0004387,718-7,Hemoglobin,8.0,g/dL,2025-08-23
OBS-00008749,PT-001540,ENC-0004388,8480-6,Systolic blood pressure,137.7,mmHg,2026-01-11
OBS-00008750,PT-001540,ENC-0004388,2160-0,Creatinine,3.4,mg/dL,2026-01-11
OBS-00008751,PT-001540,ENC-0004389,4548-4,Hemoglobin A1c,11.2,%,2024-11-27
OBS-00008752,PT-001540,ENC-0004389,2339-0,Glucose,107.8,mg/dL,2024-11-27
OBS-00008753,PT-001541,ENC-0004390,2160-0,Creatinine,3.1,mg/dL,2026-04-23
OBS-00008754,PT-001542,ENC-0004391,718-7,Hemoglobin,14.4,g/dL,2025-12-26
OBS-00008755,PT-001543,ENC-0004392,718-7,Hemoglobin,14.0,g/dL,2025-01-21
OBS-00008756,PT-001543,ENC-0004392,8462-4,Diastolic blood pressure,86.1,mmHg,2025-01-21
OBS-00008757,PT-001543,ENC-0004392,8480-6,Systolic blood pressure,109.8,mmHg,2025-01-21
OBS-00008758,PT-001544,ENC-0004393,8462-4,Diastolic blood pressure,81.8,mmHg,2025-05-01
OBS-00008759,PT-001544,ENC-0004394,4548-4,Hemoglobin A1c,12.2,%,2024-11-14
OBS-00008760,PT-001544,ENC-0004394,2339-0,Glucose,97.0,mg/dL,2024-11-14
OBS-00008761,PT-001544,ENC-0004394,8480-6,Systolic blood pressure,135.2,mmHg,2024-11-14
OBS-00008762,PT-001545,ENC-0004395,8462-4,Diastolic blood pressure,77.6,mmHg,2026-04-29
OBS-00008763,PT-001545,ENC-0004395,8462-4,Diastolic blood pressure,66.7,mmHg,2026-04-29
OBS-00008764,PT-001545,ENC-0004396,2160-0,Creatinine,3.5,mg/dL,2026-03-06
OBS-00008765,PT-001545,ENC-0004396,2160-0,Creatinine,1.9,mg/dL,2026-03-06
OBS-00008766,PT-001545,ENC-0004396,718-7,Hemoglobin,10.9,g/dL,2026-03-06
OBS-00008767,PT-001546,ENC-0004397,2160-0,Creatinine,1.9,mg/dL,2025-05-15
OBS-00008768,PT-001546,ENC-0004398,4548-4,Hemoglobin A1c,11.4,%,2025-05-15
OBS-00008769,PT-001546,ENC-0004398,4548-4,Hemoglobin A1c,11.3,%,2025-05-15
OBS-00008770,PT-001546,ENC-0004399,8462-4,Diastolic blood pressure,71.2,mmHg,2025-06-19
OBS-00008771,PT-001546,ENC-0004399,8480-6,Systolic blood pressure,114.0,mmHg,2025-06-19
OBS-00008772,PT-001546,ENC-0004399,8462-4,Diastolic blood pressure,71.4,mmHg,2025-06-19
OBS-00008773,PT-001546,ENC-0004400,718-7,Hemoglobin,10.3,g/dL,2025-11-17
OBS-00008774,PT-001547,ENC-0004401,718-7,Hemoglobin,12.2,g/dL,2026-01-05
OBS-00008775,PT-001547,ENC-0004401,8462-4,Diastolic blood pressure,71.0,mmHg,2026-01-05
OBS-00008776,PT-001548,ENC-0004402,4548-4,Hemoglobin A1c,8.0,%,2024-10-02
OBS-00008777,PT-001548,ENC-0004402,8480-6,Systolic blood pressure,156.0,mmHg,2024-10-02
OBS-00008778,PT-001548,ENC-0004402,718-7,Hemoglobin,12.3,g/dL,2024-10-02
OBS-00008779,PT-001548,ENC-0004403,8480-6,Systolic blood pressure,129.9,mmHg,2025-11-16
OBS-00008780,PT-001548,ENC-0004403,2160-0,Creatinine,2.6,mg/dL,2025-11-16
OBS-00008781,PT-001548,ENC-0004404,718-7,Hemoglobin,12.3,g/dL,2024-10-26
OBS-00008782,PT-001548,ENC-0004405,2339-0,Glucose,313.8,mg/dL,2025-06-14
OBS-00008783,PT-001548,ENC-0004406,2339-0,Glucose,257.7,mg/dL,2026-06-30
OBS-00008784,PT-001548,ENC-0004406,718-7,Hemoglobin,14.5,g/dL,2026-06-30
OBS-00008785,PT-001548,ENC-0004406,2160-0,Creatinine,0.9,mg/dL,2026-06-30
OBS-00008786,PT-001548,ENC-0004407,718-7,Hemoglobin,15.8,g/dL,2026-04-04
OBS-00008787,PT-001548,ENC-0004407,8480-6,Systolic blood pressure,176.8,mmHg,2026-04-04
OBS-00008788,PT-001549,ENC-0004408,2160-0,Creatinine,2.8,mg/dL,2025-09-12
OBS-00008789,PT-001549,ENC-0004409,2339-0,Glucose,103.1,mg/dL,2024-10-22
OBS-00008790,PT-001549,ENC-0004410,2339-0,Glucose,89.7,mg/dL,2024-09-21
OBS-00008791,PT-001549,ENC-0004410,2339-0,Glucose,180.2,mg/dL,2024-09-21
OBS-00008792,PT-001550,ENC-0004411,8480-6,Systolic blood pressure,173.1,mmHg,2025-11-24
OBS-00008793,PT-001550,ENC-0004412,2160-0,Creatinine,4.0,mg/dL,2025-09-06
OBS-00008794,PT-001550,ENC-0004412,2339-0,Glucose,176.0,mg/dL,2025-09-06
OBS-00008795,PT-001550,ENC-0004412,8480-6,Systolic blood pressure,146.8,mmHg,2025-09-06
OBS-00008796,PT-001550,ENC-0004413,8480-6,Systolic blood pressure,111.8,mmHg,2025-06-20
OBS-00008797,PT-001550,ENC-0004414,2339-0,Glucose,199.3,mg/dL,2026-06-22
OBS-00008798,PT-001550,ENC-0004414,8480-6,Systolic blood pressure,142.3,mmHg,2026-06-22
OBS-00008799,PT-001550,ENC-0004415,2339-0,Glucose,89.6,mg/dL,2026-03-28
OBS-00008800,PT-001550,ENC-0004415,2160-0,Creatinine,1.5,mg/dL,2026-03-28
OBS-00008801,PT-001550,ENC-0004415,2160-0,Creatinine,3.6,mg/dL,2026-03-28
OBS-00008802,PT-001551,ENC-0004416,718-7,Hemoglobin,10.9,g/dL,2026-02-04
OBS-00008803,PT-001551,ENC-0004417,8462-4,Diastolic blood pressure,96.9,mmHg,2024-12-19
OBS-00008804,PT-001551,ENC-0004417,718-7,Hemoglobin,17.0,g/dL,2024-12-19
OBS-00008805,PT-001551,ENC-0004418,2339-0,Glucose,178.9,mg/dL,2025-09-19
OBS-00008806,PT-001551,ENC-0004419,2160-0,Creatinine,3.0,mg/dL,2025-08-18
OBS-00008807,PT-001552,ENC-0004420,4548-4,Hemoglobin A1c,7.9,%,2026-04-15
OBS-00008808,PT-001552,ENC-0004420,8462-4,Diastolic blood pressure,107.9,mmHg,2026-04-15
OBS-00008809,PT-001552,ENC-0004420,8480-6,Systolic blood pressure,115.4,mmHg,2026-04-15
OBS-00008810,PT-001552,ENC-0004421,4548-4,Hemoglobin A1c,10.7,%,2026-01-30
OBS-00008811,PT-001552,ENC-0004421,2160-0,Creatinine,3.6,mg/dL,2026-01-30
OBS-00008812,PT-001552,ENC-0004421,8480-6,Systolic blood pressure,103.4,mmHg,2026-01-30
OBS-00008813,PT-001552,ENC-0004422,4548-4,Hemoglobin A1c,12.5,%,2025-10-17
OBS-00008814,PT-001552,ENC-0004423,2160-0,Creatinine,3.2,mg/dL,2024-10-03
OBS-00008815,PT-001553,ENC-0004424,8480-6,Systolic blood pressure,150.0,mmHg,2026-04-23
OBS-00008816,PT-001554,ENC-0004425,8480-6,Systolic blood pressure,157.1,mmHg,2025-06-02
OBS-00008817,PT-001554,ENC-0004425,718-7,Hemoglobin,8.2,g/dL,2025-06-02
OBS-00008818,PT-001554,ENC-0004426,2339-0,Glucose,277.3,mg/dL,2026-07-15
OBS-00008819,PT-001554,ENC-0004426,8480-6,Systolic blood pressure,184.7,mmHg,2026-07-15
OBS-00008820,PT-001554,ENC-0004427,4548-4,Hemoglobin A1c,6.6,%,2026-08-22
OBS-00008821,PT-001554,ENC-0004427,2339-0,Glucose,170.3,mg/dL,2026-08-22
OBS-00008822,PT-001555,ENC-0004428,2160-0,Creatinine,3.4,mg/dL,2025-06-15
OBS-00008823,PT-001555,ENC-0004428,4548-4,Hemoglobin A1c,8.4,%,2025-06-15
OBS-00008824,PT-001555,ENC-0004429,718-7,Hemoglobin,16.7,g/dL,2025-11-10
OBS-00008825,PT-001555,ENC-0004429,8462-4,Diastolic blood pressure,82.1,mmHg,2025-11-10
OBS-00008826,PT-001555,ENC-0004430,718-7,Hemoglobin,8.5,g/dL,2025-04-21
OBS-00008827,PT-001556,ENC-0004431,4548-4,Hemoglobin A1c,6.7,%,2025-11-13
OBS-00008828,PT-001556,ENC-0004432,2339-0,Glucose,136.3,mg/dL,2026-02-16
OBS-00008829,PT-001556,ENC-0004433,8480-6,Systolic blood pressure,181.1,mmHg,2025-06-18
OBS-00008830,PT-001556,ENC-0004433,8480-6,Systolic blood pressure,147.3,mmHg,2025-06-18
OBS-00008831,PT-001557,ENC-0004434,718-7,Hemoglobin,9.5,g/dL,2026-03-27
OBS-00008832,PT-001557,ENC-0004434,718-7,Hemoglobin,9.9,g/dL,2026-03-27
OBS-00008833,PT-001557,ENC-0004435,2339-0,Glucose,131.6,mg/dL,2026-04-28
OBS-00008834,PT-001557,ENC-0004435,8480-6,Systolic blood pressure,157.3,mmHg,2026-04-28
OBS-00008835,PT-001557,ENC-0004436,4548-4,Hemoglobin A1c,9.3,%,2025-01-08
OBS-00008836,PT-001557,ENC-0004436,8462-4,Diastolic blood pressure,84.0,mmHg,2025-01-08
OBS-00008837,PT-001557,ENC-0004436,8462-4,Diastolic blood pressure,88.1,mmHg,2025-01-08
OBS-00008838,PT-001557,ENC-0004437,718-7,Hemoglobin,9.9,g/dL,2025-04-13
OBS-00008839,PT-001557,ENC-0004437,2339-0,Glucose,188.5,mg/dL,2025-04-13
OBS-00008840,PT-001557,ENC-0004437,8480-6,Systolic blood pressure,131.1,mmHg,2025-04-13
OBS-00008841,PT-001557,ENC-0004438,4548-4,Hemoglobin A1c,10.3,%,2026-02-24
OBS-00008842,PT-001558,ENC-0004439,8480-6,Systolic blood pressure,114.4,mmHg,2026-04-08
OBS-00008843,PT-001558,ENC-0004439,2160-0,Creatinine,2.1,mg/dL,2026-04-08
OBS-00008844,PT-001559,ENC-0004440,2339-0,Glucose,73.2,mg/dL,2025-03-15
OBS-00008845,PT-001559,ENC-0004440,718-7,Hemoglobin,16.3,g/dL,2025-03-15
OBS-00008846,PT-001559,ENC-0004441,4548-4,Hemoglobin A1c,10.2,%,2025-12-13
OBS-00008847,PT-001559,ENC-0004441,2339-0,Glucose,281.6,mg/dL,2025-12-13
OBS-00008848,PT-001560,ENC-0004442,4548-4,Hemoglobin A1c,5.4,%,2025-02-17
OBS-00008849,PT-001560,ENC-0004442,4548-4,Hemoglobin A1c,7.0,%,2025-02-17
OBS-00008850,PT-001560,ENC-0004443,4548-4,Hemoglobin A1c,8.1,%,2025-06-23
OBS-00008851,PT-001560,ENC-0004443,2339-0,Glucose,127.3,mg/dL,2025-06-23
OBS-00008852,PT-001560,ENC-0004443,8480-6,Systolic blood pressure,158.4,mmHg,2025-06-23
OBS-00008853,PT-001560,ENC-0004444,2339-0,Glucose,251.5,mg/dL,2026-01-25
OBS-00008854,PT-001560,ENC-0004444,2160-0,Creatinine,3.8,mg/dL,2026-01-25
OBS-00008855,PT-001560,ENC-0004444,8462-4,Diastolic blood pressure,67.5,mmHg,2026-01-25
OBS-00008856,PT-001560,ENC-0004445,2339-0,Glucose,290.8,mg/dL,2025-08-23
OBS-00008857,PT-001560,ENC-0004446,8480-6,Systolic blood pressure,106.2,mmHg,2024-11-05
OBS-00008858,PT-001560,ENC-0004446,718-7,Hemoglobin,9.6,g/dL,2024-11-05
OBS-00008859,PT-001560,ENC-0004446,8462-4,Diastolic blood pressure,61.5,mmHg,2024-11-05
OBS-00008860,PT-001561,ENC-0004447,2160-0,Creatinine,1.8,mg/dL,2025-08-19
OBS-00008861,PT-001561,ENC-0004448,8462-4,Diastolic blood pressure,74.0,mmHg,2025-11-16
OBS-00008862,PT-001561,ENC-0004448,8480-6,Systolic blood pressure,132.0,mmHg,2025-11-16
OBS-00008863,PT-001561,ENC-0004448,718-7,Hemoglobin,13.3,g/dL,2025-11-16
OBS-00008864,PT-001561,ENC-0004449,4548-4,Hemoglobin A1c,12.4,%,2025-02-24
OBS-00008865,PT-001561,ENC-0004449,4548-4,Hemoglobin A1c,5.9,%,2025-02-24
OBS-00008866,PT-001561,ENC-0004450,2160-0,Creatinine,3.2,mg/dL,2026-08-14
OBS-00008867,PT-001561,ENC-0004450,2160-0,Creatinine,2.4,mg/dL,2026-08-14
OBS-00008868,PT-001561,ENC-0004451,8480-6,Systolic blood pressure,144.3,mmHg,2026-06-10
OBS-00008869,PT-001561,ENC-0004451,8462-4,Diastolic blood pressure,88.9,mmHg,2026-06-10
OBS-00008870,PT-001561,ENC-0004451,8480-6,Systolic blood pressure,182.7,mmHg,2026-06-10
OBS-00008871,PT-001562,ENC-0004452,8480-6,Systolic blood pressure,135.3,mmHg,2026-02-11
OBS-00008872,PT-001562,ENC-0004453,4548-4,Hemoglobin A1c,11.7,%,2026-02-14
OBS-00008873,PT-001562,ENC-0004454,8462-4,Diastolic blood pressure,76.9,mmHg,2026-06-18
OBS-00008874,PT-001562,ENC-0004455,4548-4,Hemoglobin A1c,6.9,%,2024-11-15
OBS-00008875,PT-001562,ENC-0004455,8462-4,Diastolic blood pressure,79.0,mmHg,2024-11-15
OBS-00008876,PT-001562,ENC-0004456,8480-6,Systolic blood pressure,135.5,mmHg,2025-02-18
OBS-00008877,PT-001562,ENC-0004456,2339-0,Glucose,318.7,mg/dL,2025-02-18
OBS-00008878,PT-001562,ENC-0004457,4548-4,Hemoglobin A1c,6.0,%,2026-07-13
OBS-00008879,PT-001563,ENC-0004458,8480-6,Systolic blood pressure,114.2,mmHg,2024-12-28
OBS-00008880,PT-001563,ENC-0004458,718-7,Hemoglobin,8.2,g/dL,2024-12-28
OBS-00008881,PT-001563,ENC-0004459,4548-4,Hemoglobin A1c,9.2,%,2025-01-14
OBS-00008882,PT-001563,ENC-0004459,8462-4,Diastolic blood pressure,62.4,mmHg,2025-01-14
OBS-00008883,PT-001563,ENC-0004459,8462-4,Diastolic blood pressure,94.6,mmHg,2025-01-14
OBS-00008884,PT-001563,ENC-0004460,2160-0,Creatinine,3.3,mg/dL,2025-04-11
OBS-00008885,PT-001563,ENC-0004460,2160-0,Creatinine,2.5,mg/dL,2025-04-11
OBS-00008886,PT-001563,ENC-0004460,2160-0,Creatinine,3.9,mg/dL,2025-04-11
OBS-00008887,PT-001564,ENC-0004461,2160-0,Creatinine,3.5,mg/dL,2026-05-22
OBS-00008888,PT-001564,ENC-0004461,4548-4,Hemoglobin A1c,7.9,%,2026-05-22
OBS-00008889,PT-001564,ENC-0004462,2160-0,Creatinine,1.0,mg/dL,2025-01-18
OBS-00008890,PT-001565,ENC-0004463,2160-0,Creatinine,1.0,mg/dL,2026-06-03
OBS-00008891,PT-001565,ENC-0004464,2160-0,Creatinine,1.0,mg/dL,2025-10-18
OBS-00008892,PT-001565,ENC-0004464,8462-4,Diastolic blood pressure,82.9,mmHg,2025-10-18
OBS-00008893,PT-001565,ENC-0004464,718-7,Hemoglobin,10.0,g/dL,2025-10-18
OBS-00008894,PT-001565,ENC-0004465,4548-4,Hemoglobin A1c,8.1,%,2025-06-05
OBS-00008895,PT-001565,ENC-0004465,8462-4,Diastolic blood pressure,84.9,mmHg,2025-06-05
OBS-00008896,PT-001565,ENC-0004465,2160-0,Creatinine,1.0,mg/dL,2025-06-05
OBS-00008897,PT-001565,ENC-0004466,2339-0,Glucose,102.3,mg/dL,2025-12-29
OBS-00008898,PT-001565,ENC-0004466,8462-4,Diastolic blood pressure,67.7,mmHg,2025-12-29
OBS-00008899,PT-001565,ENC-0004466,718-7,Hemoglobin,11.3,g/dL,2025-12-29
OBS-00008900,PT-001565,ENC-0004467,8480-6,Systolic blood pressure,181.8,mmHg,2026-01-04
OBS-00008901,PT-001565,ENC-0004467,2160-0,Creatinine,2.9,mg/dL,2026-01-04
OBS-00008902,PT-001565,ENC-0004467,718-7,Hemoglobin,13.7,g/dL,2026-01-04
OBS-00008903,PT-001566,ENC-0004468,8480-6,Systolic blood pressure,152.8,mmHg,2025-01-22
OBS-00008904,PT-001566,ENC-0004469,8480-6,Systolic blood pressure,98.0,mmHg,2026-02-05
OBS-00008905,PT-001566,ENC-0004470,8462-4,Diastolic blood pressure,66.6,mmHg,2024-12-16
OBS-00008906,PT-001566,ENC-0004470,4548-4,Hemoglobin A1c,5.8,%,2024-12-16
OBS-00008907,PT-001566,ENC-0004470,4548-4,Hemoglobin A1c,8.8,%,2024-12-16
OBS-00008908,PT-001566,ENC-0004471,8480-6,Systolic blood pressure,130.3,mmHg,2026-06-25
OBS-00008909,PT-001566,ENC-0004472,4548-4,Hemoglobin A1c,7.9,%,2026-02-14
OBS-00008910,PT-001566,ENC-0004473,8462-4,Diastolic blood pressure,80.2,mmHg,2026-08-12
OBS-00008911,PT-001566,ENC-0004473,2160-0,Creatinine,3.2,mg/dL,2026-08-12
OBS-00008912,PT-001567,ENC-0004474,2160-0,Creatinine,0.8,mg/dL,2025-02-25
OBS-00008913,PT-001567,ENC-0004474,8462-4,Diastolic blood pressure,104.8,mmHg,2025-02-25
OBS-00008914,PT-001567,ENC-0004475,4548-4,Hemoglobin A1c,5.9,%,2025-05-13
OBS-00008915,PT-001567,ENC-0004475,8480-6,Systolic blood pressure,136.3,mmHg,2025-05-13
OBS-00008916,PT-001567,ENC-0004475,718-7,Hemoglobin,15.8,g/dL,2025-05-13
OBS-00008917,PT-001567,ENC-0004476,4548-4,Hemoglobin A1c,8.7,%,2026-03-11
OBS-00008918,PT-001567,ENC-0004477,718-7,Hemoglobin,8.8,g/dL,2025-04-16
OBS-00008919,PT-001568,ENC-0004478,2339-0,Glucose,272.3,mg/dL,2026-08-31
OBS-00008920,PT-001568,ENC-0004478,718-7,Hemoglobin,9.8,g/dL,2026-08-31
OBS-00008921,PT-001568,ENC-0004479,2160-0,Creatinine,3.2,mg/dL,2026-07-27
OBS-00008922,PT-001568,ENC-0004479,718-7,Hemoglobin,12.4,g/dL,2026-07-27
OBS-00008923,PT-001568,ENC-0004480,4548-4,Hemoglobin A1c,11.9,%,2025-05-09
OBS-00008924,PT-001568,ENC-0004480,8462-4,Diastolic blood pressure,86.4,mmHg,2025-05-09
OBS-00008925,PT-001568,ENC-0004481,2339-0,Glucose,299.8,mg/dL,2025-06-11
OBS-00008926,PT-001569,ENC-0004482,8462-4,Diastolic blood pressure,96.0,mmHg,2026-06-04
OBS-00008927,PT-001569,ENC-0004483,4548-4,Hemoglobin A1c,8.9,%,2026-07-03
OBS-00008928,PT-001569,ENC-0004483,4548-4,Hemoglobin A1c,8.7,%,2026-07-03
OBS-00008929,PT-001569,ENC-0004484,4548-4,Hemoglobin A1c,9.3,%,2026-07-10
OBS-00008930,PT-001569,ENC-0004484,8462-4,Diastolic blood pressure,69.7,mmHg,2026-07-10
OBS-00008931,PT-001569,ENC-0004484,718-7,Hemoglobin,13.5,g/dL,2026-07-10
OBS-00008932,PT-001570,ENC-0004485,2160-0,Creatinine,2.6,mg/dL,2026-03-18
OBS-00008933,PT-001570,ENC-0004486,8462-4,Diastolic blood pressure,95.5,mmHg,2026-04-19
OBS-00008934,PT-001570,ENC-0004486,2339-0,Glucose,158.8,mg/dL,2026-04-19
OBS-00008935,PT-001570,ENC-0004487,718-7,Hemoglobin,9.8,g/dL,2025-12-12
OBS-00008936,PT-001570,ENC-0004487,4548-4,Hemoglobin A1c,10.7,%,2025-12-12
OBS-00008937,PT-001570,ENC-0004488,2160-0,Creatinine,3.3,mg/dL,2024-10-09
OBS-00008938,PT-001570,ENC-0004488,4548-4,Hemoglobin A1c,10.5,%,2024-10-09
OBS-00008939,PT-001570,ENC-0004488,2339-0,Glucose,275.0,mg/dL,2024-10-09
OBS-00008940,PT-001571,ENC-0004489,2339-0,Glucose,114.5,mg/dL,2024-11-08
OBS-00008941,PT-001572,ENC-0004490,2160-0,Creatinine,1.6,mg/dL,2025-02-26
OBS-00008942,PT-001572,ENC-0004490,8480-6,Systolic blood pressure,178.5,mmHg,2025-02-26
OBS-00008943,PT-001572,ENC-0004490,2339-0,Glucose,297.0,mg/dL,2025-02-26
OBS-00008944,PT-001572,ENC-0004491,8480-6,Systolic blood pressure,96.9,mmHg,2026-03-16
OBS-00008945,PT-001573,ENC-0004492,4548-4,Hemoglobin A1c,6.6,%,2025-08-29
OBS-00008946,PT-001573,ENC-0004493,2160-0,Creatinine,1.2,mg/dL,2025-08-05
OBS-00008947,PT-001573,ENC-0004493,2339-0,Glucose,217.6,mg/dL,2025-08-05
OBS-00008948,PT-001573,ENC-0004493,718-7,Hemoglobin,16.0,g/dL,2025-08-05
OBS-00008949,PT-001574,ENC-0004494,718-7,Hemoglobin,16.0,g/dL,2026-06-01
OBS-00008950,PT-001574,ENC-0004494,2160-0,Creatinine,2.4,mg/dL,2026-06-01
OBS-00008951,PT-001574,ENC-0004494,8462-4,Diastolic blood pressure,101.6,mmHg,2026-06-01
OBS-00008952,PT-001574,ENC-0004495,4548-4,Hemoglobin A1c,9.0,%,2025-10-13
OBS-00008953,PT-001574,ENC-0004495,2160-0,Creatinine,4.2,mg/dL,2025-10-13
OBS-00008954,PT-001574,ENC-0004496,2339-0,Glucose,79.2,mg/dL,2025-10-15
OBS-00008955,PT-001574,ENC-0004496,4548-4,Hemoglobin A1c,6.7,%,2025-10-15
OBS-00008956,PT-001575,ENC-0004497,8462-4,Diastolic blood pressure,77.8,mmHg,2024-10-05
OBS-00008957,PT-001575,ENC-0004497,2339-0,Glucose,211.8,mg/dL,2024-10-05
OBS-00008958,PT-001575,ENC-0004497,2339-0,Glucose,111.4,mg/dL,2024-10-05
OBS-00008959,PT-001575,ENC-0004498,8480-6,Systolic blood pressure,160.3,mmHg,2025-08-20
OBS-00008960,PT-001575,ENC-0004498,2160-0,Creatinine,1.2,mg/dL,2025-08-20
OBS-00008961,PT-001575,ENC-0004499,2160-0,Creatinine,3.5,mg/dL,2024-10-16
OBS-00008962,PT-001575,ENC-0004499,4548-4,Hemoglobin A1c,8.7,%,2024-10-16
OBS-00008963,PT-001575,ENC-0004500,2160-0,Creatinine,1.5,mg/dL,2025-11-11
OBS-00008964,PT-001575,ENC-0004500,2160-0,Creatinine,1.3,mg/dL,2025-11-11
OBS-00008965,PT-001575,ENC-0004501,8480-6,Systolic blood pressure,97.5,mmHg,2025-05-14
OBS-00008966,PT-001575,ENC-0004502,4548-4,Hemoglobin A1c,8.2,%,2025-05-07
OBS-00008967,PT-001575,ENC-0004502,2339-0,Glucose,194.6,mg/dL,2025-05-07
OBS-00008968,PT-001575,ENC-0004502,718-7,Hemoglobin,9.7,g/dL,2025-05-07
OBS-00008969,PT-001576,ENC-0004503,8462-4,Diastolic blood pressure,60.7,mmHg,2024-11-14
OBS-00008970,PT-001576,ENC-0004503,8462-4,Diastolic blood pressure,98.9,mmHg,2024-11-14
OBS-00008971,PT-001576,ENC-0004504,718-7,Hemoglobin,14.5,g/dL,2024-11-15
OBS-00008972,PT-001577,ENC-0004505,4548-4,Hemoglobin A1c,8.4,%,2026-05-28
OBS-00008973,PT-001577,ENC-0004505,8480-6,Systolic blood pressure,149.7,mmHg,2026-05-28
OBS-00008974,PT-001578,ENC-0004506,8462-4,Diastolic blood pressure,55.4,mmHg,2026-03-25
OBS-00008975,PT-001578,ENC-0004506,8462-4,Diastolic blood pressure,97.7,mmHg,2026-03-25
OBS-00008976,PT-001578,ENC-0004506,8480-6,Systolic blood pressure,144.0,mmHg,2026-03-25
OBS-00008977,PT-001579,ENC-0004507,718-7,Hemoglobin,10.3,g/dL,2025-07-18
OBS-00008978,PT-001579,ENC-0004507,4548-4,Hemoglobin A1c,6.9,%,2025-07-18
OBS-00008979,PT-001580,ENC-0004508,8480-6,Systolic blood pressure,100.6,mmHg,2025-06-13
OBS-00008980,PT-001580,ENC-0004508,2160-0,Creatinine,2.7,mg/dL,2025-06-13
OBS-00008981,PT-001580,ENC-0004508,8462-4,Diastolic blood pressure,55.4,mmHg,2025-06-13
OBS-00008982,PT-001581,ENC-0004509,2160-0,Creatinine,3.1,mg/dL,2025-12-20
OBS-00008983,PT-001581,ENC-0004509,8462-4,Diastolic blood pressure,83.9,mmHg,2025-12-20
OBS-00008984,PT-001581,ENC-0004509,4548-4,Hemoglobin A1c,11.1,%,2025-12-20
OBS-00008985,PT-001581,ENC-0004510,8462-4,Diastolic blood pressure,60.8,mmHg,2025-03-25
OBS-00008986,PT-001581,ENC-0004511,718-7,Hemoglobin,15.0,g/dL,2025-06-08
OBS-00008987,PT-001581,ENC-0004511,2339-0,Glucose,307.9,mg/dL,2025-06-08
OBS-00008988,PT-001581,ENC-0004512,8462-4,Diastolic blood pressure,56.5,mmHg,2025-01-25
OBS-00008989,PT-001581,ENC-0004512,2339-0,Glucose,176.0,mg/dL,2025-01-25
OBS-00008990,PT-001581,ENC-0004513,2160-0,Creatinine,2.5,mg/dL,2025-02-19
OBS-00008991,PT-001582,ENC-0004514,8462-4,Diastolic blood pressure,79.7,mmHg,2025-11-28
OBS-00008992,PT-001583,ENC-0004515,4548-4,Hemoglobin A1c,7.4,%,2025-01-30
OBS-00008993,PT-001583,ENC-0004515,4548-4,Hemoglobin A1c,7.8,%,2025-01-30
OBS-00008994,PT-001583,ENC-0004515,4548-4,Hemoglobin A1c,9.8,%,2025-01-30
OBS-00008995,PT-001583,ENC-0004516,718-7,Hemoglobin,12.0,g/dL,2025-03-22
OBS-00008996,PT-001583,ENC-0004516,4548-4,Hemoglobin A1c,11.1,%,2025-03-22
OBS-00008997,PT-001583,ENC-0004517,8462-4,Diastolic blood pressure,70.3,mmHg,2026-04-09
OBS-00008998,PT-001583,ENC-0004517,8462-4,Diastolic blood pressure,80.9,mmHg,2026-04-09
OBS-00008999,PT-001583,ENC-0004517,2339-0,Glucose,240.1,mg/dL,2026-04-09
OBS-00009000,PT-001583,ENC-0004518,4548-4,Hemoglobin A1c,5.0,%,2025-01-19
OBS-00009001,PT-001583,ENC-0004518,718-7,Hemoglobin,12.6,g/dL,2025-01-19
OBS-00009002,PT-001583,ENC-0004519,8480-6,Systolic blood pressure,131.7,mmHg,2025-03-02
OBS-00009003,PT-001583,ENC-0004519,8480-6,Systolic blood pressure,150.4,mmHg,2025-03-02
OBS-00009004,PT-001583,ENC-0004519,2160-0,Creatinine,0.7,mg/dL,2025-03-02
OBS-00009005,PT-001583,ENC-0004520,718-7,Hemoglobin,12.1,g/dL,2025-05-10
OBS-00009006,PT-001584,ENC-0004521,8462-4,Diastolic blood pressure,82.4,mmHg,2026-05-16
OBS-00009007,PT-001584,ENC-0004521,2160-0,Creatinine,0.9,mg/dL,2026-05-16
OBS-00009008,PT-001584,ENC-0004521,718-7,Hemoglobin,11.3,g/dL,2026-05-16
OBS-00009009,PT-001584,ENC-0004522,718-7,Hemoglobin,15.1,g/dL,2025-09-12
OBS-00009010,PT-001584,ENC-0004523,2339-0,Glucose,98.0,mg/dL,2026-03-26
OBS-00009011,PT-001584,ENC-0004523,4548-4,Hemoglobin A1c,10.7,%,2026-03-26
OBS-00009012,PT-001584,ENC-0004523,8462-4,Diastolic blood pressure,106.6,mmHg,2026-03-26
OBS-00009013,PT-001585,ENC-0004524,2160-0,Creatinine,4.5,mg/dL,2025-01-19
OBS-00009014,PT-001585,ENC-0004525,2160-0,Creatinine,2.6,mg/dL,2025-11-29
OBS-00009015,PT-001585,ENC-0004526,8462-4,Diastolic blood pressure,81.1,mmHg,2025-01-27
OBS-00009016,PT-001585,ENC-0004527,2339-0,Glucose,111.9,mg/dL,2024-11-17
OBS-00009017,PT-001585,ENC-0004527,8462-4,Diastolic blood pressure,85.7,mmHg,2024-11-17
OBS-00009018,PT-001585,ENC-0004527,2339-0,Glucose,164.9,mg/dL,2024-11-17
OBS-00009019,PT-001586,ENC-0004528,718-7,Hemoglobin,13.9,g/dL,2025-12-11
OBS-00009020,PT-001586,ENC-0004528,8480-6,Systolic blood pressure,173.3,mmHg,2025-12-11
OBS-00009021,PT-001586,ENC-0004528,2339-0,Glucose,267.6,mg/dL,2025-12-11
OBS-00009022,PT-001587,ENC-0004529,4548-4,Hemoglobin A1c,11.6,%,2025-09-26
OBS-00009023,PT-001587,ENC-0004529,4548-4,Hemoglobin A1c,7.3,%,2025-09-26
OBS-00009024,PT-001588,ENC-0004530,8462-4,Diastolic blood pressure,71.8,mmHg,2026-03-03
OBS-00009025,PT-001588,ENC-0004530,718-7,Hemoglobin,12.5,g/dL,2026-03-03
OBS-00009026,PT-001588,ENC-0004530,8462-4,Diastolic blood pressure,91.5,mmHg,2026-03-03
OBS-00009027,PT-001588,ENC-0004531,2339-0,Glucose,145.4,mg/dL,2026-06-01
OBS-00009028,PT-001588,ENC-0004532,718-7,Hemoglobin,16.4,g/dL,2025-12-02
OBS-00009029,PT-001588,ENC-0004532,8462-4,Diastolic blood pressure,92.0,mmHg,2025-12-02
OBS-00009030,PT-001589,ENC-0004533,2160-0,Creatinine,3.3,mg/dL,2026-06-12
OBS-00009031,PT-001589,ENC-0004533,2339-0,Glucose,146.0,mg/dL,2026-06-12
OBS-00009032,PT-001590,ENC-0004534,8462-4,Diastolic blood pressure,76.3,mmHg,2025-07-21
OBS-00009033,PT-001590,ENC-0004534,8480-6,Systolic blood pressure,134.5,mmHg,2025-07-21
OBS-00009034,PT-001590,ENC-0004534,2339-0,Glucose,80.0,mg/dL,2025-07-21
OBS-00009035,PT-001590,ENC-0004535,2339-0,Glucose,208.2,mg/dL,2025-12-17
OBS-00009036,PT-001590,ENC-0004535,718-7,Hemoglobin,11.0,g/dL,2025-12-17
OBS-00009037,PT-001591,ENC-0004536,2339-0,Glucose,95.4,mg/dL,2025-07-01
OBS-00009038,PT-001591,ENC-0004537,2339-0,Glucose,290.1,mg/dL,2025-01-21
OBS-00009039,PT-001591,ENC-0004537,2339-0,Glucose,310.0,mg/dL,2025-01-21
OBS-00009040,PT-001591,ENC-0004537,718-7,Hemoglobin,16.8,g/dL,2025-01-21
OBS-00009041,PT-001592,ENC-0004538,2339-0,Glucose,184.2,mg/dL,2025-09-04
OBS-00009042,PT-001592,ENC-0004538,2160-0,Creatinine,2.0,mg/dL,2025-09-04
OBS-00009043,PT-001592,ENC-0004538,8480-6,Systolic blood pressure,140.7,mmHg,2025-09-04
OBS-00009044,PT-001592,ENC-0004539,8480-6,Systolic blood pressure,135.8,mmHg,2026-06-05
OBS-00009045,PT-001592,ENC-0004540,718-7,Hemoglobin,10.6,g/dL,2026-04-13
OBS-00009046,PT-001592,ENC-0004540,4548-4,Hemoglobin A1c,7.8,%,2026-04-13
OBS-00009047,PT-001592,ENC-0004540,2160-0,Creatinine,4.4,mg/dL,2026-04-13
OBS-00009048,PT-001592,ENC-0004541,4548-4,Hemoglobin A1c,8.0,%,2025-03-29
OBS-00009049,PT-001593,ENC-0004542,2339-0,Glucose,238.2,mg/dL,2026-09-11
OBS-00009050,PT-001593,ENC-0004542,2160-0,Creatinine,2.1,mg/dL,2026-09-11
OBS-00009051,PT-001593,ENC-0004542,2339-0,Glucose,309.5,mg/dL,2026-09-11
OBS-00009052,PT-001593,ENC-0004543,2160-0,Creatinine,2.6,mg/dL,2025-09-26
OBS-00009053,PT-001593,ENC-0004543,4548-4,Hemoglobin A1c,10.1,%,2025-09-26
OBS-00009054,PT-001593,ENC-0004543,4548-4,Hemoglobin A1c,7.9,%,2025-09-26
OBS-00009055,PT-001593,ENC-0004544,8480-6,Systolic blood pressure,162.2,mmHg,2026-04-18
OBS-00009056,PT-001593,ENC-0004544,4548-4,Hemoglobin A1c,11.1,%,2026-04-18
OBS-00009057,PT-001593,ENC-0004544,2160-0,Creatinine,1.9,mg/dL,2026-04-18
OBS-00009058,PT-001593,ENC-0004545,4548-4,Hemoglobin A1c,6.6,%,2026-03-05
OBS-00009059,PT-001593,ENC-0004545,2339-0,Glucose,90.4,mg/dL,2026-03-05
OBS-00009060,PT-001593,ENC-0004545,8480-6,Systolic blood pressure,95.6,mmHg,2026-03-05
OBS-00009061,PT-001594,ENC-0004546,2160-0,Creatinine,2.1,mg/dL,2025-06-26
OBS-00009062,PT-001594,ENC-0004547,8462-4,Diastolic blood pressure,56.2,mmHg,2025-01-07
OBS-00009063,PT-001594,ENC-0004547,8462-4,Diastolic blood pressure,81.2,mmHg,2025-01-07
OBS-00009064,PT-001594,ENC-0004548,8462-4,Diastolic blood pressure,97.3,mmHg,2026-05-30
OBS-00009065,PT-001594,ENC-0004548,718-7,Hemoglobin,15.7,g/dL,2026-05-30
OBS-00009066,PT-001594,ENC-0004549,2160-0,Creatinine,4.5,mg/dL,2025-10-12
OBS-00009067,PT-001594,ENC-0004549,8462-4,Diastolic blood pressure,88.1,mmHg,2025-10-12
OBS-00009068,PT-001594,ENC-0004549,8462-4,Diastolic blood pressure,90.7,mmHg,2025-10-12
OBS-00009069,PT-001595,ENC-0004550,2160-0,Creatinine,1.4,mg/dL,2026-07-11
OBS-00009070,PT-001595,ENC-0004551,8462-4,Diastolic blood pressure,103.5,mmHg,2024-12-18
OBS-00009071,PT-001595,ENC-0004551,718-7,Hemoglobin,10.5,g/dL,2024-12-18
OBS-00009072,PT-001595,ENC-0004551,2339-0,Glucose,177.6,mg/dL,2024-12-18
OBS-00009073,PT-001596,ENC-0004552,8480-6,Systolic blood pressure,106.6,mmHg,2026-03-11
OBS-00009074,PT-001597,ENC-0004553,4548-4,Hemoglobin A1c,11.3,%,2024-12-18
OBS-00009075,PT-001597,ENC-0004553,8480-6,Systolic blood pressure,142.2,mmHg,2024-12-18
OBS-00009076,PT-001598,ENC-0004554,718-7,Hemoglobin,15.6,g/dL,2026-04-17
OBS-00009077,PT-001598,ENC-0004555,8462-4,Diastolic blood pressure,96.7,mmHg,2026-06-18
OBS-00009078,PT-001598,ENC-0004555,2339-0,Glucose,170.2,mg/dL,2026-06-18
OBS-00009079,PT-001598,ENC-0004555,718-7,Hemoglobin,16.6,g/dL,2026-06-18
OBS-00009080,PT-001599,ENC-0004556,4548-4,Hemoglobin A1c,7.3,%,2025-06-24
OBS-00009081,PT-001599,ENC-0004557,2339-0,Glucose,117.9,mg/dL,2026-02-23
OBS-00009082,PT-001599,ENC-0004557,2339-0,Glucose,253.5,mg/dL,2026-02-23
OBS-00009083,PT-001599,ENC-0004557,718-7,Hemoglobin,9.0,g/dL,2026-02-23
OBS-00009084,PT-001599,ENC-0004558,8462-4,Diastolic blood pressure,92.8,mmHg,2025-02-27
OBS-00009085,PT-001599,ENC-0004558,8480-6,Systolic blood pressure,152.7,mmHg,2025-02-27
OBS-00009086,PT-001599,ENC-0004558,8462-4,Diastolic blood pressure,66.9,mmHg,2025-02-27
OBS-00009087,PT-001599,ENC-0004559,4548-4,Hemoglobin A1c,8.4,%,2025-08-29
OBS-00009088,PT-001599,ENC-0004559,718-7,Hemoglobin,15.1,g/dL,2025-08-29
OBS-00009089,PT-001599,ENC-0004559,4548-4,Hemoglobin A1c,11.1,%,2025-08-29
OBS-00009090,PT-001599,ENC-0004560,2339-0,Glucose,285.8,mg/dL,2024-10-24
OBS-00009091,PT-001599,ENC-0004560,4548-4,Hemoglobin A1c,11.4,%,2024-10-24
OBS-00009092,PT-001599,ENC-0004560,4548-4,Hemoglobin A1c,9.2,%,2024-10-24
OBS-00009093,PT-001600,ENC-0004561,8462-4,Diastolic blood pressure,75.1,mmHg,2026-05-01
OBS-00009094,PT-001600,ENC-0004561,4548-4,Hemoglobin A1c,6.6,%,2026-05-01
OBS-00009095,PT-001600,ENC-0004561,8462-4,Diastolic blood pressure,61.1,mmHg,2026-05-01
OBS-00009096,PT-001600,ENC-0004562,8462-4,Diastolic blood pressure,96.4,mmHg,2025-11-18
OBS-00009097,PT-001600,ENC-0004562,2160-0,Creatinine,0.7,mg/dL,2025-11-18
OBS-00009098,PT-001600,ENC-0004563,2160-0,Creatinine,1.6,mg/dL,2025-12-20
OBS-00009099,PT-001600,ENC-0004563,2339-0,Glucose,306.2,mg/dL,2025-12-20
OBS-00009100,PT-001600,ENC-0004563,2339-0,Glucose,238.5,mg/dL,2025-12-20
OBS-00009101,PT-001600,ENC-0004564,8462-4,Diastolic blood pressure,77.1,mmHg,2026-05-15
OBS-00009102,PT-001600,ENC-0004564,2160-0,Creatinine,1.9,mg/dL,2026-05-15
OBS-00009103,PT-001600,ENC-0004564,718-7,Hemoglobin,12.3,g/dL,2026-05-15
OBS-00009104,PT-001600,ENC-0004565,2160-0,Creatinine,1.7,mg/dL,2024-09-23
OBS-00009105,PT-001600,ENC-0004565,8480-6,Systolic blood pressure,121.5,mmHg,2024-09-23
OBS-00009106,PT-001601,ENC-0004566,8480-6,Systolic blood pressure,176.4,mmHg,2026-02-11
OBS-00009107,PT-001601,ENC-0004567,4548-4,Hemoglobin A1c,11.3,%,2025-07-20
OBS-00009108,PT-001601,ENC-0004568,8480-6,Systolic blood pressure,155.1,mmHg,2025-12-25
OBS-00009109,PT-001602,ENC-0004569,2339-0,Glucose,284.5,mg/dL,2025-01-02
OBS-00009110,PT-001602,ENC-0004569,2339-0,Glucose,174.4,mg/dL,2025-01-02
OBS-00009111,PT-001602,ENC-0004569,2160-0,Creatinine,2.9,mg/dL,2025-01-02
OBS-00009112,PT-001602,ENC-0004570,2160-0,Creatinine,1.7,mg/dL,2026-05-15
OBS-00009113,PT-001602,ENC-0004571,2339-0,Glucose,189.0,mg/dL,2025-05-29
OBS-00009114,PT-001602,ENC-0004572,8480-6,Systolic blood pressure,158.6,mmHg,2024-10-18
OBS-00009115,PT-001602,ENC-0004572,4548-4,Hemoglobin A1c,9.5,%,2024-10-18
OBS-00009116,PT-001602,ENC-0004573,4548-4,Hemoglobin A1c,11.9,%,2025-01-07
OBS-00009117,PT-001602,ENC-0004574,2339-0,Glucose,277.9,mg/dL,2026-03-17
OBS-00009118,PT-001602,ENC-0004574,718-7,Hemoglobin,11.8,g/dL,2026-03-17
OBS-00009119,PT-001602,ENC-0004574,4548-4,Hemoglobin A1c,11.9,%,2026-03-17
OBS-00009120,PT-001602,ENC-0004575,718-7,Hemoglobin,14.0,g/dL,2025-03-10
OBS-00009121,PT-001602,ENC-0004575,8462-4,Diastolic blood pressure,99.4,mmHg,2025-03-10
OBS-00009122,PT-001602,ENC-0004575,2339-0,Glucose,168.2,mg/dL,2025-03-10
OBS-00009123,PT-001602,ENC-0004576,8480-6,Systolic blood pressure,165.2,mmHg,2025-12-18
OBS-00009124,PT-001603,ENC-0004577,2339-0,Glucose,276.7,mg/dL,2026-05-10
OBS-00009125,PT-001603,ENC-0004577,718-7,Hemoglobin,10.4,g/dL,2026-05-10
OBS-00009126,PT-001603,ENC-0004577,2339-0,Glucose,160.4,mg/dL,2026-05-10
OBS-00009127,PT-001603,ENC-0004578,718-7,Hemoglobin,16.7,g/dL,2025-08-29
OBS-00009128,PT-001603,ENC-0004578,2160-0,Creatinine,0.6,mg/dL,2025-08-29
OBS-00009129,PT-001604,ENC-0004579,2160-0,Creatinine,4.2,mg/dL,2025-01-05
OBS-00009130,PT-001604,ENC-0004580,2160-0,Creatinine,0.9,mg/dL,2024-10-17
OBS-00009131,PT-001604,ENC-0004580,2339-0,Glucose,191.0,mg/dL,2024-10-17
OBS-00009132,PT-001604,ENC-0004581,8480-6,Systolic blood pressure,97.5,mmHg,2026-04-24
OBS-00009133,PT-001604,ENC-0004581,718-7,Hemoglobin,14.7,g/dL,2026-04-24
OBS-00009134,PT-001605,ENC-0004582,2339-0,Glucose,136.3,mg/dL,2024-12-20
OBS-00009135,PT-001605,ENC-0004583,718-7,Hemoglobin,16.9,g/dL,2025-08-31
OBS-00009136,PT-001605,ENC-0004584,4548-4,Hemoglobin A1c,10.6,%,2025-03-04
OBS-00009137,PT-001605,ENC-0004584,8462-4,Diastolic blood pressure,85.8,mmHg,2025-03-04
OBS-00009138,PT-001605,ENC-0004584,4548-4,Hemoglobin A1c,12.3,%,2025-03-04
OBS-00009139,PT-001606,ENC-0004585,2160-0,Creatinine,3.5,mg/dL,2026-03-18
OBS-00009140,PT-001606,ENC-0004585,718-7,Hemoglobin,14.9,g/dL,2026-03-18
OBS-00009141,PT-001606,ENC-0004586,718-7,Hemoglobin,16.1,g/dL,2026-06-19
OBS-00009142,PT-001606,ENC-0004586,2339-0,Glucose,135.1,mg/dL,2026-06-19
OBS-00009143,PT-001606,ENC-0004586,2160-0,Creatinine,4.3,mg/dL,2026-06-19
OBS-00009144,PT-001607,ENC-0004587,2339-0,Glucose,221.0,mg/dL,2026-07-13
OBS-00009145,PT-001607,ENC-0004587,8462-4,Diastolic blood pressure,59.8,mmHg,2026-07-13
OBS-00009146,PT-001607,ENC-0004587,8480-6,Systolic blood pressure,141.8,mmHg,2026-07-13
OBS-00009147,PT-001607,ENC-0004588,718-7,Hemoglobin,12.7,g/dL,2025-10-06
OBS-00009148,PT-001607,ENC-0004589,8480-6,Systolic blood pressure,158.8,mmHg,2025-01-10
OBS-00009149,PT-001608,ENC-0004590,718-7,Hemoglobin,13.8,g/dL,2025-03-12
OBS-00009150,PT-001608,ENC-0004591,2160-0,Creatinine,3.4,mg/dL,2025-04-15
OBS-00009151,PT-001608,ENC-0004591,8462-4,Diastolic blood pressure,108.3,mmHg,2025-04-15
OBS-00009152,PT-001608,ENC-0004591,4548-4,Hemoglobin A1c,5.3,%,2025-04-15
OBS-00009153,PT-001608,ENC-0004592,8462-4,Diastolic blood pressure,88.7,mmHg,2026-04-21
OBS-00009154,PT-001608,ENC-0004592,2160-0,Creatinine,3.3,mg/dL,2026-04-21
OBS-00009155,PT-001608,ENC-0004592,2160-0,Creatinine,1.8,mg/dL,2026-04-21
OBS-00009156,PT-001609,ENC-0004593,718-7,Hemoglobin,15.5,g/dL,2026-07-08
OBS-00009157,PT-001609,ENC-0004593,2339-0,Glucose,241.0,mg/dL,2026-07-08
OBS-00009158,PT-001609,ENC-0004593,718-7,Hemoglobin,12.7,g/dL,2026-07-08
OBS-00009159,PT-001609,ENC-0004594,8480-6,Systolic blood pressure,116.9,mmHg,2026-07-13
OBS-00009160,PT-001609,ENC-0004594,2160-0,Creatinine,2.0,mg/dL,2026-07-13
OBS-00009161,PT-001609,ENC-0004594,2160-0,Creatinine,2.0,mg/dL,2026-07-13
OBS-00009162,PT-001609,ENC-0004595,4548-4,Hemoglobin A1c,8.1,%,2026-06-26
OBS-00009163,PT-001609,ENC-0004595,2339-0,Glucose,140.0,mg/dL,2026-06-26
OBS-00009164,PT-001609,ENC-0004595,718-7,Hemoglobin,10.6,g/dL,2026-06-26
OBS-00009165,PT-001609,ENC-0004596,4548-4,Hemoglobin A1c,6.8,%,2024-09-19
OBS-00009166,PT-001610,ENC-0004597,8462-4,Diastolic blood pressure,77.6,mmHg,2025-12-18
OBS-00009167,PT-001610,ENC-0004598,8462-4,Diastolic blood pressure,70.5,mmHg,2024-11-15
OBS-00009168,PT-001610,ENC-0004598,8462-4,Diastolic blood pressure,100.4,mmHg,2024-11-15
OBS-00009169,PT-001610,ENC-0004599,718-7,Hemoglobin,12.8,g/dL,2026-06-28
OBS-00009170,PT-001610,ENC-0004600,8480-6,Systolic blood pressure,132.1,mmHg,2026-05-09
OBS-00009171,PT-001610,ENC-0004600,4548-4,Hemoglobin A1c,6.2,%,2026-05-09
OBS-00009172,PT-001610,ENC-0004600,718-7,Hemoglobin,17.0,g/dL,2026-05-09
OBS-00009173,PT-001611,ENC-0004601,8480-6,Systolic blood pressure,162.9,mmHg,2025-03-03
OBS-00009174,PT-001611,ENC-0004601,2339-0,Glucose,297.7,mg/dL,2025-03-03
OBS-00009175,PT-001611,ENC-0004602,4548-4,Hemoglobin A1c,11.1,%,2025-05-11
OBS-00009176,PT-001611,ENC-0004602,4548-4,Hemoglobin A1c,7.1,%,2025-05-11
OBS-00009177,PT-001612,ENC-0004603,2339-0,Glucose,247.2,mg/dL,2024-10-02
OBS-00009178,PT-001612,ENC-0004603,718-7,Hemoglobin,9.5,g/dL,2024-10-02
OBS-00009179,PT-001612,ENC-0004603,8480-6,Systolic blood pressure,124.7,mmHg,2024-10-02
OBS-00009180,PT-001613,ENC-0004604,4548-4,Hemoglobin A1c,8.5,%,2025-05-08
OBS-00009181,PT-001613,ENC-0004604,8462-4,Diastolic blood pressure,66.9,mmHg,2025-05-08
OBS-00009182,PT-001613,ENC-0004604,8462-4,Diastolic blood pressure,72.5,mmHg,2025-05-08
OBS-00009183,PT-001613,ENC-0004605,2339-0,Glucose,151.9,mg/dL,2026-04-06
OBS-00009184,PT-001613,ENC-0004606,718-7,Hemoglobin,12.9,g/dL,2025-05-07
OBS-00009185,PT-001614,ENC-0004607,4548-4,Hemoglobin A1c,8.9,%,2025-01-28
OBS-00009186,PT-001614,ENC-0004607,8462-4,Diastolic blood pressure,58.4,mmHg,2025-01-28
OBS-00009187,PT-001614,ENC-0004607,2339-0,Glucose,234.3,mg/dL,2025-01-28
OBS-00009188,PT-001615,ENC-0004608,4548-4,Hemoglobin A1c,6.8,%,2026-04-21
OBS-00009189,PT-001615,ENC-0004608,8480-6,Systolic blood pressure,144.2,mmHg,2026-04-21
OBS-00009190,PT-001615,ENC-0004609,8462-4,Diastolic blood pressure,76.7,mmHg,2025-11-19
OBS-00009191,PT-001615,ENC-0004609,8462-4,Diastolic blood pressure,95.4,mmHg,2025-11-19
OBS-00009192,PT-001615,ENC-0004610,8462-4,Diastolic blood pressure,77.3,mmHg,2026-07-15
OBS-00009193,PT-001615,ENC-0004610,2339-0,Glucose,113.4,mg/dL,2026-07-15
OBS-00009194,PT-001615,ENC-0004610,8480-6,Systolic blood pressure,106.1,mmHg,2026-07-15
OBS-00009195,PT-001616,ENC-0004611,8480-6,Systolic blood pressure,123.7,mmHg,2026-09-03
OBS-00009196,PT-001616,ENC-0004611,8480-6,Systolic blood pressure,113.9,mmHg,2026-09-03
OBS-00009197,PT-001616,ENC-0004611,2160-0,Creatinine,3.0,mg/dL,2026-09-03
OBS-00009198,PT-001617,ENC-0004612,8462-4,Diastolic blood pressure,70.6,mmHg,2025-02-06
OBS-00009199,PT-001617,ENC-0004612,8480-6,Systolic blood pressure,166.6,mmHg,2025-02-06
OBS-00009200,PT-001617,ENC-0004613,718-7,Hemoglobin,15.3,g/dL,2026-03-18
OBS-00009201,PT-001617,ENC-0004614,2339-0,Glucose,104.5,mg/dL,2025-01-17
OBS-00009202,PT-001617,ENC-0004614,2160-0,Creatinine,3.8,mg/dL,2025-01-17
OBS-00009203,PT-001617,ENC-0004614,2160-0,Creatinine,2.8,mg/dL,2025-01-17
OBS-00009204,PT-001617,ENC-0004615,4548-4,Hemoglobin A1c,9.5,%,2025-05-07
OBS-00009205,PT-001618,ENC-0004616,2160-0,Creatinine,2.9,mg/dL,2026-06-01
OBS-00009206,PT-001618,ENC-0004616,718-7,Hemoglobin,14.7,g/dL,2026-06-01
OBS-00009207,PT-001618,ENC-0004617,8480-6,Systolic blood pressure,178.5,mmHg,2025-09-17
OBS-00009208,PT-001618,ENC-0004617,8462-4,Diastolic blood pressure,76.1,mmHg,2025-09-17
OBS-00009209,PT-001618,ENC-0004618,4548-4,Hemoglobin A1c,6.8,%,2024-12-14
OBS-00009210,PT-001618,ENC-0004618,8462-4,Diastolic blood pressure,97.8,mmHg,2024-12-14
OBS-00009211,PT-001618,ENC-0004618,8480-6,Systolic blood pressure,120.3,mmHg,2024-12-14
OBS-00009212,PT-001618,ENC-0004619,8480-6,Systolic blood pressure,135.6,mmHg,2024-10-24
OBS-00009213,PT-001618,ENC-0004619,2160-0,Creatinine,1.9,mg/dL,2024-10-24
OBS-00009214,PT-001618,ENC-0004619,718-7,Hemoglobin,8.1,g/dL,2024-10-24
OBS-00009215,PT-001618,ENC-0004620,4548-4,Hemoglobin A1c,5.9,%,2025-02-07
OBS-00009216,PT-001619,ENC-0004621,8462-4,Diastolic blood pressure,95.7,mmHg,2025-06-18
OBS-00009217,PT-001619,ENC-0004621,8462-4,Diastolic blood pressure,62.0,mmHg,2025-06-18
OBS-00009218,PT-001619,ENC-0004621,8462-4,Diastolic blood pressure,68.3,mmHg,2025-06-18
OBS-00009219,PT-001619,ENC-0004622,2339-0,Glucose,201.9,mg/dL,2025-02-01
OBS-00009220,PT-001619,ENC-0004622,8480-6,Systolic blood pressure,119.2,mmHg,2025-02-01
OBS-00009221,PT-001619,ENC-0004623,2339-0,Glucose,272.4,mg/dL,2026-08-06
OBS-00009222,PT-001619,ENC-0004623,2339-0,Glucose,201.2,mg/dL,2026-08-06
OBS-00009223,PT-001619,ENC-0004624,8480-6,Systolic blood pressure,139.3,mmHg,2026-01-28
OBS-00009224,PT-001620,ENC-0004625,2160-0,Creatinine,0.7,mg/dL,2025-11-26
OBS-00009225,PT-001620,ENC-0004625,2339-0,Glucose,115.6,mg/dL,2025-11-26
OBS-00009226,PT-001620,ENC-0004626,2160-0,Creatinine,1.2,mg/dL,2026-09-05
OBS-00009227,PT-001620,ENC-0004626,4548-4,Hemoglobin A1c,7.5,%,2026-09-05
OBS-00009228,PT-001620,ENC-0004627,2339-0,Glucose,267.8,mg/dL,2025-04-27
OBS-00009229,PT-001620,ENC-0004628,8480-6,Systolic blood pressure,161.9,mmHg,2026-07-18
OBS-00009230,PT-001620,ENC-0004628,718-7,Hemoglobin,10.3,g/dL,2026-07-18
OBS-00009231,PT-001620,ENC-0004628,2160-0,Creatinine,2.6,mg/dL,2026-07-18
OBS-00009232,PT-001621,ENC-0004629,8480-6,Systolic blood pressure,135.2,mmHg,2025-09-14
OBS-00009233,PT-001621,ENC-0004629,2160-0,Creatinine,3.6,mg/dL,2025-09-14
OBS-00009234,PT-001621,ENC-0004629,2160-0,Creatinine,0.8,mg/dL,2025-09-14
OBS-00009235,PT-001622,ENC-0004630,8480-6,Systolic blood pressure,130.1,mmHg,2026-07-05
OBS-00009236,PT-001622,ENC-0004630,4548-4,Hemoglobin A1c,5.3,%,2026-07-05
OBS-00009237,PT-001622,ENC-0004630,8462-4,Diastolic blood pressure,85.1,mmHg,2026-07-05
OBS-00009238,PT-001623,ENC-0004631,2339-0,Glucose,92.8,mg/dL,2026-09-01
OBS-00009239,PT-001623,ENC-0004631,4548-4,Hemoglobin A1c,5.6,%,2026-09-01
OBS-00009240,PT-001623,ENC-0004632,2339-0,Glucose,169.6,mg/dL,2025-08-17
OBS-00009241,PT-001623,ENC-0004632,718-7,Hemoglobin,15.6,g/dL,2025-08-17
OBS-00009242,PT-001624,ENC-0004633,4548-4,Hemoglobin A1c,6.7,%,2026-02-22
OBS-00009243,PT-001624,ENC-0004633,2160-0,Creatinine,4.0,mg/dL,2026-02-22
OBS-00009244,PT-001624,ENC-0004634,2160-0,Creatinine,1.4,mg/dL,2024-11-07
OBS-00009245,PT-001624,ENC-0004634,2339-0,Glucose,292.1,mg/dL,2024-11-07
OBS-00009246,PT-001624,ENC-0004634,8480-6,Systolic blood pressure,168.9,mmHg,2024-11-07
OBS-00009247,PT-001624,ENC-0004635,2339-0,Glucose,139.9,mg/dL,2024-11-17
OBS-00009248,PT-001624,ENC-0004635,8480-6,Systolic blood pressure,164.7,mmHg,2024-11-17
OBS-00009249,PT-001624,ENC-0004636,718-7,Hemoglobin,16.5,g/dL,2025-12-04
OBS-00009250,PT-001624,ENC-0004636,8480-6,Systolic blood pressure,163.0,mmHg,2025-12-04
OBS-00009251,PT-001625,ENC-0004637,2339-0,Glucose,104.6,mg/dL,2026-01-10
OBS-00009252,PT-001625,ENC-0004637,718-7,Hemoglobin,16.2,g/dL,2026-01-10
OBS-00009253,PT-001625,ENC-0004637,2339-0,Glucose,233.3,mg/dL,2026-01-10
OBS-00009254,PT-001625,ENC-0004638,2160-0,Creatinine,1.2,mg/dL,2024-10-04
OBS-00009255,PT-001625,ENC-0004638,718-7,Hemoglobin,9.4,g/dL,2024-10-04
OBS-00009256,PT-001625,ENC-0004639,2160-0,Creatinine,1.8,mg/dL,2025-03-30
OBS-00009257,PT-001625,ENC-0004639,4548-4,Hemoglobin A1c,5.5,%,2025-03-30
OBS-00009258,PT-001625,ENC-0004639,8462-4,Diastolic blood pressure,69.9,mmHg,2025-03-30
OBS-00009259,PT-001625,ENC-0004640,2339-0,Glucose,233.7,mg/dL,2026-02-15
OBS-00009260,PT-001625,ENC-0004640,8480-6,Systolic blood pressure,98.0,mmHg,2026-02-15
OBS-00009261,PT-001625,ENC-0004641,4548-4,Hemoglobin A1c,11.4,%,2025-07-31
OBS-00009262,PT-001625,ENC-0004641,2160-0,Creatinine,2.1,mg/dL,2025-07-31
OBS-00009263,PT-001625,ENC-0004641,2339-0,Glucose,163.2,mg/dL,2025-07-31
OBS-00009264,PT-001625,ENC-0004642,2339-0,Glucose,116.3,mg/dL,2026-02-25
OBS-00009265,PT-001625,ENC-0004642,8462-4,Diastolic blood pressure,69.8,mmHg,2026-02-25
OBS-00009266,PT-001625,ENC-0004642,8480-6,Systolic blood pressure,146.8,mmHg,2026-02-25
OBS-00009267,PT-001626,ENC-0004643,4548-4,Hemoglobin A1c,5.1,%,2024-12-20
OBS-00009268,PT-001626,ENC-0004643,2339-0,Glucose,168.7,mg/dL,2024-12-20
OBS-00009269,PT-001626,ENC-0004643,718-7,Hemoglobin,8.9,g/dL,2024-12-20
OBS-00009270,PT-001626,ENC-0004644,8462-4,Diastolic blood pressure,107.4,mmHg,2026-06-12
OBS-00009271,PT-001627,ENC-0004645,2339-0,Glucose,117.5,mg/dL,2026-02-20
OBS-00009272,PT-001627,ENC-0004645,718-7,Hemoglobin,8.3,g/dL,2026-02-20
OBS-00009273,PT-001627,ENC-0004646,8480-6,Systolic blood pressure,178.6,mmHg,2026-08-18
OBS-00009274,PT-001627,ENC-0004646,8480-6,Systolic blood pressure,144.6,mmHg,2026-08-18
OBS-00009275,PT-001627,ENC-0004646,8462-4,Diastolic blood pressure,105.0,mmHg,2026-08-18
OBS-00009276,PT-001627,ENC-0004647,2339-0,Glucose,268.8,mg/dL,2026-05-14
OBS-00009277,PT-001628,ENC-0004648,8480-6,Systolic blood pressure,152.8,mmHg,2026-08-23
OBS-00009278,PT-001628,ENC-0004648,2160-0,Creatinine,3.1,mg/dL,2026-08-23
OBS-00009279,PT-001628,ENC-0004648,718-7,Hemoglobin,11.4,g/dL,2026-08-23
OBS-00009280,PT-001628,ENC-0004649,8480-6,Systolic blood pressure,133.4,mmHg,2025-01-28
OBS-00009281,PT-001628,ENC-0004649,8462-4,Diastolic blood pressure,103.4,mmHg,2025-01-28
OBS-00009282,PT-001628,ENC-0004650,8480-6,Systolic blood pressure,129.5,mmHg,2026-07-23
OBS-00009283,PT-001628,ENC-0004650,8480-6,Systolic blood pressure,110.8,mmHg,2026-07-23
OBS-00009284,PT-001628,ENC-0004650,4548-4,Hemoglobin A1c,5.1,%,2026-07-23
OBS-00009285,PT-001628,ENC-0004651,8462-4,Diastolic blood pressure,98.7,mmHg,2026-09-12
OBS-00009286,PT-001628,ENC-0004651,2160-0,Creatinine,4.4,mg/dL,2026-09-12
OBS-00009287,PT-001628,ENC-0004651,8480-6,Systolic blood pressure,116.4,mmHg,2026-09-12
OBS-00009288,PT-001629,ENC-0004652,2339-0,Glucose,70.9,mg/dL,2026-05-07
OBS-00009289,PT-001630,ENC-0004653,8462-4,Diastolic blood pressure,109.3,mmHg,2025-04-14
OBS-00009290,PT-001630,ENC-0004654,2339-0,Glucose,171.6,mg/dL,2025-08-17
OBS-00009291,PT-001630,ENC-0004654,8462-4,Diastolic blood pressure,58.8,mmHg,2025-08-17
OBS-00009292,PT-001630,ENC-0004655,8480-6,Systolic blood pressure,138.4,mmHg,2025-01-07
OBS-00009293,PT-001630,ENC-0004655,4548-4,Hemoglobin A1c,8.0,%,2025-01-07
OBS-00009294,PT-001630,ENC-0004655,2160-0,Creatinine,1.2,mg/dL,2025-01-07
OBS-00009295,PT-001630,ENC-0004656,2339-0,Glucose,91.5,mg/dL,2025-10-30
OBS-00009296,PT-001630,ENC-0004656,2339-0,Glucose,199.0,mg/dL,2025-10-30
OBS-00009297,PT-001630,ENC-0004656,2339-0,Glucose,270.1,mg/dL,2025-10-30
OBS-00009298,PT-001630,ENC-0004657,4548-4,Hemoglobin A1c,12.4,%,2024-12-11
OBS-00009299,PT-001630,ENC-0004657,2339-0,Glucose,77.6,mg/dL,2024-12-11
OBS-00009300,PT-001630,ENC-0004657,718-7,Hemoglobin,13.8,g/dL,2024-12-11
OBS-00009301,PT-001631,ENC-0004658,8480-6,Systolic blood pressure,137.8,mmHg,2026-04-20
OBS-00009302,PT-001632,ENC-0004659,2339-0,Glucose,307.9,mg/dL,2025-05-06
OBS-00009303,PT-001632,ENC-0004659,8480-6,Systolic blood pressure,141.5,mmHg,2025-05-06
OBS-00009304,PT-001632,ENC-0004659,2339-0,Glucose,220.1,mg/dL,2025-05-06
OBS-00009305,PT-001632,ENC-0004660,2160-0,Creatinine,2.9,mg/dL,2025-06-25
OBS-00009306,PT-001632,ENC-0004660,8462-4,Diastolic blood pressure,59.0,mmHg,2025-06-25
OBS-00009307,PT-001632,ENC-0004660,8462-4,Diastolic blood pressure,74.5,mmHg,2025-06-25
OBS-00009308,PT-001632,ENC-0004661,2339-0,Glucose,278.1,mg/dL,2026-05-07
OBS-00009309,PT-001632,ENC-0004661,2339-0,Glucose,127.7,mg/dL,2026-05-07
OBS-00009310,PT-001632,ENC-0004662,718-7,Hemoglobin,15.4,g/dL,2026-03-28
OBS-00009311,PT-001632,ENC-0004662,4548-4,Hemoglobin A1c,12.3,%,2026-03-28
OBS-00009312,PT-001633,ENC-0004663,8480-6,Systolic blood pressure,168.4,mmHg,2024-09-19
OBS-00009313,PT-001633,ENC-0004663,2160-0,Creatinine,2.9,mg/dL,2024-09-19
OBS-00009314,PT-001633,ENC-0004663,2339-0,Glucose,306.3,mg/dL,2024-09-19
OBS-00009315,PT-001634,ENC-0004664,8480-6,Systolic blood pressure,107.6,mmHg,2025-09-06
OBS-00009316,PT-001634,ENC-0004664,2339-0,Glucose,295.8,mg/dL,2025-09-06
OBS-00009317,PT-001634,ENC-0004664,4548-4,Hemoglobin A1c,8.3,%,2025-09-06
OBS-00009318,PT-001634,ENC-0004665,718-7,Hemoglobin,8.9,g/dL,2026-03-03
OBS-00009319,PT-001634,ENC-0004666,2339-0,Glucose,75.8,mg/dL,2025-10-13
OBS-00009320,PT-001634,ENC-0004666,2339-0,Glucose,311.4,mg/dL,2025-10-13
OBS-00009321,PT-001634,ENC-0004666,2160-0,Creatinine,2.8,mg/dL,2025-10-13
OBS-00009322,PT-001634,ENC-0004667,8462-4,Diastolic blood pressure,59.9,mmHg,2026-08-01
OBS-00009323,PT-001634,ENC-0004667,8480-6,Systolic blood pressure,110.1,mmHg,2026-08-01
OBS-00009324,PT-001634,ENC-0004668,2160-0,Creatinine,1.6,mg/dL,2026-04-29
OBS-00009325,PT-001634,ENC-0004668,4548-4,Hemoglobin A1c,8.1,%,2026-04-29
OBS-00009326,PT-001635,ENC-0004669,718-7,Hemoglobin,9.2,g/dL,2026-04-08
OBS-00009327,PT-001635,ENC-0004669,2160-0,Creatinine,3.8,mg/dL,2026-04-08
OBS-00009328,PT-001635,ENC-0004670,718-7,Hemoglobin,11.4,g/dL,2025-12-10
OBS-00009329,PT-001635,ENC-0004670,718-7,Hemoglobin,8.3,g/dL,2025-12-10
OBS-00009330,PT-001635,ENC-0004671,2160-0,Creatinine,1.0,mg/dL,2026-05-08
OBS-00009331,PT-001635,ENC-0004671,718-7,Hemoglobin,8.1,g/dL,2026-05-08
OBS-00009332,PT-001635,ENC-0004671,2160-0,Creatinine,3.7,mg/dL,2026-05-08
OBS-00009333,PT-001635,ENC-0004672,8462-4,Diastolic blood pressure,58.7,mmHg,2026-05-07
OBS-00009334,PT-001635,ENC-0004672,2339-0,Glucose,169.9,mg/dL,2026-05-07
OBS-00009335,PT-001635,ENC-0004673,2160-0,Creatinine,3.0,mg/dL,2026-03-19
OBS-00009336,PT-001635,ENC-0004674,2160-0,Creatinine,3.9,mg/dL,2026-06-04
OBS-00009337,PT-001635,ENC-0004674,2339-0,Glucose,75.0,mg/dL,2026-06-04
OBS-00009338,PT-001635,ENC-0004675,2160-0,Creatinine,4.4,mg/dL,2025-02-11
OBS-00009339,PT-001635,ENC-0004675,718-7,Hemoglobin,9.2,g/dL,2025-02-11
OBS-00009340,PT-001635,ENC-0004675,2339-0,Glucose,150.8,mg/dL,2025-02-11
OBS-00009341,PT-001635,ENC-0004676,8480-6,Systolic blood pressure,98.6,mmHg,2026-06-16
OBS-00009342,PT-001635,ENC-0004676,718-7,Hemoglobin,13.5,g/dL,2026-06-16
OBS-00009343,PT-001636,ENC-0004677,4548-4,Hemoglobin A1c,11.3,%,2025-05-08
OBS-00009344,PT-001637,ENC-0004678,2160-0,Creatinine,2.3,mg/dL,2024-12-03
OBS-00009345,PT-001637,ENC-0004678,2339-0,Glucose,281.3,mg/dL,2024-12-03
OBS-00009346,PT-001637,ENC-0004679,2160-0,Creatinine,2.8,mg/dL,2026-04-13
OBS-00009347,PT-001637,ENC-0004679,8480-6,Systolic blood pressure,104.1,mmHg,2026-04-13
OBS-00009348,PT-001637,ENC-0004680,4548-4,Hemoglobin A1c,8.2,%,2025-01-23
OBS-00009349,PT-001637,ENC-0004680,2339-0,Glucose,238.6,mg/dL,2025-01-23
OBS-00009350,PT-001637,ENC-0004680,2339-0,Glucose,182.3,mg/dL,2025-01-23
OBS-00009351,PT-001637,ENC-0004681,8462-4,Diastolic blood pressure,65.3,mmHg,2026-02-09
OBS-00009352,PT-001637,ENC-0004681,8462-4,Diastolic blood pressure,69.1,mmHg,2026-02-09
OBS-00009353,PT-001638,ENC-0004682,8480-6,Systolic blood pressure,102.6,mmHg,2025-08-28
OBS-00009354,PT-001638,ENC-0004683,8480-6,Systolic blood pressure,174.3,mmHg,2026-08-11
OBS-00009355,PT-001638,ENC-0004683,718-7,Hemoglobin,8.3,g/dL,2026-08-11
OBS-00009356,PT-001638,ENC-0004683,8480-6,Systolic blood pressure,110.6,mmHg,2026-08-11
OBS-00009357,PT-001638,ENC-0004684,4548-4,Hemoglobin A1c,8.1,%,2024-11-23
OBS-00009358,PT-001638,ENC-0004684,2339-0,Glucose,283.0,mg/dL,2024-11-23
OBS-00009359,PT-001638,ENC-0004685,2160-0,Creatinine,2.0,mg/dL,2026-03-12
OBS-00009360,PT-001638,ENC-0004685,4548-4,Hemoglobin A1c,9.3,%,2026-03-12
OBS-00009361,PT-001639,ENC-0004686,2160-0,Creatinine,1.6,mg/dL,2025-07-21
OBS-00009362,PT-001639,ENC-0004686,8480-6,Systolic blood pressure,113.1,mmHg,2025-07-21
OBS-00009363,PT-001639,ENC-0004686,2160-0,Creatinine,0.7,mg/dL,2025-07-21
OBS-00009364,PT-001639,ENC-0004687,4548-4,Hemoglobin A1c,8.0,%,2026-06-04
OBS-00009365,PT-001639,ENC-0004687,718-7,Hemoglobin,8.7,g/dL,2026-06-04
OBS-00009366,PT-001639,ENC-0004687,718-7,Hemoglobin,9.1,g/dL,2026-06-04
OBS-00009367,PT-001639,ENC-0004688,4548-4,Hemoglobin A1c,5.9,%,2025-02-18
OBS-00009368,PT-001639,ENC-0004688,718-7,Hemoglobin,10.6,g/dL,2025-02-18
OBS-00009369,PT-001639,ENC-0004689,8462-4,Diastolic blood pressure,94.3,mmHg,2024-11-02
OBS-00009370,PT-001639,ENC-0004690,2339-0,Glucose,90.9,mg/dL,2025-12-09
OBS-00009371,PT-001639,ENC-0004690,4548-4,Hemoglobin A1c,9.3,%,2025-12-09
OBS-00009372,PT-001639,ENC-0004691,2160-0,Creatinine,3.4,mg/dL,2025-07-01
OBS-00009373,PT-001640,ENC-0004692,718-7,Hemoglobin,16.4,g/dL,2026-09-01
OBS-00009374,PT-001640,ENC-0004692,8480-6,Systolic blood pressure,157.8,mmHg,2026-09-01
OBS-00009375,PT-001640,ENC-0004692,8480-6,Systolic blood pressure,99.0,mmHg,2026-09-01
OBS-00009376,PT-001640,ENC-0004693,8480-6,Systolic blood pressure,139.5,mmHg,2026-04-06
OBS-00009377,PT-001640,ENC-0004693,2160-0,Creatinine,1.3,mg/dL,2026-04-06
OBS-00009378,PT-001640,ENC-0004694,2339-0,Glucose,160.2,mg/dL,2026-09-14
OBS-00009379,PT-001641,ENC-0004695,2339-0,Glucose,285.6,mg/dL,2025-10-12
OBS-00009380,PT-001641,ENC-0004695,8462-4,Diastolic blood pressure,74.8,mmHg,2025-10-12
OBS-00009381,PT-001641,ENC-0004695,8480-6,Systolic blood pressure,101.0,mmHg,2025-10-12
OBS-00009382,PT-001641,ENC-0004696,4548-4,Hemoglobin A1c,12.4,%,2024-11-13
OBS-00009383,PT-001641,ENC-0004696,4548-4,Hemoglobin A1c,6.8,%,2024-11-13
OBS-00009384,PT-001641,ENC-0004696,4548-4,Hemoglobin A1c,9.7,%,2024-11-13
OBS-00009385,PT-001641,ENC-0004697,2339-0,Glucose,232.2,mg/dL,2026-01-05
OBS-00009386,PT-001641,ENC-0004698,8462-4,Diastolic blood pressure,69.1,mmHg,2025-04-13
OBS-00009387,PT-001641,ENC-0004699,718-7,Hemoglobin,8.3,g/dL,2025-11-06
OBS-00009388,PT-001641,ENC-0004699,718-7,Hemoglobin,8.0,g/dL,2025-11-06
OBS-00009389,PT-001641,ENC-0004699,2339-0,Glucose,293.2,mg/dL,2025-11-06
OBS-00009390,PT-001641,ENC-0004700,8480-6,Systolic blood pressure,153.8,mmHg,2025-06-08
OBS-00009391,PT-001642,ENC-0004701,2339-0,Glucose,236.8,mg/dL,2025-01-05
OBS-00009392,PT-001642,ENC-0004702,718-7,Hemoglobin,13.2,g/dL,2026-07-08
OBS-00009393,PT-001642,ENC-0004702,8462-4,Diastolic blood pressure,59.1,mmHg,2026-07-08
OBS-00009394,PT-001642,ENC-0004702,2160-0,Creatinine,1.5,mg/dL,2026-07-08
OBS-00009395,PT-001642,ENC-0004703,2339-0,Glucose,309.8,mg/dL,2026-06-03
OBS-00009396,PT-001642,ENC-0004703,2339-0,Glucose,186.4,mg/dL,2026-06-03
OBS-00009397,PT-001642,ENC-0004704,2339-0,Glucose,231.3,mg/dL,2026-07-28
OBS-00009398,PT-001642,ENC-0004704,8462-4,Diastolic blood pressure,100.2,mmHg,2026-07-28
OBS-00009399,PT-001642,ENC-0004704,8480-6,Systolic blood pressure,166.6,mmHg,2026-07-28
OBS-00009400,PT-001642,ENC-0004705,8462-4,Diastolic blood pressure,73.4,mmHg,2026-05-01
OBS-00009401,PT-001642,ENC-0004705,4548-4,Hemoglobin A1c,5.0,%,2026-05-01
OBS-00009402,PT-001642,ENC-0004705,718-7,Hemoglobin,13.0,g/dL,2026-05-01
OBS-00009403,PT-001642,ENC-0004706,8462-4,Diastolic blood pressure,71.9,mmHg,2026-01-05
OBS-00009404,PT-001642,ENC-0004706,718-7,Hemoglobin,9.3,g/dL,2026-01-05
OBS-00009405,PT-001642,ENC-0004706,8462-4,Diastolic blood pressure,65.1,mmHg,2026-01-05
OBS-00009406,PT-001643,ENC-0004707,2339-0,Glucose,187.6,mg/dL,2025-08-29
OBS-00009407,PT-001643,ENC-0004707,2160-0,Creatinine,0.7,mg/dL,2025-08-29
OBS-00009408,PT-001643,ENC-0004707,4548-4,Hemoglobin A1c,4.9,%,2025-08-29
OBS-00009409,PT-001643,ENC-0004708,2160-0,Creatinine,2.1,mg/dL,2026-04-15
OBS-00009410,PT-001644,ENC-0004709,8480-6,Systolic blood pressure,156.8,mmHg,2025-07-13
OBS-00009411,PT-001644,ENC-0004709,8480-6,Systolic blood pressure,139.4,mmHg,2025-07-13
OBS-00009412,PT-001644,ENC-0004709,8462-4,Diastolic blood pressure,76.4,mmHg,2025-07-13
OBS-00009413,PT-001644,ENC-0004710,718-7,Hemoglobin,10.3,g/dL,2026-08-02
OBS-00009414,PT-001644,ENC-0004710,718-7,Hemoglobin,11.8,g/dL,2026-08-02
OBS-00009415,PT-001644,ENC-0004711,8480-6,Systolic blood pressure,104.5,mmHg,2025-01-24
OBS-00009416,PT-001644,ENC-0004711,4548-4,Hemoglobin A1c,12.3,%,2025-01-24
OBS-00009417,PT-001645,ENC-0004712,8462-4,Diastolic blood pressure,57.8,mmHg,2025-10-22
OBS-00009418,PT-001645,ENC-0004712,2339-0,Glucose,132.1,mg/dL,2025-10-22
OBS-00009419,PT-001645,ENC-0004712,2339-0,Glucose,280.5,mg/dL,2025-10-22
OBS-00009420,PT-001645,ENC-0004713,8462-4,Diastolic blood pressure,71.8,mmHg,2026-04-13
OBS-00009421,PT-001645,ENC-0004713,8480-6,Systolic blood pressure,168.7,mmHg,2026-04-13
OBS-00009422,PT-001645,ENC-0004714,2339-0,Glucose,135.2,mg/dL,2024-12-19
OBS-00009423,PT-001645,ENC-0004714,8462-4,Diastolic blood pressure,55.1,mmHg,2024-12-19
OBS-00009424,PT-001645,ENC-0004715,2160-0,Creatinine,2.3,mg/dL,2025-08-21
OBS-00009425,PT-001645,ENC-0004715,718-7,Hemoglobin,10.2,g/dL,2025-08-21
OBS-00009426,PT-001646,ENC-0004716,718-7,Hemoglobin,8.5,g/dL,2024-12-25
OBS-00009427,PT-001646,ENC-0004717,2339-0,Glucose,108.1,mg/dL,2024-11-01
OBS-00009428,PT-001646,ENC-0004718,8480-6,Systolic blood pressure,108.6,mmHg,2025-10-19
OBS-00009429,PT-001646,ENC-0004718,2339-0,Glucose,139.3,mg/dL,2025-10-19
OBS-00009430,PT-001646,ENC-0004718,8480-6,Systolic blood pressure,159.0,mmHg,2025-10-19
OBS-00009431,PT-001646,ENC-0004719,8462-4,Diastolic blood pressure,91.9,mmHg,2026-01-07
OBS-00009432,PT-001646,ENC-0004719,4548-4,Hemoglobin A1c,6.4,%,2026-01-07
OBS-00009433,PT-001646,ENC-0004720,8480-6,Systolic blood pressure,138.9,mmHg,2026-06-22
OBS-00009434,PT-001646,ENC-0004720,8480-6,Systolic blood pressure,137.9,mmHg,2026-06-22
OBS-00009435,PT-001646,ENC-0004720,8462-4,Diastolic blood pressure,95.5,mmHg,2026-06-22
OBS-00009436,PT-001647,ENC-0004721,2160-0,Creatinine,3.6,mg/dL,2025-11-24
OBS-00009437,PT-001647,ENC-0004721,2339-0,Glucose,247.4,mg/dL,2025-11-24
OBS-00009438,PT-001647,ENC-0004721,2339-0,Glucose,128.3,mg/dL,2025-11-24
OBS-00009439,PT-001647,ENC-0004722,8462-4,Diastolic blood pressure,101.0,mmHg,2025-12-03
OBS-00009440,PT-001647,ENC-0004723,8480-6,Systolic blood pressure,109.1,mmHg,2025-09-25
OBS-00009441,PT-001648,ENC-0004724,718-7,Hemoglobin,14.3,g/dL,2025-11-20
OBS-00009442,PT-001648,ENC-0004724,8462-4,Diastolic blood pressure,78.6,mmHg,2025-11-20
OBS-00009443,PT-001648,ENC-0004724,8462-4,Diastolic blood pressure,89.9,mmHg,2025-11-20
OBS-00009444,PT-001648,ENC-0004725,2339-0,Glucose,112.9,mg/dL,2026-01-14
OBS-00009445,PT-001648,ENC-0004725,8480-6,Systolic blood pressure,173.4,mmHg,2026-01-14
OBS-00009446,PT-001648,ENC-0004725,2339-0,Glucose,210.7,mg/dL,2026-01-14
OBS-00009447,PT-001648,ENC-0004726,2160-0,Creatinine,4.2,mg/dL,2025-03-15
OBS-00009448,PT-001648,ENC-0004726,2339-0,Glucose,89.2,mg/dL,2025-03-15
OBS-00009449,PT-001648,ENC-0004727,2160-0,Creatinine,1.9,mg/dL,2025-07-23
OBS-00009450,PT-001648,ENC-0004727,8462-4,Diastolic blood pressure,85.2,mmHg,2025-07-23
OBS-00009451,PT-001649,ENC-0004728,4548-4,Hemoglobin A1c,6.1,%,2025-06-01
OBS-00009452,PT-001649,ENC-0004729,4548-4,Hemoglobin A1c,5.0,%,2025-08-23
OBS-00009453,PT-001649,ENC-0004730,718-7,Hemoglobin,9.6,g/dL,2024-11-02
OBS-00009454,PT-001649,ENC-0004731,2160-0,Creatinine,1.8,mg/dL,2024-09-27
OBS-00009455,PT-001649,ENC-0004731,2160-0,Creatinine,2.7,mg/dL,2024-09-27
OBS-00009456,PT-001649,ENC-0004732,2160-0,Creatinine,1.6,mg/dL,2025-06-08
OBS-00009457,PT-001649,ENC-0004733,2339-0,Glucose,263.0,mg/dL,2024-11-23
OBS-00009458,PT-001649,ENC-0004734,2339-0,Glucose,300.5,mg/dL,2025-05-09
OBS-00009459,PT-001649,ENC-0004734,2160-0,Creatinine,4.2,mg/dL,2025-05-09
OBS-00009460,PT-001650,ENC-0004735,4548-4,Hemoglobin A1c,11.2,%,2024-12-09
OBS-00009461,PT-001650,ENC-0004735,4548-4,Hemoglobin A1c,7.3,%,2024-12-09
OBS-00009462,PT-001650,ENC-0004735,2339-0,Glucose,235.3,mg/dL,2024-12-09
OBS-00009463,PT-001650,ENC-0004736,8480-6,Systolic blood pressure,107.9,mmHg,2024-12-19
OBS-00009464,PT-001650,ENC-0004737,8480-6,Systolic blood pressure,124.0,mmHg,2025-04-02
OBS-00009465,PT-001650,ENC-0004737,2339-0,Glucose,248.4,mg/dL,2025-04-02
OBS-00009466,PT-001651,ENC-0004738,8462-4,Diastolic blood pressure,109.6,mmHg,2025-01-05
OBS-00009467,PT-001651,ENC-0004738,718-7,Hemoglobin,11.1,g/dL,2025-01-05
OBS-00009468,PT-001651,ENC-0004739,8462-4,Diastolic blood pressure,64.5,mmHg,2026-01-12
OBS-00009469,PT-001652,ENC-0004740,718-7,Hemoglobin,13.3,g/dL,2026-04-28
OBS-00009470,PT-001652,ENC-0004740,4548-4,Hemoglobin A1c,7.8,%,2026-04-28
OBS-00009471,PT-001652,ENC-0004740,4548-4,Hemoglobin A1c,9.3,%,2026-04-28
OBS-00009472,PT-001652,ENC-0004741,718-7,Hemoglobin,15.5,g/dL,2025-04-16
OBS-00009473,PT-001653,ENC-0004742,2160-0,Creatinine,3.5,mg/dL,2025-03-22
OBS-00009474,PT-001653,ENC-0004742,8480-6,Systolic blood pressure,169.0,mmHg,2025-03-22
OBS-00009475,PT-001654,ENC-0004743,8480-6,Systolic blood pressure,135.5,mmHg,2026-07-01
OBS-00009476,PT-001655,ENC-0004744,4548-4,Hemoglobin A1c,5.5,%,2025-08-24
OBS-00009477,PT-001655,ENC-0004745,718-7,Hemoglobin,8.7,g/dL,2026-01-10
OBS-00009478,PT-001655,ENC-0004746,2339-0,Glucose,165.4,mg/dL,2025-11-06
OBS-00009479,PT-001655,ENC-0004746,8480-6,Systolic blood pressure,146.5,mmHg,2025-11-06
OBS-00009480,PT-001655,ENC-0004746,8480-6,Systolic blood pressure,96.8,mmHg,2025-11-06
OBS-00009481,PT-001656,ENC-0004747,2339-0,Glucose,201.8,mg/dL,2026-07-13
OBS-00009482,PT-001656,ENC-0004747,2339-0,Glucose,283.4,mg/dL,2026-07-13
OBS-00009483,PT-001656,ENC-0004747,2160-0,Creatinine,3.3,mg/dL,2026-07-13
OBS-00009484,PT-001656,ENC-0004748,8480-6,Systolic blood pressure,147.2,mmHg,2025-06-03
OBS-00009485,PT-001656,ENC-0004748,8462-4,Diastolic blood pressure,86.6,mmHg,2025-06-03
OBS-00009486,PT-001656,ENC-0004748,8480-6,Systolic blood pressure,104.9,mmHg,2025-06-03
OBS-00009487,PT-001657,ENC-0004749,4548-4,Hemoglobin A1c,11.8,%,2026-01-17
OBS-00009488,PT-001657,ENC-0004749,2339-0,Glucose,183.1,mg/dL,2026-01-17
OBS-00009489,PT-001657,ENC-0004749,2339-0,Glucose,128.3,mg/dL,2026-01-17
OBS-00009490,PT-001657,ENC-0004750,2160-0,Creatinine,1.2,mg/dL,2025-07-28
OBS-00009491,PT-001657,ENC-0004750,8462-4,Diastolic blood pressure,83.9,mmHg,2025-07-28
OBS-00009492,PT-001657,ENC-0004751,2339-0,Glucose,305.4,mg/dL,2026-09-18
OBS-00009493,PT-001657,ENC-0004752,2160-0,Creatinine,3.8,mg/dL,2025-12-15
OBS-00009494,PT-001657,ENC-0004752,2160-0,Creatinine,0.9,mg/dL,2025-12-15
OBS-00009495,PT-001657,ENC-0004752,2339-0,Glucose,119.8,mg/dL,2025-12-15
OBS-00009496,PT-001658,ENC-0004753,8480-6,Systolic blood pressure,180.9,mmHg,2026-01-06
OBS-00009497,PT-001658,ENC-0004753,2339-0,Glucose,155.6,mg/dL,2026-01-06
OBS-00009498,PT-001658,ENC-0004753,2160-0,Creatinine,1.7,mg/dL,2026-01-06
OBS-00009499,PT-001659,ENC-0004754,8480-6,Systolic blood pressure,182.9,mmHg,2025-06-13
OBS-00009500,PT-001659,ENC-0004754,2339-0,Glucose,203.1,mg/dL,2025-06-13
OBS-00009501,PT-001660,ENC-0004755,2160-0,Creatinine,2.3,mg/dL,2025-05-09
OBS-00009502,PT-001660,ENC-0004755,8462-4,Diastolic blood pressure,63.5,mmHg,2025-05-09
OBS-00009503,PT-001660,ENC-0004756,2339-0,Glucose,103.9,mg/dL,2026-03-25
OBS-00009504,PT-001660,ENC-0004756,8462-4,Diastolic blood pressure,99.5,mmHg,2026-03-25
OBS-00009505,PT-001660,ENC-0004756,718-7,Hemoglobin,14.2,g/dL,2026-03-25
OBS-00009506,PT-001660,ENC-0004757,8462-4,Diastolic blood pressure,104.5,mmHg,2026-03-28
OBS-00009507,PT-001660,ENC-0004757,8480-6,Systolic blood pressure,97.4,mmHg,2026-03-28
OBS-00009508,PT-001660,ENC-0004758,8480-6,Systolic blood pressure,159.4,mmHg,2026-01-18
OBS-00009509,PT-001660,ENC-0004758,8462-4,Diastolic blood pressure,63.3,mmHg,2026-01-18
OBS-00009510,PT-001660,ENC-0004759,4548-4,Hemoglobin A1c,7.1,%,2026-09-26
OBS-00009511,PT-001660,ENC-0004759,8480-6,Systolic blood pressure,162.7,mmHg,2026-09-26
OBS-00009512,PT-001660,ENC-0004760,4548-4,Hemoglobin A1c,4.9,%,2025-02-18
OBS-00009513,PT-001660,ENC-0004760,8480-6,Systolic blood pressure,153.2,mmHg,2025-02-18
OBS-00009514,PT-001660,ENC-0004760,2339-0,Glucose,207.4,mg/dL,2025-02-18
OBS-00009515,PT-001661,ENC-0004761,8480-6,Systolic blood pressure,97.8,mmHg,2025-06-29
OBS-00009516,PT-001661,ENC-0004761,8462-4,Diastolic blood pressure,65.4,mmHg,2025-06-29
OBS-00009517,PT-001661,ENC-0004761,8480-6,Systolic blood pressure,170.2,mmHg,2025-06-29
OBS-00009518,PT-001661,ENC-0004762,4548-4,Hemoglobin A1c,5.2,%,2026-02-10
OBS-00009519,PT-001661,ENC-0004762,2339-0,Glucose,145.3,mg/dL,2026-02-10
OBS-00009520,PT-001661,ENC-0004762,2339-0,Glucose,154.8,mg/dL,2026-02-10
OBS-00009521,PT-001661,ENC-0004763,8480-6,Systolic blood pressure,121.5,mmHg,2026-08-03
OBS-00009522,PT-001662,ENC-0004764,4548-4,Hemoglobin A1c,7.8,%,2025-08-07
OBS-00009523,PT-001662,ENC-0004764,2160-0,Creatinine,1.2,mg/dL,2025-08-07
OBS-00009524,PT-001662,ENC-0004764,718-7,Hemoglobin,9.1,g/dL,2025-08-07
OBS-00009525,PT-001662,ENC-0004765,4548-4,Hemoglobin A1c,5.3,%,2026-07-07
OBS-00009526,PT-001663,ENC-0004766,718-7,Hemoglobin,9.6,g/dL,2025-12-28
OBS-00009527,PT-001663,ENC-0004767,2160-0,Creatinine,3.4,mg/dL,2025-07-25
OBS-00009528,PT-001664,ENC-0004768,718-7,Hemoglobin,10.2,g/dL,2024-11-16
OBS-00009529,PT-001664,ENC-0004768,718-7,Hemoglobin,8.1,g/dL,2024-11-16
OBS-00009530,PT-001664,ENC-0004768,8462-4,Diastolic blood pressure,67.7,mmHg,2024-11-16
OBS-00009531,PT-001664,ENC-0004769,4548-4,Hemoglobin A1c,10.8,%,2025-11-09
OBS-00009532,PT-001665,ENC-0004770,2160-0,Creatinine,4.1,mg/dL,2026-01-10
OBS-00009533,PT-001665,ENC-0004770,718-7,Hemoglobin,13.3,g/dL,2026-01-10
OBS-00009534,PT-001665,ENC-0004770,8462-4,Diastolic blood pressure,84.2,mmHg,2026-01-10
OBS-00009535,PT-001666,ENC-0004771,2160-0,Creatinine,4.2,mg/dL,2026-08-26
OBS-00009536,PT-001666,ENC-0004772,4548-4,Hemoglobin A1c,9.4,%,2025-02-16
OBS-00009537,PT-001666,ENC-0004772,4548-4,Hemoglobin A1c,7.4,%,2025-02-16
OBS-00009538,PT-001666,ENC-0004773,718-7,Hemoglobin,10.7,g/dL,2026-06-16
OBS-00009539,PT-001666,ENC-0004773,4548-4,Hemoglobin A1c,5.2,%,2026-06-16
OBS-00009540,PT-001666,ENC-0004774,2339-0,Glucose,120.1,mg/dL,2025-07-29
OBS-00009541,PT-001666,ENC-0004774,4548-4,Hemoglobin A1c,7.9,%,2025-07-29
OBS-00009542,PT-001666,ENC-0004774,2339-0,Glucose,249.8,mg/dL,2025-07-29
OBS-00009543,PT-001666,ENC-0004775,4548-4,Hemoglobin A1c,11.4,%,2026-06-21
OBS-00009544,PT-001666,ENC-0004776,718-7,Hemoglobin,9.7,g/dL,2026-03-13
OBS-00009545,PT-001666,ENC-0004776,4548-4,Hemoglobin A1c,11.6,%,2026-03-13
OBS-00009546,PT-001667,ENC-0004777,2160-0,Creatinine,1.1,mg/dL,2025-02-26
OBS-00009547,PT-001667,ENC-0004777,2160-0,Creatinine,1.2,mg/dL,2025-02-26
OBS-00009548,PT-001667,ENC-0004777,2339-0,Glucose,179.6,mg/dL,2025-02-26
OBS-00009549,PT-001667,ENC-0004778,2339-0,Glucose,228.9,mg/dL,2025-12-28
OBS-00009550,PT-001667,ENC-0004779,2339-0,Glucose,204.2,mg/dL,2026-05-12
OBS-00009551,PT-001667,ENC-0004779,2339-0,Glucose,171.2,mg/dL,2026-05-12
OBS-00009552,PT-001667,ENC-0004779,4548-4,Hemoglobin A1c,5.3,%,2026-05-12
OBS-00009553,PT-001667,ENC-0004780,4548-4,Hemoglobin A1c,11.1,%,2025-11-01
OBS-00009554,PT-001667,ENC-0004780,2160-0,Creatinine,1.4,mg/dL,2025-11-01
OBS-00009555,PT-001668,ENC-0004781,2339-0,Glucose,236.1,mg/dL,2026-02-10
OBS-00009556,PT-001668,ENC-0004781,2160-0,Creatinine,4.1,mg/dL,2026-02-10
OBS-00009557,PT-001668,ENC-0004782,4548-4,Hemoglobin A1c,9.2,%,2026-07-25
OBS-00009558,PT-001668,ENC-0004782,8480-6,Systolic blood pressure,175.9,mmHg,2026-07-25
OBS-00009559,PT-001668,ENC-0004782,8480-6,Systolic blood pressure,150.7,mmHg,2026-07-25
OBS-00009560,PT-001668,ENC-0004783,8480-6,Systolic blood pressure,140.5,mmHg,2026-01-18
OBS-00009561,PT-001668,ENC-0004784,8480-6,Systolic blood pressure,118.0,mmHg,2024-10-12
OBS-00009562,PT-001668,ENC-0004785,718-7,Hemoglobin,15.0,g/dL,2025-10-03
OBS-00009563,PT-001668,ENC-0004785,2339-0,Glucose,121.7,mg/dL,2025-10-03
OBS-00009564,PT-001669,ENC-0004786,718-7,Hemoglobin,13.1,g/dL,2025-01-23
OBS-00009565,PT-001669,ENC-0004786,718-7,Hemoglobin,9.9,g/dL,2025-01-23
OBS-00009566,PT-001669,ENC-0004787,2160-0,Creatinine,0.8,mg/dL,2025-04-20
OBS-00009567,PT-001669,ENC-0004788,8462-4,Diastolic blood pressure,91.8,mmHg,2026-09-12
OBS-00009568,PT-001669,ENC-0004788,718-7,Hemoglobin,9.0,g/dL,2026-09-12
OBS-00009569,PT-001669,ENC-0004789,8480-6,Systolic blood pressure,129.4,mmHg,2026-02-01
OBS-00009570,PT-001669,ENC-0004789,2160-0,Creatinine,2.2,mg/dL,2026-02-01
OBS-00009571,PT-001669,ENC-0004789,8462-4,Diastolic blood pressure,92.0,mmHg,2026-02-01
OBS-00009572,PT-001670,ENC-0004790,8480-6,Systolic blood pressure,99.2,mmHg,2026-04-21
OBS-00009573,PT-001670,ENC-0004790,2339-0,Glucose,247.8,mg/dL,2026-04-21
OBS-00009574,PT-001671,ENC-0004791,4548-4,Hemoglobin A1c,8.7,%,2026-07-11
OBS-00009575,PT-001671,ENC-0004791,4548-4,Hemoglobin A1c,6.2,%,2026-07-11
OBS-00009576,PT-001672,ENC-0004792,2339-0,Glucose,312.9,mg/dL,2025-12-09
OBS-00009577,PT-001672,ENC-0004792,2160-0,Creatinine,2.0,mg/dL,2025-12-09
OBS-00009578,PT-001672,ENC-0004792,8462-4,Diastolic blood pressure,91.6,mmHg,2025-12-09
OBS-00009579,PT-001672,ENC-0004793,718-7,Hemoglobin,12.0,g/dL,2026-06-30
OBS-00009580,PT-001672,ENC-0004794,4548-4,Hemoglobin A1c,12.4,%,2025-06-06
OBS-00009581,PT-001672,ENC-0004795,2160-0,Creatinine,3.4,mg/dL,2025-12-18
OBS-00009582,PT-001672,ENC-0004795,718-7,Hemoglobin,14.2,g/dL,2025-12-18
OBS-00009583,PT-001672,ENC-0004795,8480-6,Systolic blood pressure,127.3,mmHg,2025-12-18
OBS-00009584,PT-001672,ENC-0004796,8480-6,Systolic blood pressure,108.6,mmHg,2025-12-25
OBS-00009585,PT-001672,ENC-0004796,718-7,Hemoglobin,15.4,g/dL,2025-12-25
OBS-00009586,PT-001673,ENC-0004797,8480-6,Systolic blood pressure,128.4,mmHg,2024-10-27
OBS-00009587,PT-001673,ENC-0004798,718-7,Hemoglobin,13.4,g/dL,2025-07-31
OBS-00009588,PT-001673,ENC-0004798,4548-4,Hemoglobin A1c,11.8,%,2025-07-31
OBS-00009589,PT-001674,ENC-0004799,8462-4,Diastolic blood pressure,55.9,mmHg,2026-03-20
OBS-00009590,PT-001674,ENC-0004799,8480-6,Systolic blood pressure,116.8,mmHg,2026-03-20
OBS-00009591,PT-001674,ENC-0004799,4548-4,Hemoglobin A1c,6.4,%,2026-03-20
OBS-00009592,PT-001675,ENC-0004800,2160-0,Creatinine,1.7,mg/dL,2025-10-13
OBS-00009593,PT-001675,ENC-0004800,4548-4,Hemoglobin A1c,9.5,%,2025-10-13
OBS-00009594,PT-001675,ENC-0004801,718-7,Hemoglobin,12.8,g/dL,2025-03-11
OBS-00009595,PT-001675,ENC-0004801,8462-4,Diastolic blood pressure,92.6,mmHg,2025-03-11
OBS-00009596,PT-001675,ENC-0004801,4548-4,Hemoglobin A1c,9.7,%,2025-03-11
OBS-00009597,PT-001676,ENC-0004802,4548-4,Hemoglobin A1c,11.2,%,2026-07-28
OBS-00009598,PT-001676,ENC-0004802,718-7,Hemoglobin,9.6,g/dL,2026-07-28
OBS-00009599,PT-001676,ENC-0004802,718-7,Hemoglobin,10.2,g/dL,2026-07-28
OBS-00009600,PT-001677,ENC-0004803,2339-0,Glucose,86.1,mg/dL,2025-07-24
OBS-00009601,PT-001677,ENC-0004803,8462-4,Diastolic blood pressure,57.2,mmHg,2025-07-24
OBS-00009602,PT-001677,ENC-0004804,2339-0,Glucose,278.3,mg/dL,2025-09-21
OBS-00009603,PT-001677,ENC-0004804,8462-4,Diastolic blood pressure,60.8,mmHg,2025-09-21
OBS-00009604,PT-001677,ENC-0004804,2339-0,Glucose,133.2,mg/dL,2025-09-21
OBS-00009605,PT-001678,ENC-0004805,2160-0,Creatinine,1.4,mg/dL,2024-11-11
OBS-00009606,PT-001678,ENC-0004805,4548-4,Hemoglobin A1c,6.3,%,2024-11-11
OBS-00009607,PT-001679,ENC-0004806,8462-4,Diastolic blood pressure,98.0,mmHg,2025-09-11
OBS-00009608,PT-001679,ENC-0004807,2160-0,Creatinine,4.3,mg/dL,2026-08-22
OBS-00009609,PT-001679,ENC-0004808,2160-0,Creatinine,0.9,mg/dL,2025-05-07
OBS-00009610,PT-001679,ENC-0004809,8462-4,Diastolic blood pressure,83.7,mmHg,2025-08-09
OBS-00009611,PT-001679,ENC-0004809,4548-4,Hemoglobin A1c,11.7,%,2025-08-09
OBS-00009612,PT-001679,ENC-0004810,2339-0,Glucose,102.7,mg/dL,2024-11-08
OBS-00009613,PT-001680,ENC-0004811,2160-0,Creatinine,0.9,mg/dL,2025-09-19
OBS-00009614,PT-001680,ENC-0004811,718-7,Hemoglobin,11.4,g/dL,2025-09-19
OBS-00009615,PT-001680,ENC-0004812,8480-6,Systolic blood pressure,111.6,mmHg,2025-08-31
OBS-00009616,PT-001681,ENC-0004813,4548-4,Hemoglobin A1c,11.0,%,2025-02-06
OBS-00009617,PT-001681,ENC-0004813,718-7,Hemoglobin,12.4,g/dL,2025-02-06
OBS-00009618,PT-001681,ENC-0004814,2339-0,Glucose,90.7,mg/dL,2026-02-05
OBS-00009619,PT-001681,ENC-0004814,2160-0,Creatinine,1.1,mg/dL,2026-02-05
OBS-00009620,PT-001681,ENC-0004815,4548-4,Hemoglobin A1c,10.1,%,2025-05-15
OBS-00009621,PT-001681,ENC-0004815,2160-0,Creatinine,3.5,mg/dL,2025-05-15
OBS-00009622,PT-001682,ENC-0004816,8480-6,Systolic blood pressure,107.4,mmHg,2025-12-05
OBS-00009623,PT-001682,ENC-0004817,8480-6,Systolic blood pressure,124.8,mmHg,2026-05-24
OBS-00009624,PT-001682,ENC-0004817,2160-0,Creatinine,1.0,mg/dL,2026-05-24
OBS-00009625,PT-001682,ENC-0004817,2339-0,Glucose,185.5,mg/dL,2026-05-24
OBS-00009626,PT-001682,ENC-0004818,8480-6,Systolic blood pressure,116.1,mmHg,2025-06-18
OBS-00009627,PT-001683,ENC-0004819,8462-4,Diastolic blood pressure,68.9,mmHg,2025-11-13
OBS-00009628,PT-001683,ENC-0004820,718-7,Hemoglobin,16.4,g/dL,2025-05-18
OBS-00009629,PT-001683,ENC-0004820,2160-0,Creatinine,0.8,mg/dL,2025-05-18
OBS-00009630,PT-001683,ENC-0004821,8462-4,Diastolic blood pressure,61.4,mmHg,2026-05-22
OBS-00009631,PT-001683,ENC-0004821,2160-0,Creatinine,4.1,mg/dL,2026-05-22
OBS-00009632,PT-001683,ENC-0004821,718-7,Hemoglobin,8.8,g/dL,2026-05-22
OBS-00009633,PT-001683,ENC-0004822,718-7,Hemoglobin,16.9,g/dL,2025-04-26
OBS-00009634,PT-001683,ENC-0004822,2160-0,Creatinine,1.3,mg/dL,2025-04-26
OBS-00009635,PT-001683,ENC-0004823,2160-0,Creatinine,2.9,mg/dL,2026-05-14
OBS-00009636,PT-001684,ENC-0004824,4548-4,Hemoglobin A1c,7.6,%,2025-11-20
OBS-00009637,PT-001685,ENC-0004825,2339-0,Glucose,318.1,mg/dL,2025-11-05
OBS-00009638,PT-001685,ENC-0004825,8480-6,Systolic blood pressure,168.8,mmHg,2025-11-05
OBS-00009639,PT-001685,ENC-0004825,8480-6,Systolic blood pressure,128.2,mmHg,2025-11-05
OBS-00009640,PT-001685,ENC-0004826,2160-0,Creatinine,1.3,mg/dL,2025-08-30
OBS-00009641,PT-001685,ENC-0004826,718-7,Hemoglobin,15.8,g/dL,2025-08-30
OBS-00009642,PT-001685,ENC-0004826,718-7,Hemoglobin,10.8,g/dL,2025-08-30
OBS-00009643,PT-001686,ENC-0004827,8462-4,Diastolic blood pressure,97.9,mmHg,2025-09-25
OBS-00009644,PT-001686,ENC-0004827,4548-4,Hemoglobin A1c,5.5,%,2025-09-25
OBS-00009645,PT-001686,ENC-0004828,2160-0,Creatinine,3.2,mg/dL,2025-01-14
OBS-00009646,PT-001686,ENC-0004829,8480-6,Systolic blood pressure,99.5,mmHg,2026-01-06
OBS-00009647,PT-001687,ENC-0004830,718-7,Hemoglobin,13.7,g/dL,2026-04-27
OBS-00009648,PT-001687,ENC-0004831,4548-4,Hemoglobin A1c,6.1,%,2024-10-05
OBS-00009649,PT-001687,ENC-0004832,2160-0,Creatinine,2.3,mg/dL,2025-05-26
OBS-00009650,PT-001687,ENC-0004832,2160-0,Creatinine,3.8,mg/dL,2025-05-26
OBS-00009651,PT-001687,ENC-0004833,8462-4,Diastolic blood pressure,109.6,mmHg,2026-02-16
OBS-00009652,PT-001687,ENC-0004833,718-7,Hemoglobin,13.9,g/dL,2026-02-16
OBS-00009653,PT-001687,ENC-0004833,8462-4,Diastolic blood pressure,83.7,mmHg,2026-02-16
OBS-00009654,PT-001687,ENC-0004834,2339-0,Glucose,245.1,mg/dL,2025-07-31
OBS-00009655,PT-001687,ENC-0004834,4548-4,Hemoglobin A1c,12.2,%,2025-07-31
OBS-00009656,PT-001687,ENC-0004834,2160-0,Creatinine,3.2,mg/dL,2025-07-31
OBS-00009657,PT-001687,ENC-0004835,8480-6,Systolic blood pressure,114.1,mmHg,2025-12-31
OBS-00009658,PT-001687,ENC-0004835,4548-4,Hemoglobin A1c,9.3,%,2025-12-31
OBS-00009659,PT-001687,ENC-0004836,8480-6,Systolic blood pressure,112.0,mmHg,2026-03-10
OBS-00009660,PT-001687,ENC-0004837,4548-4,Hemoglobin A1c,4.9,%,2025-11-20
OBS-00009661,PT-001687,ENC-0004837,2339-0,Glucose,304.1,mg/dL,2025-11-20
OBS-00009662,PT-001688,ENC-0004838,8462-4,Diastolic blood pressure,64.4,mmHg,2025-05-28
OBS-00009663,PT-001688,ENC-0004838,4548-4,Hemoglobin A1c,12.3,%,2025-05-28
OBS-00009664,PT-001689,ENC-0004839,2339-0,Glucose,302.3,mg/dL,2025-04-28
OBS-00009665,PT-001689,ENC-0004839,8480-6,Systolic blood pressure,105.9,mmHg,2025-04-28
OBS-00009666,PT-001689,ENC-0004839,4548-4,Hemoglobin A1c,5.8,%,2025-04-28
OBS-00009667,PT-001690,ENC-0004840,2339-0,Glucose,266.3,mg/dL,2025-09-01
OBS-00009668,PT-001690,ENC-0004840,8462-4,Diastolic blood pressure,90.9,mmHg,2025-09-01
OBS-00009669,PT-001690,ENC-0004840,2339-0,Glucose,95.5,mg/dL,2025-09-01
OBS-00009670,PT-001690,ENC-0004841,718-7,Hemoglobin,10.9,g/dL,2024-11-16
OBS-00009671,PT-001690,ENC-0004841,8462-4,Diastolic blood pressure,70.0,mmHg,2024-11-16
OBS-00009672,PT-001690,ENC-0004841,4548-4,Hemoglobin A1c,9.8,%,2024-11-16
OBS-00009673,PT-001690,ENC-0004842,718-7,Hemoglobin,11.0,g/dL,2025-03-10
OBS-00009674,PT-001690,ENC-0004842,8462-4,Diastolic blood pressure,72.1,mmHg,2025-03-10
OBS-00009675,PT-001690,ENC-0004842,2339-0,Glucose,169.8,mg/dL,2025-03-10
OBS-00009676,PT-001690,ENC-0004843,2160-0,Creatinine,3.5,mg/dL,2026-07-23
OBS-00009677,PT-001690,ENC-0004844,4548-4,Hemoglobin A1c,8.4,%,2026-02-20
OBS-00009678,PT-001690,ENC-0004844,2339-0,Glucose,220.9,mg/dL,2026-02-20
OBS-00009679,PT-001690,ENC-0004844,4548-4,Hemoglobin A1c,8.5,%,2026-02-20
OBS-00009680,PT-001691,ENC-0004845,8462-4,Diastolic blood pressure,59.2,mmHg,2026-05-22
OBS-00009681,PT-001691,ENC-0004846,718-7,Hemoglobin,16.1,g/dL,2024-10-17
OBS-00009682,PT-001691,ENC-0004846,2160-0,Creatinine,3.0,mg/dL,2024-10-17
OBS-00009683,PT-001691,ENC-0004846,2160-0,Creatinine,2.7,mg/dL,2024-10-17
OBS-00009684,PT-001691,ENC-0004847,718-7,Hemoglobin,12.0,g/dL,2025-03-23
OBS-00009685,PT-001691,ENC-0004847,8462-4,Diastolic blood pressure,57.3,mmHg,2025-03-23
OBS-00009686,PT-001691,ENC-0004848,8462-4,Diastolic blood pressure,61.5,mmHg,2026-01-15
OBS-00009687,PT-001691,ENC-0004848,4548-4,Hemoglobin A1c,12.4,%,2026-01-15
OBS-00009688,PT-001691,ENC-0004849,2339-0,Glucose,193.9,mg/dL,2026-05-23
OBS-00009689,PT-001691,ENC-0004849,8480-6,Systolic blood pressure,126.7,mmHg,2026-05-23
OBS-00009690,PT-001692,ENC-0004850,8480-6,Systolic blood pressure,177.2,mmHg,2025-09-11
OBS-00009691,PT-001692,ENC-0004850,718-7,Hemoglobin,16.2,g/dL,2025-09-11
OBS-00009692,PT-001693,ENC-0004851,718-7,Hemoglobin,8.1,g/dL,2025-09-24
OBS-00009693,PT-001693,ENC-0004852,8462-4,Diastolic blood pressure,97.7,mmHg,2025-01-26
OBS-00009694,PT-001693,ENC-0004852,4548-4,Hemoglobin A1c,5.7,%,2025-01-26
OBS-00009695,PT-001693,ENC-0004852,2339-0,Glucose,202.9,mg/dL,2025-01-26
OBS-00009696,PT-001693,ENC-0004853,2160-0,Creatinine,2.0,mg/dL,2025-12-04
OBS-00009697,PT-001693,ENC-0004854,8462-4,Diastolic blood pressure,100.0,mmHg,2024-10-26
OBS-00009698,PT-001693,ENC-0004854,4548-4,Hemoglobin A1c,7.6,%,2024-10-26
OBS-00009699,PT-001693,ENC-0004855,2339-0,Glucose,319.2,mg/dL,2025-03-07
OBS-00009700,PT-001693,ENC-0004855,2160-0,Creatinine,3.8,mg/dL,2025-03-07
OBS-00009701,PT-001693,ENC-0004855,4548-4,Hemoglobin A1c,8.1,%,2025-03-07
OBS-00009702,PT-001694,ENC-0004856,8462-4,Diastolic blood pressure,66.1,mmHg,2025-12-08
OBS-00009703,PT-001694,ENC-0004856,2160-0,Creatinine,1.9,mg/dL,2025-12-08
OBS-00009704,PT-001694,ENC-0004857,4548-4,Hemoglobin A1c,8.7,%,2025-01-01
OBS-00009705,PT-001694,ENC-0004858,8480-6,Systolic blood pressure,156.5,mmHg,2026-02-03
OBS-00009706,PT-001694,ENC-0004858,2160-0,Creatinine,0.6,mg/dL,2026-02-03
OBS-00009707,PT-001694,ENC-0004858,4548-4,Hemoglobin A1c,6.8,%,2026-02-03
OBS-00009708,PT-001695,ENC-0004859,718-7,Hemoglobin,8.3,g/dL,2026-08-13
OBS-00009709,PT-001695,ENC-0004859,4548-4,Hemoglobin A1c,5.0,%,2026-08-13
OBS-00009710,PT-001695,ENC-0004859,8462-4,Diastolic blood pressure,77.2,mmHg,2026-08-13
OBS-00009711,PT-001695,ENC-0004860,2160-0,Creatinine,3.6,mg/dL,2025-02-01
OBS-00009712,PT-001695,ENC-0004860,2160-0,Creatinine,3.8,mg/dL,2025-02-01
OBS-00009713,PT-001695,ENC-0004861,4548-4,Hemoglobin A1c,11.1,%,2026-06-29
OBS-00009714,PT-001695,ENC-0004861,718-7,Hemoglobin,16.7,g/dL,2026-06-29
OBS-00009715,PT-001695,ENC-0004861,2339-0,Glucose,99.0,mg/dL,2026-06-29
OBS-00009716,PT-001696,ENC-0004862,8462-4,Diastolic blood pressure,66.2,mmHg,2026-07-22
OBS-00009717,PT-001696,ENC-0004863,8462-4,Diastolic blood pressure,87.6,mmHg,2024-11-04
OBS-00009718,PT-001696,ENC-0004863,4548-4,Hemoglobin A1c,9.5,%,2024-11-04
OBS-00009719,PT-001696,ENC-0004863,718-7,Hemoglobin,15.5,g/dL,2024-11-04
OBS-00009720,PT-001696,ENC-0004864,2339-0,Glucose,74.9,mg/dL,2025-08-27
OBS-00009721,PT-001696,ENC-0004864,718-7,Hemoglobin,11.0,g/dL,2025-08-27
OBS-00009722,PT-001696,ENC-0004865,2160-0,Creatinine,2.8,mg/dL,2026-07-20
OBS-00009723,PT-001696,ENC-0004865,8462-4,Diastolic blood pressure,91.2,mmHg,2026-07-20
OBS-00009724,PT-001696,ENC-0004865,8480-6,Systolic blood pressure,108.2,mmHg,2026-07-20
OBS-00009725,PT-001696,ENC-0004866,718-7,Hemoglobin,11.0,g/dL,2026-08-29
OBS-00009726,PT-001696,ENC-0004866,718-7,Hemoglobin,14.5,g/dL,2026-08-29
OBS-00009727,PT-001696,ENC-0004866,8480-6,Systolic blood pressure,115.9,mmHg,2026-08-29
OBS-00009728,PT-001697,ENC-0004867,718-7,Hemoglobin,12.7,g/dL,2026-05-14
OBS-00009729,PT-001697,ENC-0004867,2160-0,Creatinine,1.3,mg/dL,2026-05-14
OBS-00009730,PT-001697,ENC-0004867,2339-0,Glucose,114.7,mg/dL,2026-05-14
OBS-00009731,PT-001697,ENC-0004868,718-7,Hemoglobin,8.4,g/dL,2024-10-23
OBS-00009732,PT-001698,ENC-0004869,718-7,Hemoglobin,9.4,g/dL,2026-03-16
OBS-00009733,PT-001699,ENC-0004870,2160-0,Creatinine,4.3,mg/dL,2025-02-21
OBS-00009734,PT-001699,ENC-0004870,2339-0,Glucose,319.9,mg/dL,2025-02-21
OBS-00009735,PT-001700,ENC-0004871,2160-0,Creatinine,2.5,mg/dL,2025-09-06
OBS-00009736,PT-001700,ENC-0004871,2160-0,Creatinine,3.3,mg/dL,2025-09-06
OBS-00009737,PT-001700,ENC-0004872,8480-6,Systolic blood pressure,133.1,mmHg,2026-05-17
OBS-00009738,PT-001701,ENC-0004873,2160-0,Creatinine,3.3,mg/dL,2026-05-15
OBS-00009739,PT-001701,ENC-0004874,8462-4,Diastolic blood pressure,55.9,mmHg,2026-06-23
OBS-00009740,PT-001701,ENC-0004874,718-7,Hemoglobin,12.5,g/dL,2026-06-23
OBS-00009741,PT-001701,ENC-0004874,8462-4,Diastolic blood pressure,101.0,mmHg,2026-06-23
OBS-00009742,PT-001701,ENC-0004875,2160-0,Creatinine,2.8,mg/dL,2025-02-22
OBS-00009743,PT-001702,ENC-0004876,718-7,Hemoglobin,12.5,g/dL,2025-07-19
OBS-00009744,PT-001702,ENC-0004876,2160-0,Creatinine,3.0,mg/dL,2025-07-19
OBS-00009745,PT-001702,ENC-0004877,4548-4,Hemoglobin A1c,10.7,%,2024-11-09
OBS-00009746,PT-001702,ENC-0004878,2160-0,Creatinine,4.5,mg/dL,2025-12-10
OBS-00009747,PT-001702,ENC-0004878,4548-4,Hemoglobin A1c,9.4,%,2025-12-10
OBS-00009748,PT-001703,ENC-0004879,2160-0,Creatinine,3.3,mg/dL,2025-03-06
OBS-00009749,PT-001703,ENC-0004879,4548-4,Hemoglobin A1c,6.0,%,2025-03-06
OBS-00009750,PT-001703,ENC-0004880,4548-4,Hemoglobin A1c,9.7,%,2026-06-28
OBS-00009751,PT-001703,ENC-0004880,2339-0,Glucose,234.8,mg/dL,2026-06-28
OBS-00009752,PT-001704,ENC-0004881,8480-6,Systolic blood pressure,145.0,mmHg,2026-06-20
OBS-00009753,PT-001704,ENC-0004882,4548-4,Hemoglobin A1c,7.0,%,2025-02-12
OBS-00009754,PT-001704,ENC-0004882,2160-0,Creatinine,2.8,mg/dL,2025-02-12
OBS-00009755,PT-001704,ENC-0004882,2160-0,Creatinine,2.2,mg/dL,2025-02-12
OBS-00009756,PT-001705,ENC-0004883,8462-4,Diastolic blood pressure,95.3,mmHg,2025-02-08
OBS-00009757,PT-001706,ENC-0004884,4548-4,Hemoglobin A1c,8.0,%,2025-11-12
OBS-00009758,PT-001706,ENC-0004884,8480-6,Systolic blood pressure,174.5,mmHg,2025-11-12
OBS-00009759,PT-001706,ENC-0004885,4548-4,Hemoglobin A1c,10.3,%,2026-02-15
OBS-00009760,PT-001706,ENC-0004885,4548-4,Hemoglobin A1c,8.2,%,2026-02-15
OBS-00009761,PT-001706,ENC-0004885,2160-0,Creatinine,3.7,mg/dL,2026-02-15
OBS-00009762,PT-001707,ENC-0004886,2339-0,Glucose,307.3,mg/dL,2025-11-11
OBS-00009763,PT-001707,ENC-0004887,718-7,Hemoglobin,16.7,g/dL,2025-06-30
OBS-00009764,PT-001707,ENC-0004887,8480-6,Systolic blood pressure,164.1,mmHg,2025-06-30
OBS-00009765,PT-001707,ENC-0004887,8480-6,Systolic blood pressure,114.6,mmHg,2025-06-30
OBS-00009766,PT-001707,ENC-0004888,4548-4,Hemoglobin A1c,10.4,%,2025-09-28
OBS-00009767,PT-001707,ENC-0004888,2339-0,Glucose,310.2,mg/dL,2025-09-28
OBS-00009768,PT-001707,ENC-0004888,2160-0,Creatinine,3.4,mg/dL,2025-09-28
OBS-00009769,PT-001707,ENC-0004889,2160-0,Creatinine,3.1,mg/dL,2025-08-07
OBS-00009770,PT-001707,ENC-0004889,4548-4,Hemoglobin A1c,5.7,%,2025-08-07
OBS-00009771,PT-001708,ENC-0004890,4548-4,Hemoglobin A1c,6.8,%,2026-02-19
OBS-00009772,PT-001708,ENC-0004890,8462-4,Diastolic blood pressure,92.9,mmHg,2026-02-19
OBS-00009773,PT-001708,ENC-0004891,8480-6,Systolic blood pressure,146.4,mmHg,2025-04-30
OBS-00009774,PT-001708,ENC-0004891,4548-4,Hemoglobin A1c,9.4,%,2025-04-30
OBS-00009775,PT-001708,ENC-0004891,8462-4,Diastolic blood pressure,70.8,mmHg,2025-04-30
OBS-00009776,PT-001708,ENC-0004892,718-7,Hemoglobin,8.6,g/dL,2024-09-27
OBS-00009777,PT-001709,ENC-0004893,4548-4,Hemoglobin A1c,9.9,%,2024-10-10
OBS-00009778,PT-001709,ENC-0004894,8462-4,Diastolic blood pressure,77.6,mmHg,2024-10-27
OBS-00009779,PT-001709,ENC-0004894,2339-0,Glucose,217.4,mg/dL,2024-10-27
OBS-00009780,PT-001709,ENC-0004895,8462-4,Diastolic blood pressure,74.8,mmHg,2026-01-09
OBS-00009781,PT-001709,ENC-0004895,718-7,Hemoglobin,8.8,g/dL,2026-01-09
OBS-00009782,PT-001709,ENC-0004896,8462-4,Diastolic blood pressure,60.1,mmHg,2025-09-04
OBS-00009783,PT-001709,ENC-0004896,8480-6,Systolic blood pressure,122.9,mmHg,2025-09-04
OBS-00009784,PT-001709,ENC-0004896,4548-4,Hemoglobin A1c,7.1,%,2025-09-04
OBS-00009785,PT-001709,ENC-0004897,8480-6,Systolic blood pressure,179.2,mmHg,2025-11-11
OBS-00009786,PT-001710,ENC-0004898,2160-0,Creatinine,3.7,mg/dL,2025-01-18
OBS-00009787,PT-001710,ENC-0004898,2160-0,Creatinine,1.6,mg/dL,2025-01-18
OBS-00009788,PT-001710,ENC-0004899,718-7,Hemoglobin,15.0,g/dL,2025-09-15
OBS-00009789,PT-001710,ENC-0004899,8480-6,Systolic blood pressure,117.7,mmHg,2025-09-15
OBS-00009790,PT-001710,ENC-0004899,2339-0,Glucose,141.9,mg/dL,2025-09-15
OBS-00009791,PT-001710,ENC-0004900,8462-4,Diastolic blood pressure,74.6,mmHg,2025-07-31
OBS-00009792,PT-001710,ENC-0004901,4548-4,Hemoglobin A1c,11.4,%,2024-11-23
OBS-00009793,PT-001710,ENC-0004901,2339-0,Glucose,156.8,mg/dL,2024-11-23
OBS-00009794,PT-001710,ENC-0004902,718-7,Hemoglobin,9.0,g/dL,2025-07-16
OBS-00009795,PT-001710,ENC-0004902,4548-4,Hemoglobin A1c,8.2,%,2025-07-16
OBS-00009796,PT-001710,ENC-0004902,8462-4,Diastolic blood pressure,97.4,mmHg,2025-07-16
OBS-00009797,PT-001710,ENC-0004903,2339-0,Glucose,263.8,mg/dL,2026-01-20
OBS-00009798,PT-001710,ENC-0004904,8462-4,Diastolic blood pressure,80.0,mmHg,2026-05-08
OBS-00009799,PT-001710,ENC-0004904,2339-0,Glucose,155.2,mg/dL,2026-05-08
OBS-00009800,PT-001711,ENC-0004905,8480-6,Systolic blood pressure,166.6,mmHg,2026-06-03
OBS-00009801,PT-001711,ENC-0004905,4548-4,Hemoglobin A1c,6.2,%,2026-06-03
OBS-00009802,PT-001711,ENC-0004905,2160-0,Creatinine,3.8,mg/dL,2026-06-03
OBS-00009803,PT-001711,ENC-0004906,2339-0,Glucose,223.1,mg/dL,2025-12-01
OBS-00009804,PT-001711,ENC-0004907,2160-0,Creatinine,0.7,mg/dL,2025-08-31
OBS-00009805,PT-001711,ENC-0004907,2339-0,Glucose,197.4,mg/dL,2025-08-31
OBS-00009806,PT-001711,ENC-0004908,2339-0,Glucose,234.9,mg/dL,2025-04-17
OBS-00009807,PT-001711,ENC-0004908,8462-4,Diastolic blood pressure,73.4,mmHg,2025-04-17
OBS-00009808,PT-001712,ENC-0004909,4548-4,Hemoglobin A1c,11.2,%,2026-04-06
OBS-00009809,PT-001712,ENC-0004910,2339-0,Glucose,194.2,mg/dL,2025-06-08
OBS-00009810,PT-001712,ENC-0004910,8480-6,Systolic blood pressure,105.6,mmHg,2025-06-08
OBS-00009811,PT-001712,ENC-0004910,4548-4,Hemoglobin A1c,9.7,%,2025-06-08
OBS-00009812,PT-001713,ENC-0004911,2339-0,Glucose,107.9,mg/dL,2026-08-19
OBS-00009813,PT-001713,ENC-0004911,718-7,Hemoglobin,15.4,g/dL,2026-08-19
OBS-00009814,PT-001714,ENC-0004912,8480-6,Systolic blood pressure,166.2,mmHg,2025-08-08
OBS-00009815,PT-001714,ENC-0004912,2160-0,Creatinine,2.6,mg/dL,2025-08-08
OBS-00009816,PT-001714,ENC-0004912,8462-4,Diastolic blood pressure,101.8,mmHg,2025-08-08
OBS-00009817,PT-001714,ENC-0004913,4548-4,Hemoglobin A1c,9.4,%,2025-04-18
OBS-00009818,PT-001714,ENC-0004913,2160-0,Creatinine,1.9,mg/dL,2025-04-18
OBS-00009819,PT-001714,ENC-0004913,4548-4,Hemoglobin A1c,6.9,%,2025-04-18
OBS-00009820,PT-001714,ENC-0004914,8480-6,Systolic blood pressure,126.2,mmHg,2025-08-03
OBS-00009821,PT-001714,ENC-0004915,2339-0,Glucose,238.1,mg/dL,2025-02-20
OBS-00009822,PT-001715,ENC-0004916,2160-0,Creatinine,1.8,mg/dL,2025-07-02
OBS-00009823,PT-001716,ENC-0004917,2160-0,Creatinine,1.9,mg/dL,2026-06-15
OBS-00009824,PT-001717,ENC-0004918,718-7,Hemoglobin,14.6,g/dL,2025-04-13
OBS-00009825,PT-001717,ENC-0004919,8480-6,Systolic blood pressure,153.1,mmHg,2025-11-16
OBS-00009826,PT-001717,ENC-0004920,8462-4,Diastolic blood pressure,76.5,mmHg,2025-04-23
OBS-00009827,PT-001718,ENC-0004921,8480-6,Systolic blood pressure,151.8,mmHg,2026-06-30
OBS-00009828,PT-001718,ENC-0004921,718-7,Hemoglobin,9.6,g/dL,2026-06-30
OBS-00009829,PT-001718,ENC-0004921,2160-0,Creatinine,4.1,mg/dL,2026-06-30
OBS-00009830,PT-001718,ENC-0004922,2339-0,Glucose,258.5,mg/dL,2026-04-03
OBS-00009831,PT-001718,ENC-0004923,2160-0,Creatinine,0.7,mg/dL,2025-12-21
OBS-00009832,PT-001718,ENC-0004924,2160-0,Creatinine,1.0,mg/dL,2024-11-11
OBS-00009833,PT-001718,ENC-0004924,4548-4,Hemoglobin A1c,5.4,%,2024-11-11
OBS-00009834,PT-001718,ENC-0004925,8462-4,Diastolic blood pressure,59.3,mmHg,2025-09-24
OBS-00009835,PT-001718,ENC-0004926,4548-4,Hemoglobin A1c,10.6,%,2026-09-16
OBS-00009836,PT-001718,ENC-0004927,4548-4,Hemoglobin A1c,8.7,%,2026-04-29
OBS-00009837,PT-001719,ENC-0004928,718-7,Hemoglobin,16.0,g/dL,2025-01-19
OBS-00009838,PT-001719,ENC-0004928,2160-0,Creatinine,2.2,mg/dL,2025-01-19
OBS-00009839,PT-001719,ENC-0004928,2160-0,Creatinine,2.3,mg/dL,2025-01-19
OBS-00009840,PT-001719,ENC-0004929,8462-4,Diastolic blood pressure,88.9,mmHg,2024-10-22
OBS-00009841,PT-001719,ENC-0004929,718-7,Hemoglobin,8.3,g/dL,2024-10-22
OBS-00009842,PT-001719,ENC-0004930,4548-4,Hemoglobin A1c,5.7,%,2026-05-12
OBS-00009843,PT-001719,ENC-0004930,2160-0,Creatinine,4.5,mg/dL,2026-05-12
OBS-00009844,PT-001719,ENC-0004931,2160-0,Creatinine,2.9,mg/dL,2025-03-26
OBS-00009845,PT-001720,ENC-0004932,4548-4,Hemoglobin A1c,5.6,%,2025-12-14
OBS-00009846,PT-001720,ENC-0004932,718-7,Hemoglobin,15.2,g/dL,2025-12-14
OBS-00009847,PT-001720,ENC-0004933,718-7,Hemoglobin,13.1,g/dL,2024-10-05
OBS-00009848,PT-001721,ENC-0004934,8462-4,Diastolic blood pressure,108.7,mmHg,2024-09-26
OBS-00009849,PT-001721,ENC-0004934,4548-4,Hemoglobin A1c,6.5,%,2024-09-26
OBS-00009850,PT-001721,ENC-0004934,2160-0,Creatinine,3.6,mg/dL,2024-09-26
OBS-00009851,PT-001721,ENC-0004935,2339-0,Glucose,249.3,mg/dL,2025-01-14
OBS-00009852,PT-001721,ENC-0004935,8480-6,Systolic blood pressure,139.7,mmHg,2025-01-14
OBS-00009853,PT-001721,ENC-0004935,2160-0,Creatinine,2.2,mg/dL,2025-01-14
OBS-00009854,PT-001721,ENC-0004936,8462-4,Diastolic blood pressure,75.1,mmHg,2025-10-07
OBS-00009855,PT-001721,ENC-0004937,8462-4,Diastolic blood pressure,78.1,mmHg,2026-08-04
OBS-00009856,PT-001721,ENC-0004937,2339-0,Glucose,168.6,mg/dL,2026-08-04
OBS-00009857,PT-001721,ENC-0004937,2160-0,Creatinine,3.0,mg/dL,2026-08-04
OBS-00009858,PT-001721,ENC-0004938,4548-4,Hemoglobin A1c,5.4,%,2026-06-22
OBS-00009859,PT-001721,ENC-0004938,718-7,Hemoglobin,9.0,g/dL,2026-06-22
OBS-00009860,PT-001721,ENC-0004939,2160-0,Creatinine,3.5,mg/dL,2026-08-20
OBS-00009861,PT-001721,ENC-0004939,718-7,Hemoglobin,13.5,g/dL,2026-08-20
OBS-00009862,PT-001721,ENC-0004939,8480-6,Systolic blood pressure,141.9,mmHg,2026-08-20
OBS-00009863,PT-001722,ENC-0004940,8462-4,Diastolic blood pressure,77.8,mmHg,2024-11-23
OBS-00009864,PT-001722,ENC-0004940,8480-6,Systolic blood pressure,168.5,mmHg,2024-11-23
OBS-00009865,PT-001722,ENC-0004940,8462-4,Diastolic blood pressure,62.2,mmHg,2024-11-23
OBS-00009866,PT-001723,ENC-0004941,2160-0,Creatinine,1.5,mg/dL,2026-04-13
OBS-00009867,PT-001723,ENC-0004941,8462-4,Diastolic blood pressure,83.7,mmHg,2026-04-13
OBS-00009868,PT-001723,ENC-0004941,2339-0,Glucose,276.2,mg/dL,2026-04-13
OBS-00009869,PT-001723,ENC-0004942,8462-4,Diastolic blood pressure,64.9,mmHg,2025-03-14
OBS-00009870,PT-001723,ENC-0004942,4548-4,Hemoglobin A1c,7.5,%,2025-03-14
OBS-00009871,PT-001723,ENC-0004942,2339-0,Glucose,148.2,mg/dL,2025-03-14
OBS-00009872,PT-001724,ENC-0004943,2339-0,Glucose,290.6,mg/dL,2025-04-01
OBS-00009873,PT-001724,ENC-0004944,2160-0,Creatinine,1.3,mg/dL,2026-06-18
OBS-00009874,PT-001724,ENC-0004944,8462-4,Diastolic blood pressure,68.6,mmHg,2026-06-18
OBS-00009875,PT-001725,ENC-0004945,4548-4,Hemoglobin A1c,12.1,%,2025-07-26
OBS-00009876,PT-001725,ENC-0004946,8462-4,Diastolic blood pressure,97.4,mmHg,2025-12-22
OBS-00009877,PT-001726,ENC-0004947,8462-4,Diastolic blood pressure,66.3,mmHg,2026-08-30
OBS-00009878,PT-001726,ENC-0004947,2339-0,Glucose,288.0,mg/dL,2026-08-30
OBS-00009879,PT-001726,ENC-0004947,8480-6,Systolic blood pressure,152.7,mmHg,2026-08-30
OBS-00009880,PT-001727,ENC-0004948,2339-0,Glucose,248.5,mg/dL,2025-04-02
OBS-00009881,PT-001727,ENC-0004948,2339-0,Glucose,156.1,mg/dL,2025-04-02
OBS-00009882,PT-001727,ENC-0004949,4548-4,Hemoglobin A1c,7.4,%,2026-08-28
OBS-00009883,PT-001727,ENC-0004949,718-7,Hemoglobin,8.4,g/dL,2026-08-28
OBS-00009884,PT-001727,ENC-0004950,8462-4,Diastolic blood pressure,93.1,mmHg,2025-07-11
OBS-00009885,PT-001727,ENC-0004950,718-7,Hemoglobin,13.7,g/dL,2025-07-11
OBS-00009886,PT-001728,ENC-0004951,4548-4,Hemoglobin A1c,9.4,%,2025-08-24
OBS-00009887,PT-001728,ENC-0004951,2339-0,Glucose,166.5,mg/dL,2025-08-24
OBS-00009888,PT-001728,ENC-0004951,4548-4,Hemoglobin A1c,8.5,%,2025-08-24
OBS-00009889,PT-001728,ENC-0004952,4548-4,Hemoglobin A1c,8.4,%,2025-12-07
OBS-00009890,PT-001728,ENC-0004952,2160-0,Creatinine,3.4,mg/dL,2025-12-07
OBS-00009891,PT-001728,ENC-0004953,2160-0,Creatinine,1.4,mg/dL,2026-05-11
OBS-00009892,PT-001728,ENC-0004953,2339-0,Glucose,173.0,mg/dL,2026-05-11
OBS-00009893,PT-001728,ENC-0004954,718-7,Hemoglobin,9.3,g/dL,2025-07-03
OBS-00009894,PT-001728,ENC-0004954,718-7,Hemoglobin,10.0,g/dL,2025-07-03
OBS-00009895,PT-001728,ENC-0004954,4548-4,Hemoglobin A1c,6.3,%,2025-07-03
OBS-00009896,PT-001728,ENC-0004955,8462-4,Diastolic blood pressure,97.2,mmHg,2025-05-02
OBS-00009897,PT-001728,ENC-0004955,8462-4,Diastolic blood pressure,85.7,mmHg,2025-05-02
OBS-00009898,PT-001728,ENC-0004956,718-7,Hemoglobin,12.7,g/dL,2026-07-26
OBS-00009899,PT-001728,ENC-0004956,2160-0,Creatinine,1.7,mg/dL,2026-07-26
OBS-00009900,PT-001729,ENC-0004957,718-7,Hemoglobin,10.7,g/dL,2025-11-24
OBS-00009901,PT-001729,ENC-0004957,2339-0,Glucose,278.9,mg/dL,2025-11-24
OBS-00009902,PT-001729,ENC-0004957,4548-4,Hemoglobin A1c,9.3,%,2025-11-24
OBS-00009903,PT-001729,ENC-0004958,4548-4,Hemoglobin A1c,5.1,%,2025-03-09
OBS-00009904,PT-001729,ENC-0004958,2339-0,Glucose,224.4,mg/dL,2025-03-09
OBS-00009905,PT-001730,ENC-0004959,718-7,Hemoglobin,12.4,g/dL,2025-12-11
OBS-00009906,PT-001730,ENC-0004959,4548-4,Hemoglobin A1c,5.0,%,2025-12-11
OBS-00009907,PT-001730,ENC-0004959,2160-0,Creatinine,0.7,mg/dL,2025-12-11
OBS-00009908,PT-001731,ENC-0004960,8480-6,Systolic blood pressure,134.6,mmHg,2026-08-24
OBS-00009909,PT-001731,ENC-0004960,4548-4,Hemoglobin A1c,10.8,%,2026-08-24
OBS-00009910,PT-001731,ENC-0004960,718-7,Hemoglobin,9.6,g/dL,2026-08-24
OBS-00009911,PT-001731,ENC-0004961,2339-0,Glucose,191.7,mg/dL,2025-07-08
OBS-00009912,PT-001731,ENC-0004961,2339-0,Glucose,314.8,mg/dL,2025-07-08
OBS-00009913,PT-001732,ENC-0004962,8480-6,Systolic blood pressure,126.1,mmHg,2025-07-03
OBS-00009914,PT-001732,ENC-0004962,2339-0,Glucose,258.8,mg/dL,2025-07-03
OBS-00009915,PT-001732,ENC-0004963,2339-0,Glucose,153.0,mg/dL,2026-08-30
OBS-00009916,PT-001732,ENC-0004963,2160-0,Creatinine,1.5,mg/dL,2026-08-30
OBS-00009917,PT-001732,ENC-0004963,718-7,Hemoglobin,11.0,g/dL,2026-08-30
OBS-00009918,PT-001732,ENC-0004964,2339-0,Glucose,259.2,mg/dL,2025-12-03
OBS-00009919,PT-001732,ENC-0004964,2160-0,Creatinine,3.8,mg/dL,2025-12-03
OBS-00009920,PT-001733,ENC-0004965,718-7,Hemoglobin,12.3,g/dL,2025-01-31
OBS-00009921,PT-001733,ENC-0004965,8480-6,Systolic blood pressure,113.0,mmHg,2025-01-31
OBS-00009922,PT-001733,ENC-0004966,2339-0,Glucose,164.0,mg/dL,2026-08-01
OBS-00009923,PT-001733,ENC-0004967,8462-4,Diastolic blood pressure,97.8,mmHg,2026-01-01
OBS-00009924,PT-001733,ENC-0004967,2160-0,Creatinine,0.7,mg/dL,2026-01-01
OBS-00009925,PT-001733,ENC-0004967,8462-4,Diastolic blood pressure,105.2,mmHg,2026-01-01
OBS-00009926,PT-001733,ENC-0004968,8480-6,Systolic blood pressure,129.1,mmHg,2025-07-27
OBS-00009927,PT-001733,ENC-0004968,8462-4,Diastolic blood pressure,70.3,mmHg,2025-07-27
OBS-00009928,PT-001733,ENC-0004968,4548-4,Hemoglobin A1c,10.3,%,2025-07-27
OBS-00009929,PT-001733,ENC-0004969,718-7,Hemoglobin,15.9,g/dL,2024-11-12
OBS-00009930,PT-001733,ENC-0004970,2160-0,Creatinine,3.2,mg/dL,2026-06-01
OBS-00009931,PT-001733,ENC-0004970,2160-0,Creatinine,2.7,mg/dL,2026-06-01
OBS-00009932,PT-001734,ENC-0004971,2160-0,Creatinine,2.2,mg/dL,2026-04-02
OBS-00009933,PT-001734,ENC-0004971,4548-4,Hemoglobin A1c,10.5,%,2026-04-02
OBS-00009934,PT-001734,ENC-0004971,2160-0,Creatinine,3.8,mg/dL,2026-04-02
OBS-00009935,PT-001734,ENC-0004972,718-7,Hemoglobin,13.2,g/dL,2025-09-11
OBS-00009936,PT-001734,ENC-0004973,2339-0,Glucose,178.3,mg/dL,2026-03-18
OBS-00009937,PT-001734,ENC-0004973,4548-4,Hemoglobin A1c,7.2,%,2026-03-18
OBS-00009938,PT-001734,ENC-0004973,718-7,Hemoglobin,8.0,g/dL,2026-03-18
OBS-00009939,PT-001734,ENC-0004974,8462-4,Diastolic blood pressure,95.4,mmHg,2025-08-16
OBS-00009940,PT-001734,ENC-0004975,8462-4,Diastolic blood pressure,97.1,mmHg,2026-06-22
OBS-00009941,PT-001734,ENC-0004975,718-7,Hemoglobin,16.3,g/dL,2026-06-22
OBS-00009942,PT-001734,ENC-0004975,4548-4,Hemoglobin A1c,8.7,%,2026-06-22
OBS-00009943,PT-001734,ENC-0004976,2339-0,Glucose,111.0,mg/dL,2024-11-10
OBS-00009944,PT-001734,ENC-0004976,718-7,Hemoglobin,11.0,g/dL,2024-11-10
OBS-00009945,PT-001734,ENC-0004976,4548-4,Hemoglobin A1c,11.2,%,2024-11-10
OBS-00009946,PT-001735,ENC-0004977,4548-4,Hemoglobin A1c,12.1,%,2025-12-06
OBS-00009947,PT-001735,ENC-0004977,8462-4,Diastolic blood pressure,65.2,mmHg,2025-12-06
OBS-00009948,PT-001735,ENC-0004978,718-7,Hemoglobin,12.6,g/dL,2025-05-13
OBS-00009949,PT-001735,ENC-0004979,8480-6,Systolic blood pressure,106.7,mmHg,2026-08-05
OBS-00009950,PT-001735,ENC-0004980,2339-0,Glucose,312.9,mg/dL,2025-09-16
OBS-00009951,PT-001735,ENC-0004980,718-7,Hemoglobin,9.8,g/dL,2025-09-16
OBS-00009952,PT-001735,ENC-0004981,8462-4,Diastolic blood pressure,101.8,mmHg,2025-06-09
OBS-00009953,PT-001736,ENC-0004982,8480-6,Systolic blood pressure,148.3,mmHg,2025-07-01
OBS-00009954,PT-001736,ENC-0004982,4548-4,Hemoglobin A1c,10.3,%,2025-07-01
OBS-00009955,PT-001736,ENC-0004983,8480-6,Systolic blood pressure,134.9,mmHg,2025-11-12
OBS-00009956,PT-001736,ENC-0004983,4548-4,Hemoglobin A1c,7.5,%,2025-11-12
OBS-00009957,PT-001736,ENC-0004984,8462-4,Diastolic blood pressure,97.0,mmHg,2026-01-06
OBS-00009958,PT-001737,ENC-0004985,4548-4,Hemoglobin A1c,7.2,%,2025-03-14
OBS-00009959,PT-001737,ENC-0004985,2339-0,Glucose,136.3,mg/dL,2025-03-14
OBS-00009960,PT-001737,ENC-0004985,8480-6,Systolic blood pressure,141.2,mmHg,2025-03-14
OBS-00009961,PT-001738,ENC-0004986,8480-6,Systolic blood pressure,173.3,mmHg,2024-10-12
OBS-00009962,PT-001738,ENC-0004986,8480-6,Systolic blood pressure,120.2,mmHg,2024-10-12
OBS-00009963,PT-001738,ENC-0004986,2339-0,Glucose,279.7,mg/dL,2024-10-12
OBS-00009964,PT-001738,ENC-0004987,2160-0,Creatinine,3.0,mg/dL,2026-03-04
OBS-00009965,PT-001738,ENC-0004987,4548-4,Hemoglobin A1c,10.6,%,2026-03-04
OBS-00009966,PT-001738,ENC-0004988,2160-0,Creatinine,4.1,mg/dL,2025-03-22
OBS-00009967,PT-001738,ENC-0004988,4548-4,Hemoglobin A1c,9.1,%,2025-03-22
OBS-00009968,PT-001739,ENC-0004989,8462-4,Diastolic blood pressure,92.8,mmHg,2026-08-13
OBS-00009969,PT-001739,ENC-0004989,2160-0,Creatinine,2.1,mg/dL,2026-08-13
OBS-00009970,PT-001740,ENC-0004990,2339-0,Glucose,201.6,mg/dL,2025-05-14
OBS-00009971,PT-001740,ENC-0004990,2160-0,Creatinine,4.2,mg/dL,2025-05-14
OBS-00009972,PT-001740,ENC-0004990,2339-0,Glucose,140.9,mg/dL,2025-05-14
OBS-00009973,PT-001740,ENC-0004991,8480-6,Systolic blood pressure,170.4,mmHg,2024-12-09
OBS-00009974,PT-001740,ENC-0004992,8462-4,Diastolic blood pressure,68.3,mmHg,2026-04-05
OBS-00009975,PT-001740,ENC-0004993,8480-6,Systolic blood pressure,179.9,mmHg,2026-01-16
OBS-00009976,PT-001740,ENC-0004993,2160-0,Creatinine,1.1,mg/dL,2026-01-16
OBS-00009977,PT-001740,ENC-0004993,718-7,Hemoglobin,11.5,g/dL,2026-01-16
OBS-00009978,PT-001740,ENC-0004994,4548-4,Hemoglobin A1c,12.4,%,2026-04-26
OBS-00009979,PT-001740,ENC-0004994,2160-0,Creatinine,4.5,mg/dL,2026-04-26
OBS-00009980,PT-001741,ENC-0004995,8462-4,Diastolic blood pressure,81.9,mmHg,2024-12-13
OBS-00009981,PT-001741,ENC-0004996,2339-0,Glucose,98.6,mg/dL,2025-09-19
OBS-00009982,PT-001741,ENC-0004997,8462-4,Diastolic blood pressure,88.0,mmHg,2024-12-12
OBS-00009983,PT-001742,ENC-0004998,2339-0,Glucose,76.6,mg/dL,2026-08-23
OBS-00009984,PT-001742,ENC-0004999,8462-4,Diastolic blood pressure,76.8,mmHg,2026-05-10
OBS-00009985,PT-001742,ENC-0004999,8480-6,Systolic blood pressure,97.8,mmHg,2026-05-10
OBS-00009986,PT-001742,ENC-0005000,4548-4,Hemoglobin A1c,6.9,%,2025-12-29
OBS-00009987,PT-001742,ENC-0005001,8462-4,Diastolic blood pressure,83.5,mmHg,2025-05-14
OBS-00009988,PT-001742,ENC-0005001,8462-4,Diastolic blood pressure,67.1,mmHg,2025-05-14
OBS-00009989,PT-001743,ENC-0005002,2160-0,Creatinine,1.2,mg/dL,2025-03-27
OBS-00009990,PT-001743,ENC-0005002,4548-4,Hemoglobin A1c,8.3,%,2025-03-27
OBS-00009991,PT-001743,ENC-0005003,8480-6,Systolic blood pressure,118.3,mmHg,2025-12-04
OBS-00009992,PT-001743,ENC-0005003,8462-4,Diastolic blood pressure,95.1,mmHg,2025-12-04
OBS-00009993,PT-001743,ENC-0005004,2339-0,Glucose,75.1,mg/dL,2025-04-09
OBS-00009994,PT-001743,ENC-0005004,8462-4,Diastolic blood pressure,101.5,mmHg,2025-04-09
OBS-00009995,PT-001743,ENC-0005004,2160-0,Creatinine,4.5,mg/dL,2025-04-09
OBS-00009996,PT-001744,ENC-0005005,2339-0,Glucose,259.5,mg/dL,2025-07-04
OBS-00009997,PT-001744,ENC-0005005,2339-0,Glucose,167.7,mg/dL,2025-07-04
OBS-00009998,PT-001744,ENC-0005005,4548-4,Hemoglobin A1c,7.0,%,2025-07-04
OBS-00009999,PT-001744,ENC-0005006,4548-4,Hemoglobin A1c,7.6,%,2025-03-07
OBS-00010000,PT-001745,ENC-0005007,8480-6,Systolic blood pressure,138.6,mmHg,2026-08-08
OBS-00010001,PT-001746,ENC-0005008,718-7,Hemoglobin,10.1,g/dL,2024-11-06
OBS-00010002,PT-001746,ENC-0005008,718-7,Hemoglobin,15.3,g/dL,2024-11-06
OBS-00010003,PT-001746,ENC-0005008,718-7,Hemoglobin,13.3,g/dL,2024-11-06
OBS-00010004,PT-001746,ENC-0005009,2339-0,Glucose,84.9,mg/dL,2026-09-16
OBS-00010005,PT-001746,ENC-0005009,2339-0,Glucose,138.2,mg/dL,2026-09-16
OBS-00010006,PT-001746,ENC-0005009,718-7,Hemoglobin,11.4,g/dL,2026-09-16
OBS-00010007,PT-001746,ENC-0005010,4548-4,Hemoglobin A1c,11.3,%,2026-06-03
OBS-00010008,PT-001747,ENC-0005011,2160-0,Creatinine,4.0,mg/dL,2025-07-15
OBS-00010009,PT-001747,ENC-0005012,4548-4,Hemoglobin A1c,12.0,%,2025-09-06
OBS-00010010,PT-001747,ENC-0005012,2339-0,Glucose,105.5,mg/dL,2025-09-06
OBS-00010011,PT-001747,ENC-0005012,4548-4,Hemoglobin A1c,9.4,%,2025-09-06
OBS-00010012,PT-001747,ENC-0005013,2339-0,Glucose,103.0,mg/dL,2024-10-19
OBS-00010013,PT-001747,ENC-0005014,4548-4,Hemoglobin A1c,10.5,%,2024-10-09
OBS-00010014,PT-001747,ENC-0005014,718-7,Hemoglobin,16.6,g/dL,2024-10-09
OBS-00010015,PT-001748,ENC-0005015,718-7,Hemoglobin,16.4,g/dL,2025-05-05
OBS-00010016,PT-001748,ENC-0005015,4548-4,Hemoglobin A1c,7.5,%,2025-05-05
OBS-00010017,PT-001748,ENC-0005015,2339-0,Glucose,206.9,mg/dL,2025-05-05
OBS-00010018,PT-001748,ENC-0005016,4548-4,Hemoglobin A1c,6.4,%,2025-05-12
OBS-00010019,PT-001748,ENC-0005016,718-7,Hemoglobin,10.1,g/dL,2025-05-12
OBS-00010020,PT-001748,ENC-0005016,718-7,Hemoglobin,11.2,g/dL,2025-05-12
OBS-00010021,PT-001748,ENC-0005017,2339-0,Glucose,230.8,mg/dL,2025-02-27
OBS-00010022,PT-001748,ENC-0005017,2160-0,Creatinine,4.5,mg/dL,2025-02-27
OBS-00010023,PT-001749,ENC-0005018,4548-4,Hemoglobin A1c,11.7,%,2025-10-21
OBS-00010024,PT-001749,ENC-0005019,8480-6,Systolic blood pressure,169.0,mmHg,2025-09-05
OBS-00010025,PT-001749,ENC-0005019,8462-4,Diastolic blood pressure,58.7,mmHg,2025-09-05
OBS-00010026,PT-001749,ENC-0005019,4548-4,Hemoglobin A1c,6.0,%,2025-09-05
OBS-00010027,PT-001749,ENC-0005020,8480-6,Systolic blood pressure,106.5,mmHg,2024-10-07
OBS-00010028,PT-001749,ENC-0005021,718-7,Hemoglobin,15.0,g/dL,2024-12-30
OBS-00010029,PT-001749,ENC-0005021,718-7,Hemoglobin,8.2,g/dL,2024-12-30
OBS-00010030,PT-001750,ENC-0005022,8480-6,Systolic blood pressure,155.1,mmHg,2026-09-18
OBS-00010031,PT-001750,ENC-0005023,718-7,Hemoglobin,11.3,g/dL,2025-05-23
OBS-00010032,PT-001750,ENC-0005024,4548-4,Hemoglobin A1c,10.4,%,2025-05-24
OBS-00010033,PT-001750,ENC-0005024,2339-0,Glucose,154.6,mg/dL,2025-05-24
OBS-00010034,PT-001750,ENC-0005024,4548-4,Hemoglobin A1c,11.6,%,2025-05-24
OBS-00010035,PT-001750,ENC-0005025,2339-0,Glucose,312.3,mg/dL,2025-07-01
OBS-00010036,PT-001750,ENC-0005025,4548-4,Hemoglobin A1c,5.1,%,2025-07-01
OBS-00010037,PT-001750,ENC-0005026,8462-4,Diastolic blood pressure,104.0,mmHg,2024-10-08
OBS-00010038,PT-001750,ENC-0005026,2339-0,Glucose,301.1,mg/dL,2024-10-08
OBS-00010039,PT-001750,ENC-0005027,2339-0,Glucose,299.9,mg/dL,2025-09-07
OBS-00010040,PT-001750,ENC-0005027,4548-4,Hemoglobin A1c,7.9,%,2025-09-07
OBS-00010041,PT-001750,ENC-0005027,2160-0,Creatinine,2.5,mg/dL,2025-09-07
OBS-00010042,PT-001751,ENC-0005028,718-7,Hemoglobin,11.1,g/dL,2026-05-03
OBS-00010043,PT-001751,ENC-0005029,2339-0,Glucose,304.5,mg/dL,2026-07-21
OBS-00010044,PT-001752,ENC-0005030,2339-0,Glucose,98.7,mg/dL,2025-09-10
OBS-00010045,PT-001752,ENC-0005030,8462-4,Diastolic blood pressure,57.5,mmHg,2025-09-10
OBS-00010046,PT-001752,ENC-0005031,718-7,Hemoglobin,14.6,g/dL,2025-02-07
OBS-00010047,PT-001752,ENC-0005031,4548-4,Hemoglobin A1c,12.5,%,2025-02-07
OBS-00010048,PT-001752,ENC-0005031,2339-0,Glucose,264.5,mg/dL,2025-02-07
OBS-00010049,PT-001752,ENC-0005032,4548-4,Hemoglobin A1c,10.5,%,2026-04-01
OBS-00010050,PT-001752,ENC-0005032,4548-4,Hemoglobin A1c,6.7,%,2026-04-01
OBS-00010051,PT-001752,ENC-0005033,4548-4,Hemoglobin A1c,10.4,%,2024-10-10
OBS-00010052,PT-001752,ENC-0005033,2160-0,Creatinine,4.4,mg/dL,2024-10-10
OBS-00010053,PT-001752,ENC-0005033,4548-4,Hemoglobin A1c,10.8,%,2024-10-10
OBS-00010054,PT-001753,ENC-0005034,8480-6,Systolic blood pressure,118.1,mmHg,2025-08-03
OBS-00010055,PT-001753,ENC-0005035,718-7,Hemoglobin,15.5,g/dL,2026-01-09
OBS-00010056,PT-001753,ENC-0005035,2160-0,Creatinine,1.5,mg/dL,2026-01-09
OBS-00010057,PT-001753,ENC-0005035,718-7,Hemoglobin,13.2,g/dL,2026-01-09
OBS-00010058,PT-001753,ENC-0005036,8462-4,Diastolic blood pressure,101.5,mmHg,2025-10-22
OBS-00010059,PT-001753,ENC-0005036,718-7,Hemoglobin,9.8,g/dL,2025-10-22
OBS-00010060,PT-001753,ENC-0005036,8480-6,Systolic blood pressure,110.5,mmHg,2025-10-22
OBS-00010061,PT-001753,ENC-0005037,8480-6,Systolic blood pressure,155.0,mmHg,2026-03-09
OBS-00010062,PT-001753,ENC-0005038,2160-0,Creatinine,3.6,mg/dL,2026-07-04
OBS-00010063,PT-001753,ENC-0005039,8480-6,Systolic blood pressure,135.2,mmHg,2026-01-09
OBS-00010064,PT-001754,ENC-0005040,2160-0,Creatinine,0.9,mg/dL,2026-01-12
OBS-00010065,PT-001755,ENC-0005041,8462-4,Diastolic blood pressure,55.7,mmHg,2024-12-10
OBS-00010066,PT-001755,ENC-0005041,2339-0,Glucose,103.3,mg/dL,2024-12-10
OBS-00010067,PT-001755,ENC-0005042,4548-4,Hemoglobin A1c,10.5,%,2026-08-21
OBS-00010068,PT-001755,ENC-0005042,8462-4,Diastolic blood pressure,77.9,mmHg,2026-08-21
OBS-00010069,PT-001755,ENC-0005043,4548-4,Hemoglobin A1c,11.9,%,2024-11-09
OBS-00010070,PT-001755,ENC-0005043,4548-4,Hemoglobin A1c,10.4,%,2024-11-09
OBS-00010071,PT-001755,ENC-0005043,4548-4,Hemoglobin A1c,9.1,%,2024-11-09
OBS-00010072,PT-001755,ENC-0005044,718-7,Hemoglobin,8.4,g/dL,2025-10-07
OBS-00010073,PT-001755,ENC-0005044,4548-4,Hemoglobin A1c,9.9,%,2025-10-07
OBS-00010074,PT-001755,ENC-0005044,2160-0,Creatinine,3.1,mg/dL,2025-10-07
OBS-00010075,PT-001756,ENC-0005045,2160-0,Creatinine,1.5,mg/dL,2025-10-26
OBS-00010076,PT-001756,ENC-0005045,718-7,Hemoglobin,15.2,g/dL,2025-10-26
OBS-00010077,PT-001756,ENC-0005045,8462-4,Diastolic blood pressure,98.5,mmHg,2025-10-26
OBS-00010078,PT-001757,ENC-0005046,8480-6,Systolic blood pressure,160.6,mmHg,2024-11-16
OBS-00010079,PT-001757,ENC-0005047,4548-4,Hemoglobin A1c,9.2,%,2026-01-21
OBS-00010080,PT-001757,ENC-0005047,2160-0,Creatinine,0.9,mg/dL,2026-01-21
OBS-00010081,PT-001757,ENC-0005048,718-7,Hemoglobin,9.5,g/dL,2025-09-18
OBS-00010082,PT-001757,ENC-0005048,8462-4,Diastolic blood pressure,105.9,mmHg,2025-09-18
OBS-00010083,PT-001757,ENC-0005048,4548-4,Hemoglobin A1c,5.4,%,2025-09-18
OBS-00010084,PT-001757,ENC-0005049,8480-6,Systolic blood pressure,115.9,mmHg,2026-09-17
OBS-00010085,PT-001758,ENC-0005050,718-7,Hemoglobin,13.6,g/dL,2025-08-17
OBS-00010086,PT-001758,ENC-0005050,8480-6,Systolic blood pressure,134.4,mmHg,2025-08-17
OBS-00010087,PT-001758,ENC-0005050,2160-0,Creatinine,3.9,mg/dL,2025-08-17
OBS-00010088,PT-001758,ENC-0005051,8480-6,Systolic blood pressure,151.4,mmHg,2026-08-01
OBS-00010089,PT-001758,ENC-0005051,8480-6,Systolic blood pressure,143.1,mmHg,2026-08-01
OBS-00010090,PT-001758,ENC-0005051,4548-4,Hemoglobin A1c,5.1,%,2026-08-01
OBS-00010091,PT-001759,ENC-0005052,4548-4,Hemoglobin A1c,8.8,%,2024-11-07
OBS-00010092,PT-001759,ENC-0005052,2160-0,Creatinine,1.3,mg/dL,2024-11-07
OBS-00010093,PT-001759,ENC-0005052,718-7,Hemoglobin,12.8,g/dL,2024-11-07
OBS-00010094,PT-001759,ENC-0005053,2339-0,Glucose,216.1,mg/dL,2025-01-21
OBS-00010095,PT-001759,ENC-0005053,8462-4,Diastolic blood pressure,103.4,mmHg,2025-01-21
OBS-00010096,PT-001759,ENC-0005053,2339-0,Glucose,202.8,mg/dL,2025-01-21
OBS-00010097,PT-001759,ENC-0005054,2160-0,Creatinine,4.3,mg/dL,2025-09-16
OBS-00010098,PT-001759,ENC-0005055,8462-4,Diastolic blood pressure,94.3,mmHg,2026-07-09
OBS-00010099,PT-001759,ENC-0005055,2339-0,Glucose,141.8,mg/dL,2026-07-09
OBS-00010100,PT-001759,ENC-0005055,8462-4,Diastolic blood pressure,91.3,mmHg,2026-07-09
OBS-00010101,PT-001759,ENC-0005056,718-7,Hemoglobin,13.0,g/dL,2026-07-30
OBS-00010102,PT-001759,ENC-0005056,2160-0,Creatinine,3.4,mg/dL,2026-07-30
OBS-00010103,PT-001759,ENC-0005057,8462-4,Diastolic blood pressure,91.3,mmHg,2024-12-07
OBS-00010104,PT-001759,ENC-0005057,2160-0,Creatinine,1.8,mg/dL,2024-12-07
OBS-00010105,PT-001759,ENC-0005058,4548-4,Hemoglobin A1c,8.3,%,2026-08-09
OBS-00010106,PT-001760,ENC-0005059,8480-6,Systolic blood pressure,130.9,mmHg,2026-08-05
OBS-00010107,PT-001760,ENC-0005059,8480-6,Systolic blood pressure,176.2,mmHg,2026-08-05
OBS-00010108,PT-001760,ENC-0005060,2160-0,Creatinine,4.1,mg/dL,2025-02-17
OBS-00010109,PT-001760,ENC-0005061,2339-0,Glucose,151.8,mg/dL,2025-03-05
OBS-00010110,PT-001761,ENC-0005062,2339-0,Glucose,203.0,mg/dL,2024-12-03
OBS-00010111,PT-001761,ENC-0005063,718-7,Hemoglobin,15.6,g/dL,2026-02-13
OBS-00010112,PT-001761,ENC-0005063,2339-0,Glucose,318.1,mg/dL,2026-02-13
OBS-00010113,PT-001761,ENC-0005064,4548-4,Hemoglobin A1c,7.5,%,2025-01-10
OBS-00010114,PT-001761,ENC-0005064,4548-4,Hemoglobin A1c,8.9,%,2025-01-10
OBS-00010115,PT-001762,ENC-0005065,8480-6,Systolic blood pressure,174.0,mmHg,2025-11-22
OBS-00010116,PT-001762,ENC-0005066,718-7,Hemoglobin,15.2,g/dL,2025-09-04
OBS-00010117,PT-001762,ENC-0005067,4548-4,Hemoglobin A1c,8.7,%,2025-11-11
OBS-00010118,PT-001762,ENC-0005067,8462-4,Diastolic blood pressure,97.8,mmHg,2025-11-11
OBS-00010119,PT-001763,ENC-0005068,8480-6,Systolic blood pressure,123.9,mmHg,2025-12-14
OBS-00010120,PT-001763,ENC-0005068,8480-6,Systolic blood pressure,118.4,mmHg,2025-12-14
OBS-00010121,PT-001763,ENC-0005068,2339-0,Glucose,270.6,mg/dL,2025-12-14
OBS-00010122,PT-001763,ENC-0005069,2160-0,Creatinine,1.9,mg/dL,2026-07-31
OBS-00010123,PT-001763,ENC-0005070,2160-0,Creatinine,3.8,mg/dL,2026-03-31
OBS-00010124,PT-001763,ENC-0005070,2160-0,Creatinine,1.6,mg/dL,2026-03-31
OBS-00010125,PT-001764,ENC-0005071,8462-4,Diastolic blood pressure,67.7,mmHg,2026-07-15
OBS-00010126,PT-001764,ENC-0005072,4548-4,Hemoglobin A1c,7.6,%,2026-03-10
OBS-00010127,PT-001765,ENC-0005073,2339-0,Glucose,300.6,mg/dL,2026-03-27
OBS-00010128,PT-001765,ENC-0005074,2339-0,Glucose,190.4,mg/dL,2025-02-25
OBS-00010129,PT-001765,ENC-0005074,8480-6,Systolic blood pressure,112.8,mmHg,2025-02-25
OBS-00010130,PT-001765,ENC-0005075,4548-4,Hemoglobin A1c,7.4,%,2025-12-22
OBS-00010131,PT-001766,ENC-0005076,8462-4,Diastolic blood pressure,72.9,mmHg,2026-07-20
OBS-00010132,PT-001766,ENC-0005077,8480-6,Systolic blood pressure,168.5,mmHg,2025-04-20
OBS-00010133,PT-001766,ENC-0005078,2339-0,Glucose,118.4,mg/dL,2025-07-11
OBS-00010134,PT-001766,ENC-0005078,2160-0,Creatinine,3.3,mg/dL,2025-07-11
OBS-00010135,PT-001766,ENC-0005078,4548-4,Hemoglobin A1c,9.4,%,2025-07-11
OBS-00010136,PT-001766,ENC-0005079,4548-4,Hemoglobin A1c,8.1,%,2026-07-28
OBS-00010137,PT-001766,ENC-0005079,2160-0,Creatinine,0.6,mg/dL,2026-07-28
OBS-00010138,PT-001766,ENC-0005079,2160-0,Creatinine,0.8,mg/dL,2026-07-28
OBS-00010139,PT-001766,ENC-0005080,8480-6,Systolic blood pressure,176.7,mmHg,2026-04-14
OBS-00010140,PT-001766,ENC-0005080,2160-0,Creatinine,1.9,mg/dL,2026-04-14
OBS-00010141,PT-001766,ENC-0005080,2160-0,Creatinine,1.8,mg/dL,2026-04-14
OBS-00010142,PT-001767,ENC-0005081,718-7,Hemoglobin,15.9,g/dL,2024-09-29
OBS-00010143,PT-001767,ENC-0005081,718-7,Hemoglobin,9.7,g/dL,2024-09-29
OBS-00010144,PT-001768,ENC-0005082,718-7,Hemoglobin,12.6,g/dL,2025-03-27
OBS-00010145,PT-001768,ENC-0005083,2160-0,Creatinine,1.2,mg/dL,2024-09-25
OBS-00010146,PT-001768,ENC-0005083,8462-4,Diastolic blood pressure,55.9,mmHg,2024-09-25
OBS-00010147,PT-001768,ENC-0005084,2339-0,Glucose,227.8,mg/dL,2026-03-29
OBS-00010148,PT-001768,ENC-0005084,4548-4,Hemoglobin A1c,8.7,%,2026-03-29
OBS-00010149,PT-001769,ENC-0005085,4548-4,Hemoglobin A1c,9.6,%,2025-09-17
OBS-00010150,PT-001769,ENC-0005085,8462-4,Diastolic blood pressure,97.4,mmHg,2025-09-17
OBS-00010151,PT-001770,ENC-0005086,8480-6,Systolic blood pressure,152.2,mmHg,2025-03-18
OBS-00010152,PT-001770,ENC-0005087,718-7,Hemoglobin,8.0,g/dL,2025-09-19
OBS-00010153,PT-001770,ENC-0005087,2339-0,Glucose,177.7,mg/dL,2025-09-19
OBS-00010154,PT-001770,ENC-0005088,4548-4,Hemoglobin A1c,10.1,%,2025-12-28
OBS-00010155,PT-001770,ENC-0005089,8462-4,Diastolic blood pressure,75.8,mmHg,2026-07-26
OBS-00010156,PT-001770,ENC-0005089,2339-0,Glucose,161.3,mg/dL,2026-07-26
OBS-00010157,PT-001770,ENC-0005089,2339-0,Glucose,148.2,mg/dL,2026-07-26
OBS-00010158,PT-001770,ENC-0005090,8462-4,Diastolic blood pressure,80.2,mmHg,2026-04-12
OBS-00010159,PT-001770,ENC-0005090,2339-0,Glucose,174.7,mg/dL,2026-04-12
OBS-00010160,PT-001771,ENC-0005091,8480-6,Systolic blood pressure,159.1,mmHg,2024-11-21
OBS-00010161,PT-001771,ENC-0005091,8480-6,Systolic blood pressure,179.7,mmHg,2024-11-21
OBS-00010162,PT-001771,ENC-0005092,718-7,Hemoglobin,13.0,g/dL,2026-06-09
OBS-00010163,PT-001771,ENC-0005093,4548-4,Hemoglobin A1c,9.7,%,2024-11-30
OBS-00010164,PT-001771,ENC-0005093,8462-4,Diastolic blood pressure,67.3,mmHg,2024-11-30
OBS-00010165,PT-001771,ENC-0005094,4548-4,Hemoglobin A1c,8.9,%,2026-02-16
OBS-00010166,PT-001771,ENC-0005094,718-7,Hemoglobin,11.0,g/dL,2026-02-16
OBS-00010167,PT-001771,ENC-0005094,2160-0,Creatinine,1.3,mg/dL,2026-02-16
OBS-00010168,PT-001772,ENC-0005095,8462-4,Diastolic blood pressure,100.5,mmHg,2026-05-11
OBS-00010169,PT-001773,ENC-0005096,8480-6,Systolic blood pressure,156.6,mmHg,2025-05-11
OBS-00010170,PT-001773,ENC-0005096,718-7,Hemoglobin,13.3,g/dL,2025-05-11
OBS-00010171,PT-001773,ENC-0005096,718-7,Hemoglobin,12.6,g/dL,2025-05-11
OBS-00010172,PT-001773,ENC-0005097,2160-0,Creatinine,3.8,mg/dL,2025-08-15
OBS-00010173,PT-001773,ENC-0005097,8462-4,Diastolic blood pressure,79.4,mmHg,2025-08-15
OBS-00010174,PT-001773,ENC-0005097,4548-4,Hemoglobin A1c,5.3,%,2025-08-15
OBS-00010175,PT-001773,ENC-0005098,4548-4,Hemoglobin A1c,7.9,%,2025-05-19
OBS-00010176,PT-001774,ENC-0005099,2339-0,Glucose,130.8,mg/dL,2025-06-19
OBS-00010177,PT-001775,ENC-0005100,2339-0,Glucose,134.9,mg/dL,2026-09-06
OBS-00010178,PT-001775,ENC-0005100,8462-4,Diastolic blood pressure,91.9,mmHg,2026-09-06
OBS-00010179,PT-001775,ENC-0005101,8480-6,Systolic blood pressure,140.7,mmHg,2026-05-27
OBS-00010180,PT-001775,ENC-0005101,8480-6,Systolic blood pressure,101.7,mmHg,2026-05-27
OBS-00010181,PT-001776,ENC-0005102,8462-4,Diastolic blood pressure,86.4,mmHg,2025-10-13
OBS-00010182,PT-001776,ENC-0005103,718-7,Hemoglobin,14.0,g/dL,2026-08-22
OBS-00010183,PT-001776,ENC-0005103,2160-0,Creatinine,1.8,mg/dL,2026-08-22
OBS-00010184,PT-001776,ENC-0005103,718-7,Hemoglobin,13.0,g/dL,2026-08-22
OBS-00010185,PT-001776,ENC-0005104,2160-0,Creatinine,1.3,mg/dL,2025-08-28
OBS-00010186,PT-001776,ENC-0005104,8480-6,Systolic blood pressure,107.8,mmHg,2025-08-28
OBS-00010187,PT-001776,ENC-0005104,8480-6,Systolic blood pressure,154.8,mmHg,2025-08-28
OBS-00010188,PT-001776,ENC-0005105,4548-4,Hemoglobin A1c,7.2,%,2026-02-16
OBS-00010189,PT-001776,ENC-0005106,4548-4,Hemoglobin A1c,4.8,%,2026-09-05
OBS-00010190,PT-001776,ENC-0005106,2339-0,Glucose,264.0,mg/dL,2026-09-05
OBS-00010191,PT-001776,ENC-0005106,2160-0,Creatinine,1.8,mg/dL,2026-09-05
OBS-00010192,PT-001776,ENC-0005107,718-7,Hemoglobin,14.8,g/dL,2025-05-04
OBS-00010193,PT-001776,ENC-0005107,8480-6,Systolic blood pressure,142.8,mmHg,2025-05-04
OBS-00010194,PT-001777,ENC-0005108,4548-4,Hemoglobin A1c,6.2,%,2026-06-08
OBS-00010195,PT-001777,ENC-0005109,8462-4,Diastolic blood pressure,78.5,mmHg,2025-11-17
OBS-00010196,PT-001777,ENC-0005110,2339-0,Glucose,249.0,mg/dL,2026-04-20
OBS-00010197,PT-001777,ENC-0005110,4548-4,Hemoglobin A1c,6.8,%,2026-04-20
OBS-00010198,PT-001777,ENC-0005111,4548-4,Hemoglobin A1c,8.7,%,2026-03-15
OBS-00010199,PT-001777,ENC-0005111,8462-4,Diastolic blood pressure,79.1,mmHg,2026-03-15
OBS-00010200,PT-001777,ENC-0005112,2339-0,Glucose,110.0,mg/dL,2025-08-27
OBS-00010201,PT-001778,ENC-0005113,2339-0,Glucose,100.8,mg/dL,2026-05-02
OBS-00010202,PT-001778,ENC-0005114,2160-0,Creatinine,1.1,mg/dL,2025-07-26
OBS-00010203,PT-001778,ENC-0005114,2339-0,Glucose,269.1,mg/dL,2025-07-26
OBS-00010204,PT-001778,ENC-0005114,4548-4,Hemoglobin A1c,8.3,%,2025-07-26
OBS-00010205,PT-001778,ENC-0005115,8462-4,Diastolic blood pressure,56.9,mmHg,2025-11-23
OBS-00010206,PT-001778,ENC-0005116,718-7,Hemoglobin,10.9,g/dL,2025-03-19
OBS-00010207,PT-001778,ENC-0005116,2160-0,Creatinine,1.2,mg/dL,2025-03-19
OBS-00010208,PT-001778,ENC-0005116,2339-0,Glucose,74.6,mg/dL,2025-03-19
OBS-00010209,PT-001778,ENC-0005117,2160-0,Creatinine,3.9,mg/dL,2025-10-11
OBS-00010210,PT-001778,ENC-0005117,4548-4,Hemoglobin A1c,9.3,%,2025-10-11
OBS-00010211,PT-001778,ENC-0005118,4548-4,Hemoglobin A1c,7.1,%,2025-04-07
OBS-00010212,PT-001779,ENC-0005119,718-7,Hemoglobin,16.3,g/dL,2025-01-09
OBS-00010213,PT-001779,ENC-0005119,2339-0,Glucose,260.9,mg/dL,2025-01-09
OBS-00010214,PT-001779,ENC-0005120,8462-4,Diastolic blood pressure,85.9,mmHg,2025-08-28
OBS-00010215,PT-001779,ENC-0005120,8480-6,Systolic blood pressure,167.0,mmHg,2025-08-28
OBS-00010216,PT-001779,ENC-0005120,718-7,Hemoglobin,12.6,g/dL,2025-08-28
OBS-00010217,PT-001780,ENC-0005121,4548-4,Hemoglobin A1c,10.8,%,2026-07-10
OBS-00010218,PT-001780,ENC-0005122,718-7,Hemoglobin,11.6,g/dL,2025-08-09
OBS-00010219,PT-001780,ENC-0005123,2160-0,Creatinine,1.6,mg/dL,2025-01-10
OBS-00010220,PT-001780,ENC-0005123,4548-4,Hemoglobin A1c,5.1,%,2025-01-10
OBS-00010221,PT-001780,ENC-0005124,2160-0,Creatinine,1.2,mg/dL,2026-02-19
OBS-00010222,PT-001780,ENC-0005124,8462-4,Diastolic blood pressure,70.8,mmHg,2026-02-19
OBS-00010223,PT-001781,ENC-0005125,2339-0,Glucose,73.2,mg/dL,2026-05-12
OBS-00010224,PT-001781,ENC-0005125,4548-4,Hemoglobin A1c,5.9,%,2026-05-12
OBS-00010225,PT-001781,ENC-0005126,8480-6,Systolic blood pressure,151.3,mmHg,2026-08-28
OBS-00010226,PT-001781,ENC-0005126,4548-4,Hemoglobin A1c,11.0,%,2026-08-28
OBS-00010227,PT-001781,ENC-0005126,2339-0,Glucose,252.7,mg/dL,2026-08-28
OBS-00010228,PT-001781,ENC-0005127,718-7,Hemoglobin,9.3,g/dL,2025-11-07
OBS-00010229,PT-001781,ENC-0005127,718-7,Hemoglobin,16.0,g/dL,2025-11-07
OBS-00010230,PT-001781,ENC-0005128,2339-0,Glucose,213.5,mg/dL,2025-02-24
OBS-00010231,PT-001781,ENC-0005128,4548-4,Hemoglobin A1c,11.2,%,2025-02-24
OBS-00010232,PT-001781,ENC-0005129,718-7,Hemoglobin,14.6,g/dL,2025-12-28
OBS-00010233,PT-001781,ENC-0005130,718-7,Hemoglobin,16.7,g/dL,2026-07-16
OBS-00010234,PT-001782,ENC-0005131,4548-4,Hemoglobin A1c,9.9,%,2025-04-17
OBS-00010235,PT-001782,ENC-0005131,2160-0,Creatinine,4.3,mg/dL,2025-04-17
OBS-00010236,PT-001782,ENC-0005131,2339-0,Glucose,187.2,mg/dL,2025-04-17
OBS-00010237,PT-001782,ENC-0005132,8480-6,Systolic blood pressure,98.7,mmHg,2025-09-07
OBS-00010238,PT-001782,ENC-0005133,4548-4,Hemoglobin A1c,6.0,%,2025-08-21
OBS-00010239,PT-001783,ENC-0005134,718-7,Hemoglobin,15.5,g/dL,2026-02-09
OBS-00010240,PT-001783,ENC-0005134,718-7,Hemoglobin,8.6,g/dL,2026-02-09
OBS-00010241,PT-001783,ENC-0005135,8462-4,Diastolic blood pressure,55.7,mmHg,2026-04-13
OBS-00010242,PT-001784,ENC-0005136,4548-4,Hemoglobin A1c,4.9,%,2025-07-18
OBS-00010243,PT-001785,ENC-0005137,4548-4,Hemoglobin A1c,6.6,%,2025-04-18
OBS-00010244,PT-001785,ENC-0005138,8462-4,Diastolic blood pressure,108.2,mmHg,2026-08-08
OBS-00010245,PT-001785,ENC-0005139,2339-0,Glucose,191.3,mg/dL,2025-07-14
OBS-00010246,PT-001785,ENC-0005139,8462-4,Diastolic blood pressure,79.3,mmHg,2025-07-14
OBS-00010247,PT-001785,ENC-0005139,4548-4,Hemoglobin A1c,5.4,%,2025-07-14
OBS-00010248,PT-001786,ENC-0005140,4548-4,Hemoglobin A1c,11.7,%,2025-01-11
OBS-00010249,PT-001786,ENC-0005140,718-7,Hemoglobin,12.4,g/dL,2025-01-11
OBS-00010250,PT-001786,ENC-0005141,4548-4,Hemoglobin A1c,10.5,%,2026-01-27
OBS-00010251,PT-001786,ENC-0005141,8462-4,Diastolic blood pressure,90.9,mmHg,2026-01-27
OBS-00010252,PT-001786,ENC-0005141,2339-0,Glucose,136.7,mg/dL,2026-01-27
OBS-00010253,PT-001786,ENC-0005142,2339-0,Glucose,115.0,mg/dL,2025-07-04
OBS-00010254,PT-001786,ENC-0005142,8462-4,Diastolic blood pressure,74.2,mmHg,2025-07-04
OBS-00010255,PT-001786,ENC-0005143,718-7,Hemoglobin,9.1,g/dL,2025-12-31
OBS-00010256,PT-001786,ENC-0005143,718-7,Hemoglobin,16.3,g/dL,2025-12-31
OBS-00010257,PT-001787,ENC-0005144,2160-0,Creatinine,4.2,mg/dL,2026-05-01
OBS-00010258,PT-001787,ENC-0005144,8462-4,Diastolic blood pressure,95.5,mmHg,2026-05-01
OBS-00010259,PT-001788,ENC-0005145,2339-0,Glucose,161.6,mg/dL,2026-06-06
OBS-00010260,PT-001788,ENC-0005146,2160-0,Creatinine,0.7,mg/dL,2026-08-20
OBS-00010261,PT-001788,ENC-0005147,718-7,Hemoglobin,12.4,g/dL,2025-01-23
OBS-00010262,PT-001788,ENC-0005148,8462-4,Diastolic blood pressure,81.8,mmHg,2025-11-08
OBS-00010263,PT-001788,ENC-0005148,4548-4,Hemoglobin A1c,9.3,%,2025-11-08
OBS-00010264,PT-001788,ENC-0005148,8480-6,Systolic blood pressure,147.7,mmHg,2025-11-08
OBS-00010265,PT-001788,ENC-0005149,8480-6,Systolic blood pressure,133.0,mmHg,2026-08-08
OBS-00010266,PT-001788,ENC-0005150,2160-0,Creatinine,1.4,mg/dL,2025-09-11
OBS-00010267,PT-001789,ENC-0005151,4548-4,Hemoglobin A1c,10.2,%,2024-10-29
OBS-00010268,PT-001789,ENC-0005151,718-7,Hemoglobin,11.7,g/dL,2024-10-29
OBS-00010269,PT-001789,ENC-0005152,8480-6,Systolic blood pressure,173.7,mmHg,2026-07-27
OBS-00010270,PT-001790,ENC-0005153,8480-6,Systolic blood pressure,130.1,mmHg,2026-02-04
OBS-00010271,PT-001790,ENC-0005154,718-7,Hemoglobin,12.8,g/dL,2025-09-10
OBS-00010272,PT-001790,ENC-0005155,8462-4,Diastolic blood pressure,84.9,mmHg,2026-03-18
OBS-00010273,PT-001790,ENC-0005155,2339-0,Glucose,316.7,mg/dL,2026-03-18
OBS-00010274,PT-001790,ENC-0005155,8462-4,Diastolic blood pressure,65.3,mmHg,2026-03-18
OBS-00010275,PT-001791,ENC-0005156,8480-6,Systolic blood pressure,167.9,mmHg,2026-07-27
OBS-00010276,PT-001791,ENC-0005156,4548-4,Hemoglobin A1c,11.1,%,2026-07-27
OBS-00010277,PT-001791,ENC-0005157,8480-6,Systolic blood pressure,108.1,mmHg,2025-12-25
OBS-00010278,PT-001791,ENC-0005157,718-7,Hemoglobin,8.5,g/dL,2025-12-25
OBS-00010279,PT-001792,ENC-0005158,8462-4,Diastolic blood pressure,79.0,mmHg,2026-06-30
OBS-00010280,PT-001792,ENC-0005158,2160-0,Creatinine,1.9,mg/dL,2026-06-30
OBS-00010281,PT-001792,ENC-0005158,4548-4,Hemoglobin A1c,4.9,%,2026-06-30
OBS-00010282,PT-001792,ENC-0005159,2160-0,Creatinine,1.6,mg/dL,2025-11-02
OBS-00010283,PT-001792,ENC-0005159,718-7,Hemoglobin,16.2,g/dL,2025-11-02
OBS-00010284,PT-001792,ENC-0005159,2339-0,Glucose,188.6,mg/dL,2025-11-02
OBS-00010285,PT-001792,ENC-0005160,2160-0,Creatinine,1.9,mg/dL,2025-06-18
OBS-00010286,PT-001792,ENC-0005160,8480-6,Systolic blood pressure,121.3,mmHg,2025-06-18
OBS-00010287,PT-001792,ENC-0005160,8480-6,Systolic blood pressure,160.0,mmHg,2025-06-18
OBS-00010288,PT-001792,ENC-0005161,2160-0,Creatinine,1.0,mg/dL,2025-03-31
OBS-00010289,PT-001792,ENC-0005161,718-7,Hemoglobin,8.5,g/dL,2025-03-31
OBS-00010290,PT-001793,ENC-0005162,8480-6,Systolic blood pressure,126.5,mmHg,2026-03-02
OBS-00010291,PT-001793,ENC-0005163,2160-0,Creatinine,0.9,mg/dL,2025-09-16
OBS-00010292,PT-001793,ENC-0005163,2339-0,Glucose,186.6,mg/dL,2025-09-16
OBS-00010293,PT-001794,ENC-0005164,2160-0,Creatinine,4.3,mg/dL,2025-12-31
OBS-00010294,PT-001794,ENC-0005165,8480-6,Systolic blood pressure,169.8,mmHg,2025-11-10
OBS-00010295,PT-001794,ENC-0005166,8462-4,Diastolic blood pressure,79.7,mmHg,2025-12-03
OBS-00010296,PT-001794,ENC-0005166,2339-0,Glucose,136.3,mg/dL,2025-12-03
OBS-00010297,PT-001794,ENC-0005166,4548-4,Hemoglobin A1c,9.5,%,2025-12-03
OBS-00010298,PT-001795,ENC-0005167,2160-0,Creatinine,3.5,mg/dL,2025-11-22
OBS-00010299,PT-001795,ENC-0005167,718-7,Hemoglobin,15.6,g/dL,2025-11-22
OBS-00010300,PT-001796,ENC-0005168,2339-0,Glucose,210.0,mg/dL,2024-11-24
OBS-00010301,PT-001796,ENC-0005169,8480-6,Systolic blood pressure,104.9,mmHg,2025-10-22
OBS-00010302,PT-001796,ENC-0005170,2160-0,Creatinine,1.2,mg/dL,2026-03-01
OBS-00010303,PT-001796,ENC-0005171,2160-0,Creatinine,2.9,mg/dL,2025-09-21
OBS-00010304,PT-001796,ENC-0005171,8480-6,Systolic blood pressure,135.8,mmHg,2025-09-21
OBS-00010305,PT-001796,ENC-0005171,2339-0,Glucose,80.9,mg/dL,2025-09-21
OBS-00010306,PT-001796,ENC-0005172,8462-4,Diastolic blood pressure,80.9,mmHg,2026-06-23
OBS-00010307,PT-001796,ENC-0005172,4548-4,Hemoglobin A1c,8.0,%,2026-06-23
OBS-00010308,PT-001796,ENC-0005172,2160-0,Creatinine,3.3,mg/dL,2026-06-23
OBS-00010309,PT-001797,ENC-0005173,2160-0,Creatinine,3.3,mg/dL,2025-07-03
OBS-00010310,PT-001797,ENC-0005174,2160-0,Creatinine,3.6,mg/dL,2024-12-15
OBS-00010311,PT-001797,ENC-0005174,8480-6,Systolic blood pressure,102.8,mmHg,2024-12-15
OBS-00010312,PT-001797,ENC-0005174,2160-0,Creatinine,3.2,mg/dL,2024-12-15
OBS-00010313,PT-001798,ENC-0005175,8462-4,Diastolic blood pressure,71.0,mmHg,2025-08-14
OBS-00010314,PT-001798,ENC-0005175,4548-4,Hemoglobin A1c,6.5,%,2025-08-14
OBS-00010315,PT-001798,ENC-0005175,8480-6,Systolic blood pressure,111.1,mmHg,2025-08-14
OBS-00010316,PT-001798,ENC-0005176,2160-0,Creatinine,3.8,mg/dL,2024-10-29
OBS-00010317,PT-001798,ENC-0005176,2160-0,Creatinine,4.1,mg/dL,2024-10-29
OBS-00010318,PT-001798,ENC-0005176,8480-6,Systolic blood pressure,184.2,mmHg,2024-10-29
OBS-00010319,PT-001799,ENC-0005177,2339-0,Glucose,147.0,mg/dL,2026-05-10
OBS-00010320,PT-001799,ENC-0005178,8480-6,Systolic blood pressure,117.8,mmHg,2026-06-14
OBS-00010321,PT-001800,ENC-0005179,2160-0,Creatinine,2.0,mg/dL,2024-10-10
OBS-00010322,PT-001800,ENC-0005179,4548-4,Hemoglobin A1c,6.4,%,2024-10-10
OBS-00010323,PT-001800,ENC-0005180,718-7,Hemoglobin,15.5,g/dL,2026-08-31
OBS-00010324,PT-001800,ENC-0005180,8462-4,Diastolic blood pressure,74.0,mmHg,2026-08-31
OBS-00010325,PT-001800,ENC-0005181,8462-4,Diastolic blood pressure,59.0,mmHg,2025-06-01
OBS-00010326,PT-001800,ENC-0005181,2339-0,Glucose,134.4,mg/dL,2025-06-01
OBS-00010327,PT-001801,ENC-0005182,2160-0,Creatinine,2.1,mg/dL,2024-12-30
OBS-00010328,PT-001801,ENC-0005182,8480-6,Systolic blood pressure,168.0,mmHg,2024-12-30
OBS-00010329,PT-001801,ENC-0005182,4548-4,Hemoglobin A1c,12.5,%,2024-12-30
OBS-00010330,PT-001801,ENC-0005183,8480-6,Systolic blood pressure,145.5,mmHg,2025-06-02
OBS-00010331,PT-001801,ENC-0005184,718-7,Hemoglobin,12.8,g/dL,2026-06-27
OBS-00010332,PT-001801,ENC-0005184,4548-4,Hemoglobin A1c,8.9,%,2026-06-27
OBS-00010333,PT-001801,ENC-0005185,2339-0,Glucose,274.0,mg/dL,2025-12-02
OBS-00010334,PT-001801,ENC-0005185,8480-6,Systolic blood pressure,140.5,mmHg,2025-12-02
OBS-00010335,PT-001801,ENC-0005186,4548-4,Hemoglobin A1c,9.8,%,2026-01-25
OBS-00010336,PT-001801,ENC-0005186,8480-6,Systolic blood pressure,98.2,mmHg,2026-01-25
OBS-00010337,PT-001801,ENC-0005187,8480-6,Systolic blood pressure,137.9,mmHg,2025-04-23
OBS-00010338,PT-001801,ENC-0005187,2339-0,Glucose,242.4,mg/dL,2025-04-23
OBS-00010339,PT-001802,ENC-0005188,2339-0,Glucose,150.0,mg/dL,2025-03-02
OBS-00010340,PT-001802,ENC-0005188,4548-4,Hemoglobin A1c,10.2,%,2025-03-02
OBS-00010341,PT-001802,ENC-0005188,4548-4,Hemoglobin A1c,7.1,%,2025-03-02
OBS-00010342,PT-001802,ENC-0005189,718-7,Hemoglobin,9.8,g/dL,2024-11-17
OBS-00010343,PT-001802,ENC-0005189,4548-4,Hemoglobin A1c,9.9,%,2024-11-17
OBS-00010344,PT-001802,ENC-0005189,718-7,Hemoglobin,15.1,g/dL,2024-11-17
OBS-00010345,PT-001802,ENC-0005190,718-7,Hemoglobin,14.9,g/dL,2025-09-04
OBS-00010346,PT-001802,ENC-0005190,2160-0,Creatinine,4.1,mg/dL,2025-09-04
OBS-00010347,PT-001802,ENC-0005190,8480-6,Systolic blood pressure,140.8,mmHg,2025-09-04
OBS-00010348,PT-001802,ENC-0005191,718-7,Hemoglobin,14.1,g/dL,2024-09-26
OBS-00010349,PT-001802,ENC-0005191,718-7,Hemoglobin,8.6,g/dL,2024-09-26
OBS-00010350,PT-001803,ENC-0005192,8480-6,Systolic blood pressure,112.2,mmHg,2026-08-21
OBS-00010351,PT-001803,ENC-0005192,4548-4,Hemoglobin A1c,10.6,%,2026-08-21
OBS-00010352,PT-001803,ENC-0005193,2160-0,Creatinine,2.4,mg/dL,2025-09-16
OBS-00010353,PT-001803,ENC-0005193,2339-0,Glucose,146.0,mg/dL,2025-09-16
OBS-00010354,PT-001803,ENC-0005193,8480-6,Systolic blood pressure,162.8,mmHg,2025-09-16
OBS-00010355,PT-001803,ENC-0005194,2339-0,Glucose,224.0,mg/dL,2025-05-20
OBS-00010356,PT-001803,ENC-0005194,2160-0,Creatinine,1.0,mg/dL,2025-05-20
OBS-00010357,PT-001803,ENC-0005195,8462-4,Diastolic blood pressure,65.9,mmHg,2024-11-30
OBS-00010358,PT-001803,ENC-0005196,8462-4,Diastolic blood pressure,87.4,mmHg,2024-10-12
OBS-00010359,PT-001803,ENC-0005196,4548-4,Hemoglobin A1c,7.7,%,2024-10-12
OBS-00010360,PT-001803,ENC-0005196,2339-0,Glucose,227.6,mg/dL,2024-10-12
OBS-00010361,PT-001804,ENC-0005197,4548-4,Hemoglobin A1c,9.0,%,2025-11-18
OBS-00010362,PT-001804,ENC-0005198,4548-4,Hemoglobin A1c,7.8,%,2025-04-15
OBS-00010363,PT-001804,ENC-0005198,8480-6,Systolic blood pressure,159.4,mmHg,2025-04-15
OBS-00010364,PT-001804,ENC-0005198,718-7,Hemoglobin,14.0,g/dL,2025-04-15
OBS-00010365,PT-001804,ENC-0005199,2160-0,Creatinine,1.2,mg/dL,2026-07-05
OBS-00010366,PT-001804,ENC-0005199,718-7,Hemoglobin,16.0,g/dL,2026-07-05
OBS-00010367,PT-001804,ENC-0005200,8480-6,Systolic blood pressure,105.9,mmHg,2025-01-06
OBS-00010368,PT-001805,ENC-0005201,8462-4,Diastolic blood pressure,65.1,mmHg,2025-06-03
OBS-00010369,PT-001805,ENC-0005202,2160-0,Creatinine,0.9,mg/dL,2026-04-04
OBS-00010370,PT-001805,ENC-0005202,2160-0,Creatinine,3.5,mg/dL,2026-04-04
OBS-00010371,PT-001806,ENC-0005203,8462-4,Diastolic blood pressure,106.8,mmHg,2025-04-09
OBS-00010372,PT-001806,ENC-0005204,2160-0,Creatinine,2.2,mg/dL,2026-04-22
OBS-00010373,PT-001806,ENC-0005204,8462-4,Diastolic blood pressure,76.5,mmHg,2026-04-22
OBS-00010374,PT-001806,ENC-0005204,718-7,Hemoglobin,15.8,g/dL,2026-04-22
OBS-00010375,PT-001807,ENC-0005205,8462-4,Diastolic blood pressure,65.0,mmHg,2024-09-22
OBS-00010376,PT-001808,ENC-0005206,4548-4,Hemoglobin A1c,7.4,%,2024-10-16
OBS-00010377,PT-001808,ENC-0005206,718-7,Hemoglobin,14.3,g/dL,2024-10-16
OBS-00010378,PT-001808,ENC-0005206,2339-0,Glucose,146.8,mg/dL,2024-10-16
OBS-00010379,PT-001808,ENC-0005207,8480-6,Systolic blood pressure,146.7,mmHg,2026-06-04
OBS-00010380,PT-001809,ENC-0005208,2160-0,Creatinine,2.5,mg/dL,2026-08-26
OBS-00010381,PT-001809,ENC-0005208,718-7,Hemoglobin,10.5,g/dL,2026-08-26
OBS-00010382,PT-001809,ENC-0005209,8480-6,Systolic blood pressure,165.1,mmHg,2026-04-17
OBS-00010383,PT-001809,ENC-0005209,2339-0,Glucose,93.5,mg/dL,2026-04-17
OBS-00010384,PT-001809,ENC-0005209,4548-4,Hemoglobin A1c,11.7,%,2026-04-17
OBS-00010385,PT-001809,ENC-0005210,2160-0,Creatinine,0.9,mg/dL,2025-09-25
OBS-00010386,PT-001810,ENC-0005211,2339-0,Glucose,239.8,mg/dL,2025-10-08
OBS-00010387,PT-001810,ENC-0005211,8462-4,Diastolic blood pressure,94.9,mmHg,2025-10-08
OBS-00010388,PT-001811,ENC-0005212,4548-4,Hemoglobin A1c,9.1,%,2026-01-16
OBS-00010389,PT-001811,ENC-0005213,2160-0,Creatinine,3.9,mg/dL,2026-05-27
OBS-00010390,PT-001811,ENC-0005214,2160-0,Creatinine,1.6,mg/dL,2026-06-21
OBS-00010391,PT-001811,ENC-0005214,2339-0,Glucose,287.7,mg/dL,2026-06-21
OBS-00010392,PT-001811,ENC-0005215,4548-4,Hemoglobin A1c,11.1,%,2024-11-03
OBS-00010393,PT-001811,ENC-0005215,8480-6,Systolic blood pressure,107.5,mmHg,2024-11-03
OBS-00010394,PT-001811,ENC-0005215,718-7,Hemoglobin,14.4,g/dL,2024-11-03
OBS-00010395,PT-001812,ENC-0005216,4548-4,Hemoglobin A1c,10.2,%,2025-04-21
OBS-00010396,PT-001812,ENC-0005216,8462-4,Diastolic blood pressure,91.5,mmHg,2025-04-21
OBS-00010397,PT-001813,ENC-0005217,2160-0,Creatinine,1.2,mg/dL,2026-05-09
OBS-00010398,PT-001813,ENC-0005217,8462-4,Diastolic blood pressure,109.7,mmHg,2026-05-09
OBS-00010399,PT-001813,ENC-0005217,2339-0,Glucose,301.2,mg/dL,2026-05-09
OBS-00010400,PT-001814,ENC-0005218,2339-0,Glucose,99.1,mg/dL,2024-12-13
OBS-00010401,PT-001815,ENC-0005219,718-7,Hemoglobin,14.1,g/dL,2026-03-28
OBS-00010402,PT-001815,ENC-0005220,4548-4,Hemoglobin A1c,9.2,%,2025-05-01
OBS-00010403,PT-001815,ENC-0005220,2160-0,Creatinine,3.4,mg/dL,2025-05-01
OBS-00010404,PT-001815,ENC-0005221,4548-4,Hemoglobin A1c,6.6,%,2026-02-26
OBS-00010405,PT-001815,ENC-0005221,2339-0,Glucose,261.4,mg/dL,2026-02-26
OBS-00010406,PT-001815,ENC-0005221,2339-0,Glucose,185.3,mg/dL,2026-02-26
OBS-00010407,PT-001816,ENC-0005222,8480-6,Systolic blood pressure,150.3,mmHg,2026-02-25
OBS-00010408,PT-001816,ENC-0005223,2339-0,Glucose,118.3,mg/dL,2026-03-05
OBS-00010409,PT-001816,ENC-0005223,2160-0,Creatinine,4.1,mg/dL,2026-03-05
OBS-00010410,PT-001816,ENC-0005223,2160-0,Creatinine,3.1,mg/dL,2026-03-05
OBS-00010411,PT-001816,ENC-0005224,718-7,Hemoglobin,10.1,g/dL,2025-02-04
OBS-00010412,PT-001816,ENC-0005224,2160-0,Creatinine,3.7,mg/dL,2025-02-04
OBS-00010413,PT-001816,ENC-0005225,718-7,Hemoglobin,15.2,g/dL,2026-07-07
OBS-00010414,PT-001817,ENC-0005226,8480-6,Systolic blood pressure,182.9,mmHg,2024-12-29
OBS-00010415,PT-001817,ENC-0005226,8480-6,Systolic blood pressure,121.6,mmHg,2024-12-29
OBS-00010416,PT-001817,ENC-0005226,4548-4,Hemoglobin A1c,11.9,%,2024-12-29
OBS-00010417,PT-001817,ENC-0005227,2160-0,Creatinine,3.1,mg/dL,2025-08-25
OBS-00010418,PT-001817,ENC-0005227,4548-4,Hemoglobin A1c,10.8,%,2025-08-25
OBS-00010419,PT-001817,ENC-0005228,8480-6,Systolic blood pressure,154.0,mmHg,2025-12-06
OBS-00010420,PT-001818,ENC-0005229,718-7,Hemoglobin,14.8,g/dL,2025-07-22
OBS-00010421,PT-001818,ENC-0005229,8480-6,Systolic blood pressure,104.2,mmHg,2025-07-22
OBS-00010422,PT-001819,ENC-0005230,2160-0,Creatinine,4.0,mg/dL,2025-08-26
OBS-00010423,PT-001819,ENC-0005230,8480-6,Systolic blood pressure,143.0,mmHg,2025-08-26
OBS-00010424,PT-001819,ENC-0005230,2160-0,Creatinine,1.3,mg/dL,2025-08-26
OBS-00010425,PT-001819,ENC-0005231,2160-0,Creatinine,2.6,mg/dL,2026-07-14
OBS-00010426,PT-001819,ENC-0005232,8462-4,Diastolic blood pressure,104.9,mmHg,2026-09-05
OBS-00010427,PT-001819,ENC-0005232,8462-4,Diastolic blood pressure,69.1,mmHg,2026-09-05
OBS-00010428,PT-001819,ENC-0005233,718-7,Hemoglobin,8.7,g/dL,2025-10-04
OBS-00010429,PT-001819,ENC-0005233,2339-0,Glucose,139.5,mg/dL,2025-10-04
OBS-00010430,PT-001819,ENC-0005234,8462-4,Diastolic blood pressure,59.0,mmHg,2025-06-08
OBS-00010431,PT-001820,ENC-0005235,2160-0,Creatinine,2.2,mg/dL,2025-02-16
OBS-00010432,PT-001820,ENC-0005235,8480-6,Systolic blood pressure,109.9,mmHg,2025-02-16
OBS-00010433,PT-001820,ENC-0005235,718-7,Hemoglobin,16.6,g/dL,2025-02-16
OBS-00010434,PT-001820,ENC-0005236,718-7,Hemoglobin,8.7,g/dL,2024-10-09
OBS-00010435,PT-001820,ENC-0005236,8480-6,Systolic blood pressure,134.0,mmHg,2024-10-09
OBS-00010436,PT-001820,ENC-0005237,718-7,Hemoglobin,11.5,g/dL,2026-07-23
OBS-00010437,PT-001820,ENC-0005237,2160-0,Creatinine,3.3,mg/dL,2026-07-23
OBS-00010438,PT-001820,ENC-0005238,2160-0,Creatinine,0.8,mg/dL,2024-09-23
OBS-00010439,PT-001820,ENC-0005238,4548-4,Hemoglobin A1c,8.1,%,2024-09-23
OBS-00010440,PT-001821,ENC-0005239,8480-6,Systolic blood pressure,119.0,mmHg,2025-12-27
OBS-00010441,PT-001822,ENC-0005240,718-7,Hemoglobin,15.2,g/dL,2025-09-19
OBS-00010442,PT-001822,ENC-0005241,718-7,Hemoglobin,12.4,g/dL,2025-02-28
OBS-00010443,PT-001822,ENC-0005241,718-7,Hemoglobin,12.8,g/dL,2025-02-28
OBS-00010444,PT-001822,ENC-0005241,8480-6,Systolic blood pressure,138.3,mmHg,2025-02-28
OBS-00010445,PT-001822,ENC-0005242,4548-4,Hemoglobin A1c,6.6,%,2025-09-19
OBS-00010446,PT-001822,ENC-0005242,4548-4,Hemoglobin A1c,10.6,%,2025-09-19
OBS-00010447,PT-001822,ENC-0005242,2160-0,Creatinine,4.2,mg/dL,2025-09-19
OBS-00010448,PT-001823,ENC-0005243,718-7,Hemoglobin,14.9,g/dL,2025-02-17
OBS-00010449,PT-001824,ENC-0005244,4548-4,Hemoglobin A1c,6.6,%,2025-09-05
OBS-00010450,PT-001824,ENC-0005244,8462-4,Diastolic blood pressure,74.5,mmHg,2025-09-05
OBS-00010451,PT-001824,ENC-0005245,8462-4,Diastolic blood pressure,58.3,mmHg,2025-09-13
OBS-00010452,PT-001824,ENC-0005246,2160-0,Creatinine,1.8,mg/dL,2025-03-28
OBS-00010453,PT-001824,ENC-0005247,2160-0,Creatinine,4.2,mg/dL,2024-12-31
OBS-00010454,PT-001825,ENC-0005248,2339-0,Glucose,308.3,mg/dL,2025-10-04
OBS-00010455,PT-001825,ENC-0005248,8480-6,Systolic blood pressure,176.6,mmHg,2025-10-04
OBS-00010456,PT-001825,ENC-0005248,2160-0,Creatinine,0.9,mg/dL,2025-10-04
OBS-00010457,PT-001825,ENC-0005249,8480-6,Systolic blood pressure,147.9,mmHg,2026-06-12
OBS-00010458,PT-001826,ENC-0005250,2160-0,Creatinine,1.1,mg/dL,2025-12-31
OBS-00010459,PT-001826,ENC-0005250,8480-6,Systolic blood pressure,132.1,mmHg,2025-12-31
OBS-00010460,PT-001826,ENC-0005250,718-7,Hemoglobin,10.3,g/dL,2025-12-31
OBS-00010461,PT-001826,ENC-0005251,8480-6,Systolic blood pressure,133.7,mmHg,2025-02-24
OBS-00010462,PT-001826,ENC-0005251,2160-0,Creatinine,1.9,mg/dL,2025-02-24
OBS-00010463,PT-001826,ENC-0005252,8462-4,Diastolic blood pressure,83.0,mmHg,2026-07-08
OBS-00010464,PT-001827,ENC-0005253,8462-4,Diastolic blood pressure,97.4,mmHg,2025-02-23
OBS-00010465,PT-001827,ENC-0005254,718-7,Hemoglobin,14.8,g/dL,2025-03-17
OBS-00010466,PT-001827,ENC-0005254,718-7,Hemoglobin,16.7,g/dL,2025-03-17
OBS-00010467,PT-001828,ENC-0005255,8462-4,Diastolic blood pressure,82.4,mmHg,2025-04-07
OBS-00010468,PT-001829,ENC-0005256,718-7,Hemoglobin,9.8,g/dL,2025-11-06
OBS-00010469,PT-001829,ENC-0005256,8480-6,Systolic blood pressure,104.3,mmHg,2025-11-06
OBS-00010470,PT-001829,ENC-0005256,4548-4,Hemoglobin A1c,5.3,%,2025-11-06
OBS-00010471,PT-001830,ENC-0005257,2160-0,Creatinine,4.4,mg/dL,2025-11-08
OBS-00010472,PT-001830,ENC-0005257,2160-0,Creatinine,3.3,mg/dL,2025-11-08
OBS-00010473,PT-001830,ENC-0005258,2160-0,Creatinine,1.2,mg/dL,2026-05-23
OBS-00010474,PT-001830,ENC-0005259,2339-0,Glucose,171.2,mg/dL,2026-03-22
OBS-00010475,PT-001830,ENC-0005259,8462-4,Diastolic blood pressure,57.9,mmHg,2026-03-22
OBS-00010476,PT-001831,ENC-0005260,4548-4,Hemoglobin A1c,8.2,%,2026-07-21
OBS-00010477,PT-001831,ENC-0005260,8480-6,Systolic blood pressure,182.9,mmHg,2026-07-21
OBS-00010478,PT-001831,ENC-0005260,8480-6,Systolic blood pressure,173.5,mmHg,2026-07-21
OBS-00010479,PT-001831,ENC-0005261,2160-0,Creatinine,3.6,mg/dL,2026-09-09
OBS-00010480,PT-001832,ENC-0005262,718-7,Hemoglobin,8.2,g/dL,2026-01-31
OBS-00010481,PT-001832,ENC-0005262,8462-4,Diastolic blood pressure,105.9,mmHg,2026-01-31
OBS-00010482,PT-001832,ENC-0005263,2339-0,Glucose,280.8,mg/dL,2026-02-01
OBS-00010483,PT-001832,ENC-0005263,2160-0,Creatinine,2.8,mg/dL,2026-02-01
OBS-00010484,PT-001832,ENC-0005263,8462-4,Diastolic blood pressure,83.4,mmHg,2026-02-01
OBS-00010485,PT-001832,ENC-0005264,2160-0,Creatinine,4.5,mg/dL,2024-12-27
OBS-00010486,PT-001832,ENC-0005264,2160-0,Creatinine,3.2,mg/dL,2024-12-27
OBS-00010487,PT-001833,ENC-0005265,2339-0,Glucose,87.2,mg/dL,2025-03-11
OBS-00010488,PT-001833,ENC-0005266,2160-0,Creatinine,0.9,mg/dL,2025-01-04
OBS-00010489,PT-001833,ENC-0005266,718-7,Hemoglobin,9.0,g/dL,2025-01-04
OBS-00010490,PT-001833,ENC-0005266,2160-0,Creatinine,1.1,mg/dL,2025-01-04
OBS-00010491,PT-001834,ENC-0005267,8480-6,Systolic blood pressure,181.8,mmHg,2026-05-26
OBS-00010492,PT-001834,ENC-0005267,2160-0,Creatinine,3.6,mg/dL,2026-05-26
OBS-00010493,PT-001834,ENC-0005268,8480-6,Systolic blood pressure,127.7,mmHg,2026-07-18
OBS-00010494,PT-001834,ENC-0005268,8462-4,Diastolic blood pressure,100.2,mmHg,2026-07-18
OBS-00010495,PT-001834,ENC-0005268,2160-0,Creatinine,1.2,mg/dL,2026-07-18
OBS-00010496,PT-001834,ENC-0005269,8480-6,Systolic blood pressure,115.7,mmHg,2026-02-24
OBS-00010497,PT-001834,ENC-0005269,8462-4,Diastolic blood pressure,61.1,mmHg,2026-02-24
OBS-00010498,PT-001835,ENC-0005270,8480-6,Systolic blood pressure,117.9,mmHg,2025-08-01
OBS-00010499,PT-001836,ENC-0005271,2339-0,Glucose,117.5,mg/dL,2025-11-04
OBS-00010500,PT-001836,ENC-0005271,8462-4,Diastolic blood pressure,62.6,mmHg,2025-11-04
OBS-00010501,PT-001836,ENC-0005271,4548-4,Hemoglobin A1c,4.9,%,2025-11-04
OBS-00010502,PT-001836,ENC-0005272,2160-0,Creatinine,3.0,mg/dL,2024-09-19
OBS-00010503,PT-001836,ENC-0005272,2339-0,Glucose,111.1,mg/dL,2024-09-19
OBS-00010504,PT-001837,ENC-0005273,2339-0,Glucose,304.2,mg/dL,2024-10-24
OBS-00010505,PT-001837,ENC-0005274,4548-4,Hemoglobin A1c,5.3,%,2025-03-13
OBS-00010506,PT-001837,ENC-0005274,8480-6,Systolic blood pressure,142.7,mmHg,2025-03-13
OBS-00010507,PT-001837,ENC-0005274,718-7,Hemoglobin,16.5,g/dL,2025-03-13
OBS-00010508,PT-001837,ENC-0005275,8462-4,Diastolic blood pressure,108.1,mmHg,2025-10-10
OBS-00010509,PT-001837,ENC-0005275,8480-6,Systolic blood pressure,171.9,mmHg,2025-10-10
OBS-00010510,PT-001837,ENC-0005275,2339-0,Glucose,108.4,mg/dL,2025-10-10
OBS-00010511,PT-001837,ENC-0005276,4548-4,Hemoglobin A1c,7.6,%,2025-01-03
OBS-00010512,PT-001837,ENC-0005276,718-7,Hemoglobin,9.2,g/dL,2025-01-03
OBS-00010513,PT-001837,ENC-0005276,4548-4,Hemoglobin A1c,9.6,%,2025-01-03
OBS-00010514,PT-001838,ENC-0005277,4548-4,Hemoglobin A1c,9.9,%,2026-04-17
OBS-00010515,PT-001838,ENC-0005277,4548-4,Hemoglobin A1c,11.3,%,2026-04-17
OBS-00010516,PT-001839,ENC-0005278,718-7,Hemoglobin,16.2,g/dL,2024-09-28
OBS-00010517,PT-001839,ENC-0005278,2160-0,Creatinine,3.7,mg/dL,2024-09-28
OBS-00010518,PT-001839,ENC-0005278,2339-0,Glucose,95.0,mg/dL,2024-09-28
OBS-00010519,PT-001840,ENC-0005279,2160-0,Creatinine,2.8,mg/dL,2025-10-21
OBS-00010520,PT-001840,ENC-0005279,718-7,Hemoglobin,15.7,g/dL,2025-10-21
OBS-00010521,PT-001840,ENC-0005280,718-7,Hemoglobin,12.8,g/dL,2026-04-16
OBS-00010522,PT-001840,ENC-0005280,2339-0,Glucose,138.9,mg/dL,2026-04-16
OBS-00010523,PT-001840,ENC-0005281,8462-4,Diastolic blood pressure,63.9,mmHg,2025-08-23
OBS-00010524,PT-001840,ENC-0005282,718-7,Hemoglobin,12.6,g/dL,2025-11-09
OBS-00010525,PT-001840,ENC-0005283,2160-0,Creatinine,1.7,mg/dL,2025-02-28
OBS-00010526,PT-001840,ENC-0005283,8462-4,Diastolic blood pressure,109.6,mmHg,2025-02-28
OBS-00010527,PT-001841,ENC-0005284,2339-0,Glucose,313.3,mg/dL,2025-12-31
OBS-00010528,PT-001841,ENC-0005285,2160-0,Creatinine,3.3,mg/dL,2026-08-16
OBS-00010529,PT-001841,ENC-0005285,4548-4,Hemoglobin A1c,11.9,%,2026-08-16
OBS-00010530,PT-001841,ENC-0005285,2339-0,Glucose,259.1,mg/dL,2026-08-16
OBS-00010531,PT-001841,ENC-0005286,2339-0,Glucose,88.4,mg/dL,2026-09-12
OBS-00010532,PT-001841,ENC-0005286,718-7,Hemoglobin,11.9,g/dL,2026-09-12
OBS-00010533,PT-001841,ENC-0005287,718-7,Hemoglobin,10.4,g/dL,2026-07-17
OBS-00010534,PT-001841,ENC-0005287,8462-4,Diastolic blood pressure,67.5,mmHg,2026-07-17
OBS-00010535,PT-001841,ENC-0005287,8462-4,Diastolic blood pressure,57.3,mmHg,2026-07-17
OBS-00010536,PT-001841,ENC-0005288,2339-0,Glucose,287.7,mg/dL,2026-06-22
OBS-00010537,PT-001841,ENC-0005288,2160-0,Creatinine,1.3,mg/dL,2026-06-22
OBS-00010538,PT-001842,ENC-0005289,2339-0,Glucose,305.8,mg/dL,2025-01-21
OBS-00010539,PT-001842,ENC-0005289,8480-6,Systolic blood pressure,132.5,mmHg,2025-01-21
OBS-00010540,PT-001842,ENC-0005289,8480-6,Systolic blood pressure,178.3,mmHg,2025-01-21
OBS-00010541,PT-001842,ENC-0005290,8462-4,Diastolic blood pressure,70.6,mmHg,2026-08-27
OBS-00010542,PT-001842,ENC-0005290,4548-4,Hemoglobin A1c,7.3,%,2026-08-27
OBS-00010543,PT-001843,ENC-0005291,4548-4,Hemoglobin A1c,7.4,%,2026-01-10
OBS-00010544,PT-001843,ENC-0005291,8462-4,Diastolic blood pressure,62.4,mmHg,2026-01-10
OBS-00010545,PT-001843,ENC-0005292,2160-0,Creatinine,2.7,mg/dL,2026-06-17
OBS-00010546,PT-001844,ENC-0005293,718-7,Hemoglobin,8.9,g/dL,2025-10-29
OBS-00010547,PT-001844,ENC-0005293,8462-4,Diastolic blood pressure,88.9,mmHg,2025-10-29
OBS-00010548,PT-001844,ENC-0005293,2339-0,Glucose,315.6,mg/dL,2025-10-29
OBS-00010549,PT-001844,ENC-0005294,718-7,Hemoglobin,15.8,g/dL,2026-01-18
OBS-00010550,PT-001844,ENC-0005295,2339-0,Glucose,258.9,mg/dL,2026-09-04
OBS-00010551,PT-001844,ENC-0005295,8480-6,Systolic blood pressure,165.5,mmHg,2026-09-04
OBS-00010552,PT-001844,ENC-0005295,2160-0,Creatinine,1.9,mg/dL,2026-09-04
OBS-00010553,PT-001844,ENC-0005296,2160-0,Creatinine,1.1,mg/dL,2025-09-29
OBS-00010554,PT-001844,ENC-0005296,2339-0,Glucose,218.6,mg/dL,2025-09-29
OBS-00010555,PT-001844,ENC-0005297,2339-0,Glucose,249.7,mg/dL,2025-03-04
OBS-00010556,PT-001844,ENC-0005297,2160-0,Creatinine,2.2,mg/dL,2025-03-04
OBS-00010557,PT-001845,ENC-0005298,2160-0,Creatinine,2.7,mg/dL,2025-11-19
OBS-00010558,PT-001845,ENC-0005298,8462-4,Diastolic blood pressure,78.6,mmHg,2025-11-19
OBS-00010559,PT-001845,ENC-0005298,2160-0,Creatinine,2.5,mg/dL,2025-11-19
OBS-00010560,PT-001846,ENC-0005299,2339-0,Glucose,164.8,mg/dL,2025-12-25
OBS-00010561,PT-001846,ENC-0005299,8480-6,Systolic blood pressure,170.9,mmHg,2025-12-25
OBS-00010562,PT-001846,ENC-0005300,8480-6,Systolic blood pressure,183.8,mmHg,2026-03-09
OBS-00010563,PT-001846,ENC-0005300,4548-4,Hemoglobin A1c,11.8,%,2026-03-09
OBS-00010564,PT-001846,ENC-0005301,8480-6,Systolic blood pressure,115.2,mmHg,2026-07-26
OBS-00010565,PT-001846,ENC-0005301,4548-4,Hemoglobin A1c,9.7,%,2026-07-26
OBS-00010566,PT-001846,ENC-0005302,8462-4,Diastolic blood pressure,96.2,mmHg,2025-02-28
OBS-00010567,PT-001846,ENC-0005303,8480-6,Systolic blood pressure,147.7,mmHg,2025-05-29
OBS-00010568,PT-001846,ENC-0005303,2339-0,Glucose,120.0,mg/dL,2025-05-29
OBS-00010569,PT-001846,ENC-0005303,8480-6,Systolic blood pressure,113.1,mmHg,2025-05-29
OBS-00010570,PT-001847,ENC-0005304,8480-6,Systolic blood pressure,104.4,mmHg,2024-10-12
OBS-00010571,PT-001847,ENC-0005304,4548-4,Hemoglobin A1c,9.8,%,2024-10-12
OBS-00010572,PT-001847,ENC-0005304,4548-4,Hemoglobin A1c,10.6,%,2024-10-12
OBS-00010573,PT-001848,ENC-0005305,4548-4,Hemoglobin A1c,9.4,%,2025-03-17
OBS-00010574,PT-001848,ENC-0005305,718-7,Hemoglobin,8.6,g/dL,2025-03-17
OBS-00010575,PT-001848,ENC-0005306,8480-6,Systolic blood pressure,131.4,mmHg,2024-12-24
OBS-00010576,PT-001848,ENC-0005307,2339-0,Glucose,289.1,mg/dL,2025-11-15
OBS-00010577,PT-001848,ENC-0005308,2339-0,Glucose,146.6,mg/dL,2026-05-13
OBS-00010578,PT-001848,ENC-0005308,4548-4,Hemoglobin A1c,11.8,%,2026-05-13
OBS-00010579,PT-001849,ENC-0005309,4548-4,Hemoglobin A1c,10.9,%,2024-12-27
OBS-00010580,PT-001849,ENC-0005310,4548-4,Hemoglobin A1c,11.4,%,2026-09-05
OBS-00010581,PT-001849,ENC-0005311,2160-0,Creatinine,2.7,mg/dL,2025-08-05
OBS-00010582,PT-001850,ENC-0005312,8462-4,Diastolic blood pressure,103.9,mmHg,2026-07-27
OBS-00010583,PT-001850,ENC-0005312,2339-0,Glucose,88.4,mg/dL,2026-07-27
OBS-00010584,PT-001850,ENC-0005312,8480-6,Systolic blood pressure,165.2,mmHg,2026-07-27
OBS-00010585,PT-001851,ENC-0005313,718-7,Hemoglobin,14.4,g/dL,2025-08-11
OBS-00010586,PT-001851,ENC-0005313,2339-0,Glucose,303.8,mg/dL,2025-08-11
OBS-00010587,PT-001852,ENC-0005314,718-7,Hemoglobin,8.8,g/dL,2024-10-28
OBS-00010588,PT-001853,ENC-0005315,2339-0,Glucose,283.2,mg/dL,2026-01-07
OBS-00010589,PT-001853,ENC-0005315,2160-0,Creatinine,2.2,mg/dL,2026-01-07
OBS-00010590,PT-001853,ENC-0005315,718-7,Hemoglobin,10.7,g/dL,2026-01-07
OBS-00010591,PT-001853,ENC-0005316,8480-6,Systolic blood pressure,143.1,mmHg,2026-09-04
OBS-00010592,PT-001854,ENC-0005317,4548-4,Hemoglobin A1c,11.3,%,2025-03-17
OBS-00010593,PT-001854,ENC-0005317,8480-6,Systolic blood pressure,123.3,mmHg,2025-03-17
OBS-00010594,PT-001854,ENC-0005317,2160-0,Creatinine,2.5,mg/dL,2025-03-17
OBS-00010595,PT-001855,ENC-0005318,2160-0,Creatinine,3.9,mg/dL,2025-02-26
OBS-00010596,PT-001855,ENC-0005319,4548-4,Hemoglobin A1c,10.2,%,2026-01-13
OBS-00010597,PT-001855,ENC-0005319,718-7,Hemoglobin,9.5,g/dL,2026-01-13
OBS-00010598,PT-001855,ENC-0005319,8462-4,Diastolic blood pressure,62.7,mmHg,2026-01-13
OBS-00010599,PT-001856,ENC-0005320,8462-4,Diastolic blood pressure,99.7,mmHg,2025-06-04
OBS-00010600,PT-001856,ENC-0005321,2160-0,Creatinine,0.8,mg/dL,2025-08-17
OBS-00010601,PT-001856,ENC-0005321,2339-0,Glucose,164.9,mg/dL,2025-08-17
OBS-00010602,PT-001856,ENC-0005321,4548-4,Hemoglobin A1c,10.8,%,2025-08-17
OBS-00010603,PT-001856,ENC-0005322,718-7,Hemoglobin,14.2,g/dL,2024-12-13
OBS-00010604,PT-001857,ENC-0005323,8462-4,Diastolic blood pressure,106.3,mmHg,2025-05-05
OBS-00010605,PT-001857,ENC-0005324,8480-6,Systolic blood pressure,158.8,mmHg,2026-05-11
OBS-00010606,PT-001857,ENC-0005325,2339-0,Glucose,85.7,mg/dL,2026-03-03
OBS-00010607,PT-001857,ENC-0005326,2160-0,Creatinine,0.8,mg/dL,2025-04-30
OBS-00010608,PT-001857,ENC-0005327,2339-0,Glucose,291.9,mg/dL,2026-07-20
OBS-00010609,PT-001857,ENC-0005328,8480-6,Systolic blood pressure,117.8,mmHg,2026-03-15
OBS-00010610,PT-001857,ENC-0005328,4548-4,Hemoglobin A1c,10.0,%,2026-03-15
OBS-00010611,PT-001857,ENC-0005328,8462-4,Diastolic blood pressure,103.9,mmHg,2026-03-15
OBS-00010612,PT-001858,ENC-0005329,718-7,Hemoglobin,13.2,g/dL,2026-07-30
OBS-00010613,PT-001858,ENC-0005330,8462-4,Diastolic blood pressure,102.8,mmHg,2025-04-13
OBS-00010614,PT-001858,ENC-0005330,2160-0,Creatinine,1.8,mg/dL,2025-04-13
OBS-00010615,PT-001858,ENC-0005330,8480-6,Systolic blood pressure,117.0,mmHg,2025-04-13
OBS-00010616,PT-001858,ENC-0005331,2339-0,Glucose,306.5,mg/dL,2025-10-23
OBS-00010617,PT-001859,ENC-0005332,2339-0,Glucose,76.4,mg/dL,2025-08-11
OBS-00010618,PT-001860,ENC-0005333,718-7,Hemoglobin,9.0,g/dL,2024-12-26
OBS-00010619,PT-001860,ENC-0005333,2160-0,Creatinine,3.0,mg/dL,2024-12-26
OBS-00010620,PT-001860,ENC-0005333,2339-0,Glucose,255.9,mg/dL,2024-12-26
OBS-00010621,PT-001860,ENC-0005334,8462-4,Diastolic blood pressure,89.1,mmHg,2025-10-28
OBS-00010622,PT-001860,ENC-0005334,8462-4,Diastolic blood pressure,83.1,mmHg,2025-10-28
OBS-00010623,PT-001860,ENC-0005335,2160-0,Creatinine,2.6,mg/dL,2025-08-19
OBS-00010624,PT-001860,ENC-0005335,718-7,Hemoglobin,13.0,g/dL,2025-08-19
OBS-00010625,PT-001860,ENC-0005336,8480-6,Systolic blood pressure,109.3,mmHg,2025-09-06
OBS-00010626,PT-001860,ENC-0005336,718-7,Hemoglobin,16.4,g/dL,2025-09-06
OBS-00010627,PT-001861,ENC-0005337,2160-0,Creatinine,1.0,mg/dL,2026-02-13
OBS-00010628,PT-001861,ENC-0005337,2160-0,Creatinine,2.1,mg/dL,2026-02-13
OBS-00010629,PT-001861,ENC-0005337,4548-4,Hemoglobin A1c,5.5,%,2026-02-13
OBS-00010630,PT-001862,ENC-0005338,718-7,Hemoglobin,14.9,g/dL,2026-02-02
OBS-00010631,PT-001862,ENC-0005339,4548-4,Hemoglobin A1c,10.2,%,2025-02-18
OBS-00010632,PT-001862,ENC-0005339,4548-4,Hemoglobin A1c,8.9,%,2025-02-18
OBS-00010633,PT-001862,ENC-0005339,2339-0,Glucose,134.6,mg/dL,2025-02-18
OBS-00010634,PT-001862,ENC-0005340,2160-0,Creatinine,3.3,mg/dL,2025-09-03
OBS-00010635,PT-001862,ENC-0005340,8480-6,Systolic blood pressure,98.4,mmHg,2025-09-03
OBS-00010636,PT-001862,ENC-0005340,8462-4,Diastolic blood pressure,98.3,mmHg,2025-09-03
OBS-00010637,PT-001862,ENC-0005341,2160-0,Creatinine,3.4,mg/dL,2026-08-21
OBS-00010638,PT-001862,ENC-0005341,8480-6,Systolic blood pressure,111.4,mmHg,2026-08-21
OBS-00010639,PT-001862,ENC-0005342,2339-0,Glucose,263.4,mg/dL,2026-04-12
OBS-00010640,PT-001862,ENC-0005342,8480-6,Systolic blood pressure,160.1,mmHg,2026-04-12
OBS-00010641,PT-001862,ENC-0005342,4548-4,Hemoglobin A1c,7.2,%,2026-04-12
OBS-00010642,PT-001863,ENC-0005343,8462-4,Diastolic blood pressure,85.5,mmHg,2025-09-29
OBS-00010643,PT-001863,ENC-0005343,8480-6,Systolic blood pressure,137.1,mmHg,2025-09-29
OBS-00010644,PT-001863,ENC-0005343,2160-0,Creatinine,2.2,mg/dL,2025-09-29
OBS-00010645,PT-001863,ENC-0005344,718-7,Hemoglobin,10.8,g/dL,2025-01-20
OBS-00010646,PT-001863,ENC-0005344,2160-0,Creatinine,4.3,mg/dL,2025-01-20
OBS-00010647,PT-001863,ENC-0005344,4548-4,Hemoglobin A1c,8.7,%,2025-01-20
OBS-00010648,PT-001864,ENC-0005345,8480-6,Systolic blood pressure,114.6,mmHg,2025-04-08
OBS-00010649,PT-001864,ENC-0005346,718-7,Hemoglobin,16.3,g/dL,2024-12-29
OBS-00010650,PT-001864,ENC-0005347,8462-4,Diastolic blood pressure,90.6,mmHg,2025-07-24
OBS-00010651,PT-001864,ENC-0005347,2160-0,Creatinine,4.2,mg/dL,2025-07-24
OBS-00010652,PT-001865,ENC-0005348,718-7,Hemoglobin,14.2,g/dL,2026-08-18
OBS-00010653,PT-001865,ENC-0005348,8462-4,Diastolic blood pressure,88.5,mmHg,2026-08-18
OBS-00010654,PT-001865,ENC-0005348,2339-0,Glucose,264.3,mg/dL,2026-08-18
OBS-00010655,PT-001865,ENC-0005349,718-7,Hemoglobin,8.3,g/dL,2024-12-31
OBS-00010656,PT-001865,ENC-0005349,8480-6,Systolic blood pressure,152.4,mmHg,2024-12-31
OBS-00010657,PT-001865,ENC-0005349,718-7,Hemoglobin,12.2,g/dL,2024-12-31
OBS-00010658,PT-001865,ENC-0005350,2160-0,Creatinine,4.2,mg/dL,2026-01-26
OBS-00010659,PT-001866,ENC-0005351,8462-4,Diastolic blood pressure,98.9,mmHg,2025-01-17
OBS-00010660,PT-001866,ENC-0005351,2160-0,Creatinine,4.1,mg/dL,2025-01-17
OBS-00010661,PT-001866,ENC-0005351,718-7,Hemoglobin,11.5,g/dL,2025-01-17
OBS-00010662,PT-001866,ENC-0005352,2339-0,Glucose,102.4,mg/dL,2026-08-01
OBS-00010663,PT-001866,ENC-0005352,8480-6,Systolic blood pressure,129.4,mmHg,2026-08-01
OBS-00010664,PT-001866,ENC-0005352,4548-4,Hemoglobin A1c,5.3,%,2026-08-01
OBS-00010665,PT-001866,ENC-0005353,8462-4,Diastolic blood pressure,93.2,mmHg,2026-03-07
OBS-00010666,PT-001866,ENC-0005354,8480-6,Systolic blood pressure,144.7,mmHg,2026-04-07
OBS-00010667,PT-001866,ENC-0005354,2339-0,Glucose,107.1,mg/dL,2026-04-07
OBS-00010668,PT-001866,ENC-0005354,4548-4,Hemoglobin A1c,8.6,%,2026-04-07
OBS-00010669,PT-001867,ENC-0005355,4548-4,Hemoglobin A1c,7.4,%,2025-10-05
OBS-00010670,PT-001867,ENC-0005356,2160-0,Creatinine,1.7,mg/dL,2026-01-17
OBS-00010671,PT-001867,ENC-0005357,8462-4,Diastolic blood pressure,107.4,mmHg,2025-11-14
OBS-00010672,PT-001867,ENC-0005358,4548-4,Hemoglobin A1c,10.5,%,2025-02-11
OBS-00010673,PT-001868,ENC-0005359,4548-4,Hemoglobin A1c,8.5,%,2026-05-01
OBS-00010674,PT-001868,ENC-0005360,8480-6,Systolic blood pressure,154.8,mmHg,2024-10-12
OBS-00010675,PT-001868,ENC-0005360,4548-4,Hemoglobin A1c,12.4,%,2024-10-12
OBS-00010676,PT-001869,ENC-0005361,2160-0,Creatinine,1.1,mg/dL,2025-04-21
OBS-00010677,PT-001869,ENC-0005361,2339-0,Glucose,182.4,mg/dL,2025-04-21
OBS-00010678,PT-001869,ENC-0005362,8462-4,Diastolic blood pressure,56.6,mmHg,2025-12-23
OBS-00010679,PT-001869,ENC-0005362,8462-4,Diastolic blood pressure,76.2,mmHg,2025-12-23
OBS-00010680,PT-001869,ENC-0005362,4548-4,Hemoglobin A1c,12.4,%,2025-12-23
OBS-00010681,PT-001869,ENC-0005363,718-7,Hemoglobin,8.3,g/dL,2026-05-30
OBS-00010682,PT-001870,ENC-0005364,4548-4,Hemoglobin A1c,10.7,%,2025-04-13
OBS-00010683,PT-001870,ENC-0005365,2339-0,Glucose,76.7,mg/dL,2026-07-31
OBS-00010684,PT-001871,ENC-0005366,4548-4,Hemoglobin A1c,10.1,%,2025-07-05
OBS-00010685,PT-001871,ENC-0005366,2339-0,Glucose,73.2,mg/dL,2025-07-05
OBS-00010686,PT-001871,ENC-0005367,2160-0,Creatinine,3.5,mg/dL,2025-02-14
OBS-00010687,PT-001872,ENC-0005368,8480-6,Systolic blood pressure,96.0,mmHg,2026-04-25
OBS-00010688,PT-001872,ENC-0005368,2339-0,Glucose,90.2,mg/dL,2026-04-25
OBS-00010689,PT-001872,ENC-0005369,718-7,Hemoglobin,14.0,g/dL,2025-06-19
OBS-00010690,PT-001872,ENC-0005369,8480-6,Systolic blood pressure,120.8,mmHg,2025-06-19
OBS-00010691,PT-001873,ENC-0005370,718-7,Hemoglobin,12.2,g/dL,2026-07-15
OBS-00010692,PT-001873,ENC-0005370,4548-4,Hemoglobin A1c,8.1,%,2026-07-15
OBS-00010693,PT-001873,ENC-0005370,718-7,Hemoglobin,13.1,g/dL,2026-07-15
OBS-00010694,PT-001873,ENC-0005371,8480-6,Systolic blood pressure,161.7,mmHg,2026-06-26
OBS-00010695,PT-001873,ENC-0005371,4548-4,Hemoglobin A1c,6.6,%,2026-06-26
OBS-00010696,PT-001873,ENC-0005371,2160-0,Creatinine,2.9,mg/dL,2026-06-26
OBS-00010697,PT-001874,ENC-0005372,2160-0,Creatinine,3.7,mg/dL,2025-01-15
OBS-00010698,PT-001874,ENC-0005373,8462-4,Diastolic blood pressure,63.2,mmHg,2024-11-06
OBS-00010699,PT-001874,ENC-0005373,2339-0,Glucose,210.9,mg/dL,2024-11-06
OBS-00010700,PT-001874,ENC-0005373,8480-6,Systolic blood pressure,185.0,mmHg,2024-11-06
OBS-00010701,PT-001875,ENC-0005374,718-7,Hemoglobin,10.1,g/dL,2026-02-21
OBS-00010702,PT-001875,ENC-0005375,8462-4,Diastolic blood pressure,93.4,mmHg,2026-08-29
OBS-00010703,PT-001875,ENC-0005376,2339-0,Glucose,313.5,mg/dL,2026-04-14
OBS-00010704,PT-001875,ENC-0005376,718-7,Hemoglobin,16.0,g/dL,2026-04-14
OBS-00010705,PT-001875,ENC-0005376,8462-4,Diastolic blood pressure,87.9,mmHg,2026-04-14
OBS-00010706,PT-001875,ENC-0005377,718-7,Hemoglobin,9.4,g/dL,2025-02-10
OBS-00010707,PT-001875,ENC-0005377,8480-6,Systolic blood pressure,157.5,mmHg,2025-02-10
OBS-00010708,PT-001875,ENC-0005377,718-7,Hemoglobin,9.4,g/dL,2025-02-10
OBS-00010709,PT-001876,ENC-0005378,718-7,Hemoglobin,9.9,g/dL,2025-09-07
OBS-00010710,PT-001876,ENC-0005378,718-7,Hemoglobin,16.1,g/dL,2025-09-07
OBS-00010711,PT-001876,ENC-0005378,718-7,Hemoglobin,16.2,g/dL,2025-09-07
OBS-00010712,PT-001876,ENC-0005379,8480-6,Systolic blood pressure,164.9,mmHg,2025-06-18
OBS-00010713,PT-001876,ENC-0005379,718-7,Hemoglobin,9.7,g/dL,2025-06-18
OBS-00010714,PT-001877,ENC-0005380,2339-0,Glucose,111.2,mg/dL,2026-05-28
OBS-00010715,PT-001878,ENC-0005381,2339-0,Glucose,250.2,mg/dL,2025-09-07
OBS-00010716,PT-001878,ENC-0005382,718-7,Hemoglobin,15.0,g/dL,2024-11-28
OBS-00010717,PT-001878,ENC-0005382,2160-0,Creatinine,1.1,mg/dL,2024-11-28
OBS-00010718,PT-001879,ENC-0005383,4548-4,Hemoglobin A1c,8.3,%,2025-07-20
OBS-00010719,PT-001880,ENC-0005384,2339-0,Glucose,204.4,mg/dL,2026-02-04
OBS-00010720,PT-001880,ENC-0005384,8480-6,Systolic blood pressure,145.7,mmHg,2026-02-04
OBS-00010721,PT-001880,ENC-0005384,2339-0,Glucose,175.2,mg/dL,2026-02-04
OBS-00010722,PT-001880,ENC-0005385,2339-0,Glucose,248.6,mg/dL,2025-11-17
OBS-00010723,PT-001881,ENC-0005386,718-7,Hemoglobin,16.8,g/dL,2025-08-21
OBS-00010724,PT-001881,ENC-0005386,718-7,Hemoglobin,15.7,g/dL,2025-08-21
OBS-00010725,PT-001882,ENC-0005387,8462-4,Diastolic blood pressure,78.2,mmHg,2025-10-03
OBS-00010726,PT-001882,ENC-0005387,8462-4,Diastolic blood pressure,87.1,mmHg,2025-10-03
OBS-00010727,PT-001882,ENC-0005387,2160-0,Creatinine,1.9,mg/dL,2025-10-03
OBS-00010728,PT-001882,ENC-0005388,2160-0,Creatinine,0.9,mg/dL,2024-12-15
OBS-00010729,PT-001882,ENC-0005388,4548-4,Hemoglobin A1c,10.1,%,2024-12-15
OBS-00010730,PT-001883,ENC-0005389,8480-6,Systolic blood pressure,128.3,mmHg,2025-08-14
OBS-00010731,PT-001883,ENC-0005389,2160-0,Creatinine,1.8,mg/dL,2025-08-14
OBS-00010732,PT-001883,ENC-0005389,2160-0,Creatinine,3.5,mg/dL,2025-08-14
OBS-00010733,PT-001884,ENC-0005390,718-7,Hemoglobin,12.6,g/dL,2026-01-14
OBS-00010734,PT-001885,ENC-0005391,8480-6,Systolic blood pressure,177.5,mmHg,2026-01-27
OBS-00010735,PT-001885,ENC-0005391,2160-0,Creatinine,1.1,mg/dL,2026-01-27
OBS-00010736,PT-001885,ENC-0005392,8480-6,Systolic blood pressure,172.5,mmHg,2026-02-08
OBS-00010737,PT-001885,ENC-0005392,8480-6,Systolic blood pressure,169.1,mmHg,2026-02-08
OBS-00010738,PT-001885,ENC-0005392,8462-4,Diastolic blood pressure,99.9,mmHg,2026-02-08
OBS-00010739,PT-001885,ENC-0005393,718-7,Hemoglobin,14.9,g/dL,2025-06-21
OBS-00010740,PT-001885,ENC-0005394,4548-4,Hemoglobin A1c,8.4,%,2026-04-15
OBS-00010741,PT-001885,ENC-0005394,718-7,Hemoglobin,13.0,g/dL,2026-04-15
OBS-00010742,PT-001885,ENC-0005394,4548-4,Hemoglobin A1c,7.2,%,2026-04-15
OBS-00010743,PT-001886,ENC-0005395,2339-0,Glucose,208.7,mg/dL,2024-10-15
OBS-00010744,PT-001886,ENC-0005395,8480-6,Systolic blood pressure,148.8,mmHg,2024-10-15
OBS-00010745,PT-001886,ENC-0005396,2160-0,Creatinine,2.0,mg/dL,2025-06-27
OBS-00010746,PT-001886,ENC-0005396,2160-0,Creatinine,4.0,mg/dL,2025-06-27
OBS-00010747,PT-001886,ENC-0005396,8480-6,Systolic blood pressure,163.7,mmHg,2025-06-27
OBS-00010748,PT-001886,ENC-0005397,8480-6,Systolic blood pressure,135.7,mmHg,2025-01-01
OBS-00010749,PT-001886,ENC-0005397,8480-6,Systolic blood pressure,117.5,mmHg,2025-01-01
OBS-00010750,PT-001886,ENC-0005397,8462-4,Diastolic blood pressure,58.1,mmHg,2025-01-01
OBS-00010751,PT-001887,ENC-0005398,2160-0,Creatinine,2.9,mg/dL,2025-01-26
OBS-00010752,PT-001887,ENC-0005399,8480-6,Systolic blood pressure,136.0,mmHg,2026-04-27
OBS-00010753,PT-001887,ENC-0005399,718-7,Hemoglobin,15.1,g/dL,2026-04-27
OBS-00010754,PT-001887,ENC-0005400,2339-0,Glucose,264.5,mg/dL,2025-08-28
OBS-00010755,PT-001887,ENC-0005400,8462-4,Diastolic blood pressure,81.7,mmHg,2025-08-28
OBS-00010756,PT-001887,ENC-0005401,4548-4,Hemoglobin A1c,8.3,%,2025-10-11
OBS-00010757,PT-001888,ENC-0005402,2339-0,Glucose,246.7,mg/dL,2025-09-07
OBS-00010758,PT-001888,ENC-0005402,2339-0,Glucose,89.2,mg/dL,2025-09-07
OBS-00010759,PT-001888,ENC-0005402,2339-0,Glucose,242.0,mg/dL,2025-09-07
OBS-00010760,PT-001888,ENC-0005403,8480-6,Systolic blood pressure,126.0,mmHg,2025-12-15
OBS-00010761,PT-001889,ENC-0005404,4548-4,Hemoglobin A1c,10.3,%,2025-10-15
OBS-00010762,PT-001889,ENC-0005404,4548-4,Hemoglobin A1c,9.3,%,2025-10-15
OBS-00010763,PT-001889,ENC-0005404,4548-4,Hemoglobin A1c,7.9,%,2025-10-15
OBS-00010764,PT-001889,ENC-0005405,2339-0,Glucose,120.1,mg/dL,2026-03-14
OBS-00010765,PT-001889,ENC-0005405,718-7,Hemoglobin,14.3,g/dL,2026-03-14
OBS-00010766,PT-001890,ENC-0005406,2339-0,Glucose,93.9,mg/dL,2026-07-22
OBS-00010767,PT-001890,ENC-0005406,2160-0,Creatinine,1.1,mg/dL,2026-07-22
OBS-00010768,PT-001890,ENC-0005406,4548-4,Hemoglobin A1c,11.0,%,2026-07-22
OBS-00010769,PT-001890,ENC-0005407,2160-0,Creatinine,1.6,mg/dL,2025-03-09
OBS-00010770,PT-001890,ENC-0005407,2339-0,Glucose,181.8,mg/dL,2025-03-09
OBS-00010771,PT-001890,ENC-0005408,718-7,Hemoglobin,15.1,g/dL,2024-12-30
OBS-00010772,PT-001890,ENC-0005408,4548-4,Hemoglobin A1c,5.1,%,2024-12-30
OBS-00010773,PT-001890,ENC-0005408,718-7,Hemoglobin,11.8,g/dL,2024-12-30
OBS-00010774,PT-001891,ENC-0005409,8480-6,Systolic blood pressure,156.2,mmHg,2024-09-26
OBS-00010775,PT-001891,ENC-0005410,4548-4,Hemoglobin A1c,12.2,%,2025-01-08
OBS-00010776,PT-001891,ENC-0005410,2160-0,Creatinine,4.3,mg/dL,2025-01-08
OBS-00010777,PT-001891,ENC-0005411,2339-0,Glucose,147.3,mg/dL,2025-01-29
OBS-00010778,PT-001891,ENC-0005411,8462-4,Diastolic blood pressure,93.5,mmHg,2025-01-29
OBS-00010779,PT-001891,ENC-0005412,2339-0,Glucose,270.5,mg/dL,2025-09-17
OBS-00010780,PT-001891,ENC-0005413,8462-4,Diastolic blood pressure,78.8,mmHg,2025-01-20
OBS-00010781,PT-001891,ENC-0005413,8462-4,Diastolic blood pressure,99.2,mmHg,2025-01-20
OBS-00010782,PT-001891,ENC-0005413,8480-6,Systolic blood pressure,127.0,mmHg,2025-01-20
OBS-00010783,PT-001892,ENC-0005414,2160-0,Creatinine,4.2,mg/dL,2025-02-15
OBS-00010784,PT-001892,ENC-0005415,4548-4,Hemoglobin A1c,11.9,%,2026-09-17
OBS-00010785,PT-001892,ENC-0005415,4548-4,Hemoglobin A1c,10.9,%,2026-09-17
OBS-00010786,PT-001892,ENC-0005415,8480-6,Systolic blood pressure,145.3,mmHg,2026-09-17
OBS-00010787,PT-001892,ENC-0005416,718-7,Hemoglobin,9.0,g/dL,2024-12-21
OBS-00010788,PT-001893,ENC-0005417,2160-0,Creatinine,2.1,mg/dL,2026-07-14
OBS-00010789,PT-001893,ENC-0005417,8480-6,Systolic blood pressure,163.6,mmHg,2026-07-14
OBS-00010790,PT-001893,ENC-0005418,718-7,Hemoglobin,16.5,g/dL,2026-02-14
OBS-00010791,PT-001893,ENC-0005418,8480-6,Systolic blood pressure,103.4,mmHg,2026-02-14
OBS-00010792,PT-001894,ENC-0005419,8480-6,Systolic blood pressure,121.1,mmHg,2025-01-05
OBS-00010793,PT-001894,ENC-0005419,4548-4,Hemoglobin A1c,7.4,%,2025-01-05
OBS-00010794,PT-001894,ENC-0005419,8462-4,Diastolic blood pressure,92.1,mmHg,2025-01-05
OBS-00010795,PT-001894,ENC-0005420,718-7,Hemoglobin,12.7,g/dL,2024-12-14
OBS-00010796,PT-001894,ENC-0005421,718-7,Hemoglobin,16.3,g/dL,2026-03-27
OBS-00010797,PT-001895,ENC-0005422,4548-4,Hemoglobin A1c,8.8,%,2026-04-02
OBS-00010798,PT-001895,ENC-0005422,2339-0,Glucose,238.1,mg/dL,2026-04-02
OBS-00010799,PT-001895,ENC-0005422,718-7,Hemoglobin,16.2,g/dL,2026-04-02
OBS-00010800,PT-001895,ENC-0005423,8462-4,Diastolic blood pressure,87.5,mmHg,2025-02-13
OBS-00010801,PT-001895,ENC-0005423,2339-0,Glucose,230.7,mg/dL,2025-02-13
OBS-00010802,PT-001895,ENC-0005423,2160-0,Creatinine,4.2,mg/dL,2025-02-13
OBS-00010803,PT-001895,ENC-0005424,718-7,Hemoglobin,8.1,g/dL,2025-11-21
OBS-00010804,PT-001895,ENC-0005425,718-7,Hemoglobin,8.9,g/dL,2025-05-05
OBS-00010805,PT-001895,ENC-0005425,8480-6,Systolic blood pressure,152.5,mmHg,2025-05-05
OBS-00010806,PT-001896,ENC-0005426,8480-6,Systolic blood pressure,112.5,mmHg,2025-03-04
OBS-00010807,PT-001896,ENC-0005426,718-7,Hemoglobin,10.9,g/dL,2025-03-04
OBS-00010808,PT-001896,ENC-0005427,8480-6,Systolic blood pressure,139.5,mmHg,2026-06-22
OBS-00010809,PT-001896,ENC-0005428,2339-0,Glucose,190.4,mg/dL,2025-10-13
OBS-00010810,PT-001896,ENC-0005429,718-7,Hemoglobin,8.2,g/dL,2025-06-07
OBS-00010811,PT-001896,ENC-0005429,718-7,Hemoglobin,8.6,g/dL,2025-06-07
OBS-00010812,PT-001896,ENC-0005429,2339-0,Glucose,291.8,mg/dL,2025-06-07
OBS-00010813,PT-001897,ENC-0005430,8480-6,Systolic blood pressure,136.0,mmHg,2025-10-27
OBS-00010814,PT-001897,ENC-0005430,2160-0,Creatinine,3.6,mg/dL,2025-10-27
OBS-00010815,PT-001897,ENC-0005430,4548-4,Hemoglobin A1c,7.2,%,2025-10-27
OBS-00010816,PT-001897,ENC-0005431,2339-0,Glucose,298.8,mg/dL,2024-10-16
OBS-00010817,PT-001897,ENC-0005432,2160-0,Creatinine,2.6,mg/dL,2025-09-13
OBS-00010818,PT-001897,ENC-0005432,718-7,Hemoglobin,12.4,g/dL,2025-09-13
OBS-00010819,PT-001897,ENC-0005432,8462-4,Diastolic blood pressure,60.2,mmHg,2025-09-13
OBS-00010820,PT-001898,ENC-0005433,4548-4,Hemoglobin A1c,10.0,%,2026-04-26
OBS-00010821,PT-001898,ENC-0005433,8462-4,Diastolic blood pressure,87.3,mmHg,2026-04-26
OBS-00010822,PT-001899,ENC-0005434,2339-0,Glucose,296.0,mg/dL,2025-07-17
OBS-00010823,PT-001899,ENC-0005434,8480-6,Systolic blood pressure,178.1,mmHg,2025-07-17
OBS-00010824,PT-001899,ENC-0005435,8462-4,Diastolic blood pressure,73.6,mmHg,2025-03-05
OBS-00010825,PT-001899,ENC-0005435,2339-0,Glucose,280.5,mg/dL,2025-03-05
OBS-00010826,PT-001900,ENC-0005436,718-7,Hemoglobin,8.0,g/dL,2026-01-12
OBS-00010827,PT-001900,ENC-0005436,8462-4,Diastolic blood pressure,105.9,mmHg,2026-01-12
OBS-00010828,PT-001900,ENC-0005437,8480-6,Systolic blood pressure,182.3,mmHg,2025-05-10
OBS-00010829,PT-001900,ENC-0005437,8480-6,Systolic blood pressure,148.3,mmHg,2025-05-10
OBS-00010830,PT-001900,ENC-0005437,718-7,Hemoglobin,8.4,g/dL,2025-05-10
OBS-00010831,PT-001901,ENC-0005438,718-7,Hemoglobin,10.7,g/dL,2025-09-10
OBS-00010832,PT-001901,ENC-0005438,2339-0,Glucose,180.3,mg/dL,2025-09-10
OBS-00010833,PT-001901,ENC-0005438,8480-6,Systolic blood pressure,140.9,mmHg,2025-09-10
OBS-00010834,PT-001901,ENC-0005439,718-7,Hemoglobin,15.7,g/dL,2026-04-16
OBS-00010835,PT-001901,ENC-0005439,8462-4,Diastolic blood pressure,77.6,mmHg,2026-04-16
OBS-00010836,PT-001901,ENC-0005439,4548-4,Hemoglobin A1c,9.2,%,2026-04-16
OBS-00010837,PT-001901,ENC-0005440,8480-6,Systolic blood pressure,114.6,mmHg,2025-01-15
OBS-00010838,PT-001901,ENC-0005440,8462-4,Diastolic blood pressure,68.0,mmHg,2025-01-15
OBS-00010839,PT-001901,ENC-0005440,8480-6,Systolic blood pressure,122.9,mmHg,2025-01-15
OBS-00010840,PT-001902,ENC-0005441,4548-4,Hemoglobin A1c,10.5,%,2025-09-10
OBS-00010841,PT-001902,ENC-0005441,4548-4,Hemoglobin A1c,5.4,%,2025-09-10
OBS-00010842,PT-001902,ENC-0005441,8462-4,Diastolic blood pressure,95.6,mmHg,2025-09-10
OBS-00010843,PT-001903,ENC-0005442,718-7,Hemoglobin,10.7,g/dL,2026-08-28
OBS-00010844,PT-001903,ENC-0005443,8480-6,Systolic blood pressure,179.8,mmHg,2024-10-22
OBS-00010845,PT-001903,ENC-0005444,8462-4,Diastolic blood pressure,69.8,mmHg,2024-11-24
OBS-00010846,PT-001904,ENC-0005445,2339-0,Glucose,319.9,mg/dL,2024-10-10
OBS-00010847,PT-001904,ENC-0005446,4548-4,Hemoglobin A1c,5.9,%,2026-09-09
OBS-00010848,PT-001904,ENC-0005446,2339-0,Glucose,154.5,mg/dL,2026-09-09
OBS-00010849,PT-001904,ENC-0005446,8480-6,Systolic blood pressure,101.9,mmHg,2026-09-09
OBS-00010850,PT-001904,ENC-0005447,2160-0,Creatinine,1.6,mg/dL,2026-06-02
OBS-00010851,PT-001904,ENC-0005447,2339-0,Glucose,165.6,mg/dL,2026-06-02
OBS-00010852,PT-001904,ENC-0005447,4548-4,Hemoglobin A1c,7.4,%,2026-06-02
OBS-00010853,PT-001905,ENC-0005448,2339-0,Glucose,86.0,mg/dL,2025-02-26
OBS-00010854,PT-001906,ENC-0005449,718-7,Hemoglobin,11.5,g/dL,2025-05-18
OBS-00010855,PT-001906,ENC-0005449,718-7,Hemoglobin,13.9,g/dL,2025-05-18
OBS-00010856,PT-001906,ENC-0005449,8462-4,Diastolic blood pressure,66.4,mmHg,2025-05-18
OBS-00010857,PT-001906,ENC-0005450,8462-4,Diastolic blood pressure,96.5,mmHg,2024-11-24
OBS-00010858,PT-001906,ENC-0005450,8462-4,Diastolic blood pressure,96.6,mmHg,2024-11-24
OBS-00010859,PT-001906,ENC-0005450,2339-0,Glucose,219.5,mg/dL,2024-11-24
OBS-00010860,PT-001906,ENC-0005451,718-7,Hemoglobin,13.0,g/dL,2026-07-18
OBS-00010861,PT-001907,ENC-0005452,2160-0,Creatinine,1.6,mg/dL,2026-03-19
OBS-00010862,PT-001907,ENC-0005452,2160-0,Creatinine,3.1,mg/dL,2026-03-19
OBS-00010863,PT-001907,ENC-0005452,2339-0,Glucose,89.1,mg/dL,2026-03-19
OBS-00010864,PT-001907,ENC-0005453,2160-0,Creatinine,2.4,mg/dL,2025-09-01
OBS-00010865,PT-001907,ENC-0005453,2160-0,Creatinine,2.9,mg/dL,2025-09-01
OBS-00010866,PT-001907,ENC-0005453,2160-0,Creatinine,1.8,mg/dL,2025-09-01
OBS-00010867,PT-001907,ENC-0005454,2339-0,Glucose,236.3,mg/dL,2025-07-21
OBS-00010868,PT-001907,ENC-0005454,2339-0,Glucose,136.3,mg/dL,2025-07-21
OBS-00010869,PT-001907,ENC-0005454,8480-6,Systolic blood pressure,177.1,mmHg,2025-07-21
OBS-00010870,PT-001907,ENC-0005455,8462-4,Diastolic blood pressure,105.3,mmHg,2024-10-01
OBS-00010871,PT-001908,ENC-0005456,2160-0,Creatinine,4.5,mg/dL,2025-09-04
OBS-00010872,PT-001908,ENC-0005457,2339-0,Glucose,164.8,mg/dL,2025-09-15
OBS-00010873,PT-001908,ENC-0005457,8480-6,Systolic blood pressure,110.9,mmHg,2025-09-15
OBS-00010874,PT-001908,ENC-0005458,8462-4,Diastolic blood pressure,80.0,mmHg,2026-02-12
OBS-00010875,PT-001908,ENC-0005458,718-7,Hemoglobin,14.9,g/dL,2026-02-12
OBS-00010876,PT-001908,ENC-0005458,718-7,Hemoglobin,9.9,g/dL,2026-02-12
OBS-00010877,PT-001909,ENC-0005459,8480-6,Systolic blood pressure,138.2,mmHg,2026-01-20
OBS-00010878,PT-001909,ENC-0005459,2339-0,Glucose,96.7,mg/dL,2026-01-20
OBS-00010879,PT-001909,ENC-0005460,2339-0,Glucose,284.3,mg/dL,2025-02-07
OBS-00010880,PT-001909,ENC-0005461,8480-6,Systolic blood pressure,165.4,mmHg,2026-05-30
OBS-00010881,PT-001909,ENC-0005462,2160-0,Creatinine,2.9,mg/dL,2024-10-18
OBS-00010882,PT-001909,ENC-0005462,2160-0,Creatinine,2.1,mg/dL,2024-10-18
OBS-00010883,PT-001909,ENC-0005462,2160-0,Creatinine,3.9,mg/dL,2024-10-18
OBS-00010884,PT-001909,ENC-0005463,2160-0,Creatinine,2.3,mg/dL,2026-02-21
OBS-00010885,PT-001909,ENC-0005463,718-7,Hemoglobin,11.0,g/dL,2026-02-21
OBS-00010886,PT-001909,ENC-0005463,4548-4,Hemoglobin A1c,8.6,%,2026-02-21
OBS-00010887,PT-001909,ENC-0005464,2339-0,Glucose,197.5,mg/dL,2025-10-20
OBS-00010888,PT-001909,ENC-0005464,8480-6,Systolic blood pressure,177.9,mmHg,2025-10-20
OBS-00010889,PT-001909,ENC-0005465,718-7,Hemoglobin,10.1,g/dL,2025-09-26
OBS-00010890,PT-001910,ENC-0005466,2339-0,Glucose,274.2,mg/dL,2024-11-10
OBS-00010891,PT-001911,ENC-0005467,2339-0,Glucose,285.2,mg/dL,2025-02-20
OBS-00010892,PT-001911,ENC-0005467,2339-0,Glucose,75.2,mg/dL,2025-02-20
OBS-00010893,PT-001911,ENC-0005467,2160-0,Creatinine,0.9,mg/dL,2025-02-20
OBS-00010894,PT-001911,ENC-0005468,718-7,Hemoglobin,11.4,g/dL,2026-04-21
OBS-00010895,PT-001911,ENC-0005468,4548-4,Hemoglobin A1c,9.5,%,2026-04-21
OBS-00010896,PT-001911,ENC-0005469,4548-4,Hemoglobin A1c,8.1,%,2025-12-04
OBS-00010897,PT-001911,ENC-0005469,718-7,Hemoglobin,11.4,g/dL,2025-12-04
OBS-00010898,PT-001911,ENC-0005470,2160-0,Creatinine,3.1,mg/dL,2025-10-27
OBS-00010899,PT-001911,ENC-0005471,4548-4,Hemoglobin A1c,6.5,%,2024-09-21
OBS-00010900,PT-001912,ENC-0005472,8480-6,Systolic blood pressure,175.8,mmHg,2024-12-18
OBS-00010901,PT-001912,ENC-0005473,718-7,Hemoglobin,8.7,g/dL,2025-09-10
OBS-00010902,PT-001912,ENC-0005473,718-7,Hemoglobin,14.1,g/dL,2025-09-10
OBS-00010903,PT-001912,ENC-0005473,2160-0,Creatinine,0.6,mg/dL,2025-09-10
OBS-00010904,PT-001913,ENC-0005474,4548-4,Hemoglobin A1c,12.0,%,2026-03-11
OBS-00010905,PT-001913,ENC-0005474,8462-4,Diastolic blood pressure,98.1,mmHg,2026-03-11
OBS-00010906,PT-001913,ENC-0005474,8462-4,Diastolic blood pressure,58.9,mmHg,2026-03-11
OBS-00010907,PT-001914,ENC-0005475,718-7,Hemoglobin,10.2,g/dL,2025-08-11
OBS-00010908,PT-001914,ENC-0005475,4548-4,Hemoglobin A1c,9.3,%,2025-08-11
OBS-00010909,PT-001914,ENC-0005475,2160-0,Creatinine,4.1,mg/dL,2025-08-11
OBS-00010910,PT-001914,ENC-0005476,4548-4,Hemoglobin A1c,10.8,%,2025-08-09
OBS-00010911,PT-001914,ENC-0005477,4548-4,Hemoglobin A1c,8.4,%,2026-07-23
OBS-00010912,PT-001915,ENC-0005478,8462-4,Diastolic blood pressure,84.3,mmHg,2025-08-06
OBS-00010913,PT-001915,ENC-0005478,4548-4,Hemoglobin A1c,9.1,%,2025-08-06
OBS-00010914,PT-001915,ENC-0005478,718-7,Hemoglobin,9.7,g/dL,2025-08-06
OBS-00010915,PT-001915,ENC-0005479,2339-0,Glucose,277.2,mg/dL,2024-11-07
OBS-00010916,PT-001915,ENC-0005479,8480-6,Systolic blood pressure,125.3,mmHg,2024-11-07
OBS-00010917,PT-001915,ENC-0005480,2160-0,Creatinine,3.8,mg/dL,2026-08-20
OBS-00010918,PT-001915,ENC-0005480,718-7,Hemoglobin,15.6,g/dL,2026-08-20
OBS-00010919,PT-001915,ENC-0005481,2339-0,Glucose,276.5,mg/dL,2026-04-03
OBS-00010920,PT-001915,ENC-0005481,8462-4,Diastolic blood pressure,100.2,mmHg,2026-04-03
OBS-00010921,PT-001916,ENC-0005482,8480-6,Systolic blood pressure,138.1,mmHg,2026-02-21
OBS-00010922,PT-001916,ENC-0005483,8462-4,Diastolic blood pressure,79.7,mmHg,2026-01-01
OBS-00010923,PT-001916,ENC-0005483,8462-4,Diastolic blood pressure,67.4,mmHg,2026-01-01
OBS-00010924,PT-001917,ENC-0005484,4548-4,Hemoglobin A1c,5.4,%,2025-12-14
OBS-00010925,PT-001917,ENC-0005484,8480-6,Systolic blood pressure,175.4,mmHg,2025-12-14
OBS-00010926,PT-001917,ENC-0005484,8480-6,Systolic blood pressure,165.9,mmHg,2025-12-14
OBS-00010927,PT-001917,ENC-0005485,2339-0,Glucose,92.0,mg/dL,2025-03-19
OBS-00010928,PT-001917,ENC-0005486,8480-6,Systolic blood pressure,141.9,mmHg,2025-12-27
OBS-00010929,PT-001917,ENC-0005486,718-7,Hemoglobin,16.5,g/dL,2025-12-27
OBS-00010930,PT-001917,ENC-0005487,2339-0,Glucose,230.0,mg/dL,2025-11-09
OBS-00010931,PT-001917,ENC-0005488,4548-4,Hemoglobin A1c,11.7,%,2025-03-04
OBS-00010932,PT-001917,ENC-0005488,2160-0,Creatinine,3.4,mg/dL,2025-03-04
OBS-00010933,PT-001918,ENC-0005489,2160-0,Creatinine,1.6,mg/dL,2025-03-16
OBS-00010934,PT-001919,ENC-0005490,718-7,Hemoglobin,17.0,g/dL,2026-07-27
OBS-00010935,PT-001920,ENC-0005491,2339-0,Glucose,310.4,mg/dL,2025-07-24
OBS-00010936,PT-001920,ENC-0005491,4548-4,Hemoglobin A1c,6.3,%,2025-07-24
OBS-00010937,PT-001920,ENC-0005491,8480-6,Systolic blood pressure,157.0,mmHg,2025-07-24
OBS-00010938,PT-001921,ENC-0005492,2160-0,Creatinine,1.1,mg/dL,2026-08-29
OBS-00010939,PT-001922,ENC-0005493,8480-6,Systolic blood pressure,140.4,mmHg,2025-09-09
OBS-00010940,PT-001923,ENC-0005494,4548-4,Hemoglobin A1c,4.9,%,2026-07-10
OBS-00010941,PT-001923,ENC-0005495,718-7,Hemoglobin,15.7,g/dL,2026-02-06
OBS-00010942,PT-001923,ENC-0005496,8462-4,Diastolic blood pressure,106.1,mmHg,2026-04-12
OBS-00010943,PT-001923,ENC-0005496,2339-0,Glucose,265.3,mg/dL,2026-04-12
OBS-00010944,PT-001923,ENC-0005496,2339-0,Glucose,299.7,mg/dL,2026-04-12
OBS-00010945,PT-001924,ENC-0005497,2160-0,Creatinine,2.3,mg/dL,2025-12-13
OBS-00010946,PT-001924,ENC-0005498,8480-6,Systolic blood pressure,122.3,mmHg,2026-08-27
OBS-00010947,PT-001924,ENC-0005498,8480-6,Systolic blood pressure,184.1,mmHg,2026-08-27
OBS-00010948,PT-001925,ENC-0005499,8480-6,Systolic blood pressure,177.7,mmHg,2025-09-04
OBS-00010949,PT-001925,ENC-0005499,8480-6,Systolic blood pressure,165.7,mmHg,2025-09-04
OBS-00010950,PT-001925,ENC-0005499,718-7,Hemoglobin,13.4,g/dL,2025-09-04
OBS-00010951,PT-001926,ENC-0005500,8480-6,Systolic blood pressure,181.1,mmHg,2025-11-13
OBS-00010952,PT-001926,ENC-0005500,718-7,Hemoglobin,13.6,g/dL,2025-11-13
OBS-00010953,PT-001926,ENC-0005500,2339-0,Glucose,272.0,mg/dL,2025-11-13
OBS-00010954,PT-001927,ENC-0005501,8462-4,Diastolic blood pressure,64.5,mmHg,2025-05-16
OBS-00010955,PT-001927,ENC-0005502,718-7,Hemoglobin,9.5,g/dL,2025-12-09
OBS-00010956,PT-001927,ENC-0005502,8480-6,Systolic blood pressure,173.5,mmHg,2025-12-09
OBS-00010957,PT-001927,ENC-0005502,2339-0,Glucose,302.5,mg/dL,2025-12-09
OBS-00010958,PT-001928,ENC-0005503,8462-4,Diastolic blood pressure,75.0,mmHg,2025-09-05
OBS-00010959,PT-001928,ENC-0005504,2339-0,Glucose,302.6,mg/dL,2025-08-22
OBS-00010960,PT-001928,ENC-0005505,718-7,Hemoglobin,8.3,g/dL,2026-07-14
OBS-00010961,PT-001928,ENC-0005506,2339-0,Glucose,309.0,mg/dL,2024-12-04
OBS-00010962,PT-001929,ENC-0005507,2160-0,Creatinine,1.8,mg/dL,2025-05-20
OBS-00010963,PT-001929,ENC-0005508,4548-4,Hemoglobin A1c,12.4,%,2026-04-26
OBS-00010964,PT-001929,ENC-0005508,718-7,Hemoglobin,12.7,g/dL,2026-04-26
OBS-00010965,PT-001930,ENC-0005509,8462-4,Diastolic blood pressure,99.5,mmHg,2025-12-07
OBS-00010966,PT-001930,ENC-0005509,2160-0,Creatinine,2.8,mg/dL,2025-12-07
OBS-00010967,PT-001930,ENC-0005510,2160-0,Creatinine,0.7,mg/dL,2026-03-04
OBS-00010968,PT-001930,ENC-0005511,2160-0,Creatinine,2.2,mg/dL,2026-03-02
OBS-00010969,PT-001930,ENC-0005511,8480-6,Systolic blood pressure,155.4,mmHg,2026-03-02
OBS-00010970,PT-001931,ENC-0005512,2339-0,Glucose,315.2,mg/dL,2026-01-20
OBS-00010971,PT-001931,ENC-0005512,718-7,Hemoglobin,12.4,g/dL,2026-01-20
OBS-00010972,PT-001931,ENC-0005513,2160-0,Creatinine,0.7,mg/dL,2025-12-16
OBS-00010973,PT-001931,ENC-0005514,4548-4,Hemoglobin A1c,7.5,%,2025-08-11
OBS-00010974,PT-001931,ENC-0005514,718-7,Hemoglobin,15.7,g/dL,2025-08-11
OBS-00010975,PT-001931,ENC-0005514,4548-4,Hemoglobin A1c,7.5,%,2025-08-11
OBS-00010976,PT-001932,ENC-0005515,2160-0,Creatinine,3.2,mg/dL,2025-12-19
OBS-00010977,PT-001932,ENC-0005515,8462-4,Diastolic blood pressure,70.2,mmHg,2025-12-19
OBS-00010978,PT-001932,ENC-0005516,4548-4,Hemoglobin A1c,9.0,%,2025-11-14
OBS-00010979,PT-001932,ENC-0005517,718-7,Hemoglobin,11.7,g/dL,2025-07-10
OBS-00010980,PT-001932,ENC-0005517,2160-0,Creatinine,4.4,mg/dL,2025-07-10
OBS-00010981,PT-001932,ENC-0005518,4548-4,Hemoglobin A1c,5.7,%,2026-08-23
OBS-00010982,PT-001933,ENC-0005519,718-7,Hemoglobin,13.7,g/dL,2025-11-05
OBS-00010983,PT-001933,ENC-0005520,2339-0,Glucose,270.3,mg/dL,2026-08-24
OBS-00010984,PT-001933,ENC-0005521,8480-6,Systolic blood pressure,109.4,mmHg,2025-09-12
OBS-00010985,PT-001933,ENC-0005521,2339-0,Glucose,237.8,mg/dL,2025-09-12
OBS-00010986,PT-001933,ENC-0005522,4548-4,Hemoglobin A1c,12.5,%,2024-10-29
OBS-00010987,PT-001934,ENC-0005523,718-7,Hemoglobin,8.3,g/dL,2024-12-14
OBS-00010988,PT-001934,ENC-0005523,2160-0,Creatinine,4.3,mg/dL,2024-12-14
OBS-00010989,PT-001934,ENC-0005523,2160-0,Creatinine,1.1,mg/dL,2024-12-14
OBS-00010990,PT-001935,ENC-0005524,8480-6,Systolic blood pressure,164.1,mmHg,2025-10-10
OBS-00010991,PT-001935,ENC-0005524,4548-4,Hemoglobin A1c,6.8,%,2025-10-10
OBS-00010992,PT-001935,ENC-0005525,2160-0,Creatinine,3.0,mg/dL,2026-03-02
OBS-00010993,PT-001935,ENC-0005525,8480-6,Systolic blood pressure,119.8,mmHg,2026-03-02
OBS-00010994,PT-001935,ENC-0005526,718-7,Hemoglobin,12.7,g/dL,2026-03-24
OBS-00010995,PT-001935,ENC-0005526,2160-0,Creatinine,2.2,mg/dL,2026-03-24
OBS-00010996,PT-001936,ENC-0005527,718-7,Hemoglobin,15.9,g/dL,2025-12-18
OBS-00010997,PT-001936,ENC-0005528,2160-0,Creatinine,1.9,mg/dL,2025-07-09
OBS-00010998,PT-001936,ENC-0005528,2160-0,Creatinine,0.8,mg/dL,2025-07-09
OBS-00010999,PT-001937,ENC-0005529,4548-4,Hemoglobin A1c,9.4,%,2024-09-27
OBS-00011000,PT-001937,ENC-0005529,4548-4,Hemoglobin A1c,5.3,%,2024-09-27
OBS-00011001,PT-001937,ENC-0005529,8462-4,Diastolic blood pressure,89.7,mmHg,2024-09-27
OBS-00011002,PT-001937,ENC-0005530,2160-0,Creatinine,1.3,mg/dL,2026-06-10
OBS-00011003,PT-001937,ENC-0005530,2160-0,Creatinine,3.6,mg/dL,2026-06-10
OBS-00011004,PT-001937,ENC-0005530,8480-6,Systolic blood pressure,157.5,mmHg,2026-06-10
OBS-00011005,PT-001937,ENC-0005531,4548-4,Hemoglobin A1c,6.9,%,2025-07-09
OBS-00011006,PT-001937,ENC-0005531,4548-4,Hemoglobin A1c,5.6,%,2025-07-09
OBS-00011007,PT-001937,ENC-0005531,2339-0,Glucose,262.7,mg/dL,2025-07-09
OBS-00011008,PT-001938,ENC-0005532,718-7,Hemoglobin,11.8,g/dL,2026-04-15
OBS-00011009,PT-001938,ENC-0005532,4548-4,Hemoglobin A1c,11.6,%,2026-04-15
OBS-00011010,PT-001938,ENC-0005533,2339-0,Glucose,211.8,mg/dL,2026-02-25
OBS-00011011,PT-001938,ENC-0005534,4548-4,Hemoglobin A1c,11.2,%,2026-08-07
OBS-00011012,PT-001938,ENC-0005534,8480-6,Systolic blood pressure,141.7,mmHg,2026-08-07
OBS-00011013,PT-001938,ENC-0005534,4548-4,Hemoglobin A1c,11.1,%,2026-08-07
OBS-00011014,PT-001938,ENC-0005535,4548-4,Hemoglobin A1c,8.4,%,2025-06-08
OBS-00011015,PT-001938,ENC-0005535,2339-0,Glucose,213.7,mg/dL,2025-06-08
OBS-00011016,PT-001939,ENC-0005536,8480-6,Systolic blood pressure,113.8,mmHg,2025-05-03
OBS-00011017,PT-001939,ENC-0005536,4548-4,Hemoglobin A1c,9.8,%,2025-05-03
OBS-00011018,PT-001939,ENC-0005536,2339-0,Glucose,128.0,mg/dL,2025-05-03
OBS-00011019,PT-001939,ENC-0005537,8480-6,Systolic blood pressure,109.8,mmHg,2025-09-12
OBS-00011020,PT-001940,ENC-0005538,8462-4,Diastolic blood pressure,83.3,mmHg,2026-05-27
OBS-00011021,PT-001940,ENC-0005538,4548-4,Hemoglobin A1c,7.8,%,2026-05-27
OBS-00011022,PT-001940,ENC-0005538,4548-4,Hemoglobin A1c,6.6,%,2026-05-27
OBS-00011023,PT-001940,ENC-0005539,8462-4,Diastolic blood pressure,59.8,mmHg,2026-07-29
OBS-00011024,PT-001941,ENC-0005540,2160-0,Creatinine,4.3,mg/dL,2024-12-28
OBS-00011025,PT-001941,ENC-0005540,4548-4,Hemoglobin A1c,10.3,%,2024-12-28
OBS-00011026,PT-001941,ENC-0005540,718-7,Hemoglobin,16.5,g/dL,2024-12-28
OBS-00011027,PT-001941,ENC-0005541,8462-4,Diastolic blood pressure,90.7,mmHg,2026-09-12
OBS-00011028,PT-001941,ENC-0005542,2339-0,Glucose,156.0,mg/dL,2024-09-26
OBS-00011029,PT-001942,ENC-0005543,718-7,Hemoglobin,16.4,g/dL,2025-03-29
OBS-00011030,PT-001942,ENC-0005543,4548-4,Hemoglobin A1c,10.3,%,2025-03-29
OBS-00011031,PT-001942,ENC-0005543,718-7,Hemoglobin,12.3,g/dL,2025-03-29
OBS-00011032,PT-001943,ENC-0005544,4548-4,Hemoglobin A1c,9.2,%,2025-04-06
OBS-00011033,PT-001943,ENC-0005545,2160-0,Creatinine,3.1,mg/dL,2026-04-19
OBS-00011034,PT-001943,ENC-0005545,8462-4,Diastolic blood pressure,96.2,mmHg,2026-04-19
OBS-00011035,PT-001943,ENC-0005545,2339-0,Glucose,243.3,mg/dL,2026-04-19
OBS-00011036,PT-001943,ENC-0005546,8462-4,Diastolic blood pressure,97.5,mmHg,2026-05-07
OBS-00011037,PT-001943,ENC-0005546,4548-4,Hemoglobin A1c,6.7,%,2026-05-07
OBS-00011038,PT-001944,ENC-0005547,4548-4,Hemoglobin A1c,9.5,%,2025-12-08
OBS-00011039,PT-001944,ENC-0005547,8480-6,Systolic blood pressure,159.9,mmHg,2025-12-08
OBS-00011040,PT-001944,ENC-0005548,718-7,Hemoglobin,14.3,g/dL,2025-02-08
OBS-00011041,PT-001944,ENC-0005548,4548-4,Hemoglobin A1c,11.0,%,2025-02-08
OBS-00011042,PT-001944,ENC-0005548,4548-4,Hemoglobin A1c,10.4,%,2025-02-08
OBS-00011043,PT-001944,ENC-0005549,718-7,Hemoglobin,9.8,g/dL,2026-01-16
OBS-00011044,PT-001944,ENC-0005549,2339-0,Glucose,174.1,mg/dL,2026-01-16
OBS-00011045,PT-001945,ENC-0005550,2160-0,Creatinine,4.1,mg/dL,2026-09-15
OBS-00011046,PT-001945,ENC-0005550,2160-0,Creatinine,2.9,mg/dL,2026-09-15
OBS-00011047,PT-001945,ENC-0005550,718-7,Hemoglobin,15.4,g/dL,2026-09-15
OBS-00011048,PT-001945,ENC-0005551,8462-4,Diastolic blood pressure,93.7,mmHg,2025-12-23
OBS-00011049,PT-001945,ENC-0005551,8480-6,Systolic blood pressure,113.9,mmHg,2025-12-23
OBS-00011050,PT-001945,ENC-0005552,8462-4,Diastolic blood pressure,83.4,mmHg,2024-10-27
OBS-00011051,PT-001945,ENC-0005552,718-7,Hemoglobin,14.0,g/dL,2024-10-27
OBS-00011052,PT-001946,ENC-0005553,4548-4,Hemoglobin A1c,5.2,%,2024-12-24
OBS-00011053,PT-001946,ENC-0005554,2339-0,Glucose,87.3,mg/dL,2025-07-03
OBS-00011054,PT-001946,ENC-0005554,2160-0,Creatinine,3.4,mg/dL,2025-07-03
OBS-00011055,PT-001946,ENC-0005554,718-7,Hemoglobin,16.4,g/dL,2025-07-03
OBS-00011056,PT-001947,ENC-0005555,8480-6,Systolic blood pressure,133.0,mmHg,2025-01-30
OBS-00011057,PT-001947,ENC-0005556,4548-4,Hemoglobin A1c,12.4,%,2024-10-03
OBS-00011058,PT-001947,ENC-0005556,718-7,Hemoglobin,15.5,g/dL,2024-10-03
OBS-00011059,PT-001947,ENC-0005556,8480-6,Systolic blood pressure,171.9,mmHg,2024-10-03
OBS-00011060,PT-001947,ENC-0005557,8480-6,Systolic blood pressure,140.5,mmHg,2026-05-28
OBS-00011061,PT-001947,ENC-0005558,8480-6,Systolic blood pressure,147.0,mmHg,2026-08-06
OBS-00011062,PT-001947,ENC-0005558,2339-0,Glucose,183.6,mg/dL,2026-08-06
OBS-00011063,PT-001947,ENC-0005558,4548-4,Hemoglobin A1c,8.8,%,2026-08-06
OBS-00011064,PT-001948,ENC-0005559,8462-4,Diastolic blood pressure,107.4,mmHg,2025-06-19
OBS-00011065,PT-001948,ENC-0005559,4548-4,Hemoglobin A1c,6.6,%,2025-06-19
OBS-00011066,PT-001949,ENC-0005560,718-7,Hemoglobin,13.4,g/dL,2024-10-20
OBS-00011067,PT-001949,ENC-0005560,8480-6,Systolic blood pressure,137.2,mmHg,2024-10-20
OBS-00011068,PT-001949,ENC-0005561,2339-0,Glucose,228.9,mg/dL,2025-12-11
OBS-00011069,PT-001949,ENC-0005561,718-7,Hemoglobin,8.1,g/dL,2025-12-11
OBS-00011070,PT-001949,ENC-0005561,8480-6,Systolic blood pressure,133.4,mmHg,2025-12-11
OBS-00011071,PT-001950,ENC-0005562,4548-4,Hemoglobin A1c,10.5,%,2024-12-30
OBS-00011072,PT-001950,ENC-0005562,718-7,Hemoglobin,11.8,g/dL,2024-12-30
OBS-00011073,PT-001950,ENC-0005563,8480-6,Systolic blood pressure,156.7,mmHg,2026-07-18
OBS-00011074,PT-001950,ENC-0005563,8480-6,Systolic blood pressure,156.6,mmHg,2026-07-18
OBS-00011075,PT-001951,ENC-0005564,8462-4,Diastolic blood pressure,97.2,mmHg,2026-04-28
OBS-00011076,PT-001951,ENC-0005564,4548-4,Hemoglobin A1c,7.3,%,2026-04-28
OBS-00011077,PT-001951,ENC-0005565,8462-4,Diastolic blood pressure,99.4,mmHg,2025-11-24
OBS-00011078,PT-001951,ENC-0005566,8462-4,Diastolic blood pressure,82.4,mmHg,2024-10-04
OBS-00011079,PT-001951,ENC-0005566,2160-0,Creatinine,0.8,mg/dL,2024-10-04
OBS-00011080,PT-001951,ENC-0005566,4548-4,Hemoglobin A1c,5.4,%,2024-10-04
OBS-00011081,PT-001951,ENC-0005567,2339-0,Glucose,272.0,mg/dL,2025-04-18
OBS-00011082,PT-001952,ENC-0005568,718-7,Hemoglobin,15.8,g/dL,2026-01-15
OBS-00011083,PT-001952,ENC-0005568,4548-4,Hemoglobin A1c,9.2,%,2026-01-15
OBS-00011084,PT-001952,ENC-0005569,8462-4,Diastolic blood pressure,94.1,mmHg,2025-06-13
OBS-00011085,PT-001952,ENC-0005569,8462-4,Diastolic blood pressure,109.9,mmHg,2025-06-13
OBS-00011086,PT-001953,ENC-0005570,2160-0,Creatinine,3.0,mg/dL,2024-12-23
OBS-00011087,PT-001953,ENC-0005571,8480-6,Systolic blood pressure,140.5,mmHg,2026-07-12
OBS-00011088,PT-001954,ENC-0005572,8462-4,Diastolic blood pressure,84.7,mmHg,2024-09-26
OBS-00011089,PT-001954,ENC-0005572,4548-4,Hemoglobin A1c,12.4,%,2024-09-26
OBS-00011090,PT-001954,ENC-0005572,2339-0,Glucose,149.7,mg/dL,2024-09-26
OBS-00011091,PT-001954,ENC-0005573,4548-4,Hemoglobin A1c,8.3,%,2026-02-10
OBS-00011092,PT-001954,ENC-0005573,2160-0,Creatinine,0.8,mg/dL,2026-02-10
OBS-00011093,PT-001954,ENC-0005574,718-7,Hemoglobin,9.5,g/dL,2024-10-31
OBS-00011094,PT-001954,ENC-0005575,8462-4,Diastolic blood pressure,61.7,mmHg,2025-12-26
OBS-00011095,PT-001954,ENC-0005575,8462-4,Diastolic blood pressure,75.1,mmHg,2025-12-26
OBS-00011096,PT-001954,ENC-0005575,8462-4,Diastolic blood pressure,65.6,mmHg,2025-12-26
OBS-00011097,PT-001954,ENC-0005576,4548-4,Hemoglobin A1c,5.1,%,2026-02-25
OBS-00011098,PT-001954,ENC-0005576,8480-6,Systolic blood pressure,152.3,mmHg,2026-02-25
OBS-00011099,PT-001954,ENC-0005577,8462-4,Diastolic blood pressure,59.0,mmHg,2025-10-07
OBS-00011100,PT-001954,ENC-0005577,8462-4,Diastolic blood pressure,96.8,mmHg,2025-10-07
OBS-00011101,PT-001954,ENC-0005577,8462-4,Diastolic blood pressure,63.5,mmHg,2025-10-07
OBS-00011102,PT-001955,ENC-0005578,8480-6,Systolic blood pressure,174.8,mmHg,2025-01-05
OBS-00011103,PT-001955,ENC-0005578,8480-6,Systolic blood pressure,155.1,mmHg,2025-01-05
OBS-00011104,PT-001955,ENC-0005578,718-7,Hemoglobin,12.8,g/dL,2025-01-05
OBS-00011105,PT-001955,ENC-0005579,2160-0,Creatinine,1.8,mg/dL,2026-06-03
OBS-00011106,PT-001955,ENC-0005579,8462-4,Diastolic blood pressure,82.1,mmHg,2026-06-03
OBS-00011107,PT-001955,ENC-0005579,8462-4,Diastolic blood pressure,90.5,mmHg,2026-06-03
OBS-00011108,PT-001955,ENC-0005580,8462-4,Diastolic blood pressure,105.0,mmHg,2026-03-03
OBS-00011109,PT-001956,ENC-0005581,718-7,Hemoglobin,9.9,g/dL,2025-11-13
OBS-00011110,PT-001956,ENC-0005581,8480-6,Systolic blood pressure,146.2,mmHg,2025-11-13
OBS-00011111,PT-001956,ENC-0005581,8480-6,Systolic blood pressure,145.4,mmHg,2025-11-13
OBS-00011112,PT-001957,ENC-0005582,2339-0,Glucose,178.8,mg/dL,2025-11-10
OBS-00011113,PT-001957,ENC-0005582,8462-4,Diastolic blood pressure,96.2,mmHg,2025-11-10
OBS-00011114,PT-001957,ENC-0005583,718-7,Hemoglobin,15.5,g/dL,2025-05-31
OBS-00011115,PT-001957,ENC-0005584,2339-0,Glucose,107.7,mg/dL,2025-08-21
OBS-00011116,PT-001957,ENC-0005584,8480-6,Systolic blood pressure,120.4,mmHg,2025-08-21
OBS-00011117,PT-001957,ENC-0005584,4548-4,Hemoglobin A1c,5.3,%,2025-08-21
OBS-00011118,PT-001957,ENC-0005585,8462-4,Diastolic blood pressure,81.2,mmHg,2026-07-25
OBS-00011119,PT-001957,ENC-0005585,2339-0,Glucose,278.9,mg/dL,2026-07-25
OBS-00011120,PT-001957,ENC-0005585,8480-6,Systolic blood pressure,127.8,mmHg,2026-07-25
OBS-00011121,PT-001957,ENC-0005586,8462-4,Diastolic blood pressure,62.5,mmHg,2024-12-02
OBS-00011122,PT-001958,ENC-0005587,2339-0,Glucose,276.0,mg/dL,2025-12-26
OBS-00011123,PT-001958,ENC-0005587,4548-4,Hemoglobin A1c,7.3,%,2025-12-26
OBS-00011124,PT-001958,ENC-0005587,2160-0,Creatinine,2.7,mg/dL,2025-12-26
OBS-00011125,PT-001958,ENC-0005588,2339-0,Glucose,91.2,mg/dL,2026-08-11
OBS-00011126,PT-001958,ENC-0005588,718-7,Hemoglobin,9.4,g/dL,2026-08-11
OBS-00011127,PT-001959,ENC-0005589,2339-0,Glucose,92.6,mg/dL,2025-01-22
OBS-00011128,PT-001959,ENC-0005590,8462-4,Diastolic blood pressure,79.3,mmHg,2025-05-10
OBS-00011129,PT-001960,ENC-0005591,2160-0,Creatinine,1.3,mg/dL,2025-04-23
OBS-00011130,PT-001960,ENC-0005591,718-7,Hemoglobin,9.2,g/dL,2025-04-23
OBS-00011131,PT-001960,ENC-0005592,2160-0,Creatinine,1.2,mg/dL,2026-06-14
OBS-00011132,PT-001960,ENC-0005592,8462-4,Diastolic blood pressure,79.0,mmHg,2026-06-14
OBS-00011133,PT-001960,ENC-0005593,2339-0,Glucose,161.2,mg/dL,2024-11-15
OBS-00011134,PT-001960,ENC-0005593,4548-4,Hemoglobin A1c,6.0,%,2024-11-15
OBS-00011135,PT-001960,ENC-0005594,718-7,Hemoglobin,9.6,g/dL,2026-04-14
OBS-00011136,PT-001960,ENC-0005594,2339-0,Glucose,257.1,mg/dL,2026-04-14
OBS-00011137,PT-001960,ENC-0005594,2339-0,Glucose,167.6,mg/dL,2026-04-14
OBS-00011138,PT-001960,ENC-0005595,2339-0,Glucose,213.1,mg/dL,2024-10-11
OBS-00011139,PT-001960,ENC-0005595,8462-4,Diastolic blood pressure,64.4,mmHg,2024-10-11
OBS-00011140,PT-001960,ENC-0005595,2160-0,Creatinine,3.4,mg/dL,2024-10-11
OBS-00011141,PT-001960,ENC-0005596,8480-6,Systolic blood pressure,126.5,mmHg,2026-04-20
OBS-00011142,PT-001960,ENC-0005596,8462-4,Diastolic blood pressure,71.2,mmHg,2026-04-20
OBS-00011143,PT-001960,ENC-0005596,8462-4,Diastolic blood pressure,84.3,mmHg,2026-04-20
OBS-00011144,PT-001961,ENC-0005597,718-7,Hemoglobin,10.8,g/dL,2026-04-14
OBS-00011145,PT-001961,ENC-0005597,2160-0,Creatinine,1.6,mg/dL,2026-04-14
OBS-00011146,PT-001961,ENC-0005598,8480-6,Systolic blood pressure,178.8,mmHg,2025-01-02
OBS-00011147,PT-001961,ENC-0005598,8462-4,Diastolic blood pressure,70.1,mmHg,2025-01-02
OBS-00011148,PT-001961,ENC-0005599,8480-6,Systolic blood pressure,174.7,mmHg,2024-12-08
OBS-00011149,PT-001961,ENC-0005600,718-7,Hemoglobin,14.2,g/dL,2025-04-04
OBS-00011150,PT-001961,ENC-0005600,718-7,Hemoglobin,16.4,g/dL,2025-04-04
OBS-00011151,PT-001961,ENC-0005601,2160-0,Creatinine,3.8,mg/dL,2026-02-21
OBS-00011152,PT-001961,ENC-0005601,2339-0,Glucose,253.6,mg/dL,2026-02-21
OBS-00011153,PT-001962,ENC-0005602,2160-0,Creatinine,0.9,mg/dL,2026-04-11
OBS-00011154,PT-001962,ENC-0005603,718-7,Hemoglobin,12.2,g/dL,2026-08-28
OBS-00011155,PT-001962,ENC-0005603,2339-0,Glucose,79.5,mg/dL,2026-08-28
OBS-00011156,PT-001962,ENC-0005604,2339-0,Glucose,259.6,mg/dL,2026-07-25
OBS-00011157,PT-001962,ENC-0005604,718-7,Hemoglobin,9.6,g/dL,2026-07-25
OBS-00011158,PT-001962,ENC-0005604,8480-6,Systolic blood pressure,174.0,mmHg,2026-07-25
OBS-00011159,PT-001962,ENC-0005605,2339-0,Glucose,176.6,mg/dL,2024-11-06
OBS-00011160,PT-001963,ENC-0005606,2339-0,Glucose,184.8,mg/dL,2026-08-15
OBS-00011161,PT-001963,ENC-0005606,8480-6,Systolic blood pressure,98.1,mmHg,2026-08-15
OBS-00011162,PT-001963,ENC-0005606,8480-6,Systolic blood pressure,136.3,mmHg,2026-08-15
OBS-00011163,PT-001963,ENC-0005607,8462-4,Diastolic blood pressure,101.0,mmHg,2026-02-10
OBS-00011164,PT-001963,ENC-0005607,8462-4,Diastolic blood pressure,83.1,mmHg,2026-02-10
OBS-00011165,PT-001963,ENC-0005607,8462-4,Diastolic blood pressure,98.5,mmHg,2026-02-10
OBS-00011166,PT-001964,ENC-0005608,8462-4,Diastolic blood pressure,74.1,mmHg,2026-01-07
OBS-00011167,PT-001964,ENC-0005608,8462-4,Diastolic blood pressure,68.9,mmHg,2026-01-07
OBS-00011168,PT-001964,ENC-0005609,718-7,Hemoglobin,11.4,g/dL,2026-02-14
OBS-00011169,PT-001964,ENC-0005609,2339-0,Glucose,246.1,mg/dL,2026-02-14
OBS-00011170,PT-001964,ENC-0005609,4548-4,Hemoglobin A1c,8.9,%,2026-02-14
OBS-00011171,PT-001965,ENC-0005610,8462-4,Diastolic blood pressure,77.7,mmHg,2026-06-07
OBS-00011172,PT-001965,ENC-0005611,8480-6,Systolic blood pressure,161.7,mmHg,2026-08-02
OBS-00011173,PT-001966,ENC-0005612,8462-4,Diastolic blood pressure,62.6,mmHg,2026-05-14
OBS-00011174,PT-001966,ENC-0005612,4548-4,Hemoglobin A1c,7.3,%,2026-05-14
OBS-00011175,PT-001966,ENC-0005612,8480-6,Systolic blood pressure,130.2,mmHg,2026-05-14
OBS-00011176,PT-001966,ENC-0005613,4548-4,Hemoglobin A1c,8.1,%,2026-03-31
OBS-00011177,PT-001966,ENC-0005613,718-7,Hemoglobin,8.0,g/dL,2026-03-31
OBS-00011178,PT-001966,ENC-0005614,4548-4,Hemoglobin A1c,12.5,%,2025-12-29
OBS-00011179,PT-001966,ENC-0005614,8462-4,Diastolic blood pressure,91.5,mmHg,2025-12-29
OBS-00011180,PT-001966,ENC-0005615,8462-4,Diastolic blood pressure,58.9,mmHg,2024-09-27
OBS-00011181,PT-001966,ENC-0005616,8480-6,Systolic blood pressure,125.0,mmHg,2026-01-16
OBS-00011182,PT-001966,ENC-0005616,8462-4,Diastolic blood pressure,82.6,mmHg,2026-01-16
OBS-00011183,PT-001966,ENC-0005616,2160-0,Creatinine,2.7,mg/dL,2026-01-16
OBS-00011184,PT-001966,ENC-0005617,4548-4,Hemoglobin A1c,11.8,%,2025-10-31
OBS-00011185,PT-001967,ENC-0005618,2339-0,Glucose,268.0,mg/dL,2025-11-14
OBS-00011186,PT-001967,ENC-0005618,2160-0,Creatinine,0.7,mg/dL,2025-11-14
OBS-00011187,PT-001967,ENC-0005618,2160-0,Creatinine,2.5,mg/dL,2025-11-14
OBS-00011188,PT-001967,ENC-0005619,8480-6,Systolic blood pressure,181.7,mmHg,2026-06-11
OBS-00011189,PT-001967,ENC-0005619,2339-0,Glucose,289.7,mg/dL,2026-06-11
OBS-00011190,PT-001967,ENC-0005619,2160-0,Creatinine,4.0,mg/dL,2026-06-11
OBS-00011191,PT-001967,ENC-0005620,4548-4,Hemoglobin A1c,8.0,%,2026-08-31
OBS-00011192,PT-001967,ENC-0005620,8480-6,Systolic blood pressure,134.7,mmHg,2026-08-31
OBS-00011193,PT-001968,ENC-0005621,2339-0,Glucose,294.2,mg/dL,2025-10-31
OBS-00011194,PT-001968,ENC-0005621,2160-0,Creatinine,1.3,mg/dL,2025-10-31
OBS-00011195,PT-001968,ENC-0005622,2339-0,Glucose,288.5,mg/dL,2024-12-28
OBS-00011196,PT-001968,ENC-0005622,2339-0,Glucose,229.1,mg/dL,2024-12-28
OBS-00011197,PT-001968,ENC-0005622,8480-6,Systolic blood pressure,144.1,mmHg,2024-12-28
OBS-00011198,PT-001968,ENC-0005623,2339-0,Glucose,284.7,mg/dL,2026-03-22
OBS-00011199,PT-001969,ENC-0005624,8462-4,Diastolic blood pressure,61.1,mmHg,2026-08-31
OBS-00011200,PT-001969,ENC-0005624,8480-6,Systolic blood pressure,138.5,mmHg,2026-08-31
OBS-00011201,PT-001969,ENC-0005625,8480-6,Systolic blood pressure,162.4,mmHg,2025-09-04
OBS-00011202,PT-001969,ENC-0005625,2339-0,Glucose,284.6,mg/dL,2025-09-04
OBS-00011203,PT-001969,ENC-0005625,8480-6,Systolic blood pressure,102.6,mmHg,2025-09-04
OBS-00011204,PT-001970,ENC-0005626,2339-0,Glucose,269.0,mg/dL,2026-05-18
OBS-00011205,PT-001970,ENC-0005627,8462-4,Diastolic blood pressure,90.8,mmHg,2025-05-13
OBS-00011206,PT-001970,ENC-0005627,718-7,Hemoglobin,11.1,g/dL,2025-05-13
OBS-00011207,PT-001971,ENC-0005628,2339-0,Glucose,165.6,mg/dL,2025-09-07
OBS-00011208,PT-001971,ENC-0005628,4548-4,Hemoglobin A1c,9.3,%,2025-09-07
OBS-00011209,PT-001971,ENC-0005629,8480-6,Systolic blood pressure,131.8,mmHg,2026-03-30
OBS-00011210,PT-001971,ENC-0005629,2160-0,Creatinine,3.4,mg/dL,2026-03-30
OBS-00011211,PT-001971,ENC-0005629,2160-0,Creatinine,2.3,mg/dL,2026-03-30
OBS-00011212,PT-001972,ENC-0005630,718-7,Hemoglobin,9.4,g/dL,2026-04-29
OBS-00011213,PT-001972,ENC-0005630,4548-4,Hemoglobin A1c,7.5,%,2026-04-29
OBS-00011214,PT-001972,ENC-0005630,2339-0,Glucose,267.8,mg/dL,2026-04-29
OBS-00011215,PT-001972,ENC-0005631,2339-0,Glucose,288.3,mg/dL,2026-07-12
OBS-00011216,PT-001972,ENC-0005631,8480-6,Systolic blood pressure,129.7,mmHg,2026-07-12
OBS-00011217,PT-001972,ENC-0005631,2339-0,Glucose,232.2,mg/dL,2026-07-12
OBS-00011218,PT-001972,ENC-0005632,8462-4,Diastolic blood pressure,80.2,mmHg,2026-03-13
OBS-00011219,PT-001972,ENC-0005633,718-7,Hemoglobin,9.1,g/dL,2026-02-13
OBS-00011220,PT-001972,ENC-0005633,2339-0,Glucose,182.4,mg/dL,2026-02-13
OBS-00011221,PT-001972,ENC-0005634,718-7,Hemoglobin,10.6,g/dL,2025-01-12
OBS-00011222,PT-001972,ENC-0005635,2160-0,Creatinine,3.6,mg/dL,2026-03-15
OBS-00011223,PT-001972,ENC-0005635,4548-4,Hemoglobin A1c,5.7,%,2026-03-15
OBS-00011224,PT-001972,ENC-0005635,8462-4,Diastolic blood pressure,76.0,mmHg,2026-03-15
OBS-00011225,PT-001973,ENC-0005636,718-7,Hemoglobin,14.5,g/dL,2025-05-07
OBS-00011226,PT-001973,ENC-0005636,2160-0,Creatinine,0.7,mg/dL,2025-05-07
OBS-00011227,PT-001973,ENC-0005636,8462-4,Diastolic blood pressure,80.4,mmHg,2025-05-07
OBS-00011228,PT-001973,ENC-0005637,4548-4,Hemoglobin A1c,9.1,%,2025-07-15
OBS-00011229,PT-001974,ENC-0005638,8480-6,Systolic blood pressure,184.5,mmHg,2025-10-27
OBS-00011230,PT-001974,ENC-0005638,8462-4,Diastolic blood pressure,89.2,mmHg,2025-10-27
OBS-00011231,PT-001975,ENC-0005639,8480-6,Systolic blood pressure,169.0,mmHg,2026-08-25
OBS-00011232,PT-001976,ENC-0005640,8480-6,Systolic blood pressure,112.7,mmHg,2026-05-17
OBS-00011233,PT-001976,ENC-0005640,2339-0,Glucose,156.9,mg/dL,2026-05-17
OBS-00011234,PT-001976,ENC-0005641,8462-4,Diastolic blood pressure,85.3,mmHg,2025-11-21
OBS-00011235,PT-001977,ENC-0005642,718-7,Hemoglobin,8.2,g/dL,2025-09-07
OBS-00011236,PT-001977,ENC-0005642,8480-6,Systolic blood pressure,148.8,mmHg,2025-09-07
OBS-00011237,PT-001977,ENC-0005642,718-7,Hemoglobin,8.4,g/dL,2025-09-07
OBS-00011238,PT-001977,ENC-0005643,718-7,Hemoglobin,9.7,g/dL,2025-01-06
OBS-00011239,PT-001977,ENC-0005643,718-7,Hemoglobin,10.8,g/dL,2025-01-06
OBS-00011240,PT-001977,ENC-0005643,2339-0,Glucose,137.4,mg/dL,2025-01-06
OBS-00011241,PT-001977,ENC-0005644,8480-6,Systolic blood pressure,109.7,mmHg,2026-06-17
OBS-00011242,PT-001977,ENC-0005644,4548-4,Hemoglobin A1c,8.9,%,2026-06-17
OBS-00011243,PT-001977,ENC-0005644,2160-0,Creatinine,2.4,mg/dL,2026-06-17
OBS-00011244,PT-001978,ENC-0005645,8462-4,Diastolic blood pressure,99.5,mmHg,2025-10-14
OBS-00011245,PT-001978,ENC-0005645,8462-4,Diastolic blood pressure,86.8,mmHg,2025-10-14
OBS-00011246,PT-001978,ENC-0005646,2160-0,Creatinine,2.0,mg/dL,2025-11-19
OBS-00011247,PT-001978,ENC-0005647,4548-4,Hemoglobin A1c,8.8,%,2024-09-23
OBS-00011248,PT-001978,ENC-0005648,2160-0,Creatinine,1.9,mg/dL,2025-10-11
OBS-00011249,PT-001978,ENC-0005649,8462-4,Diastolic blood pressure,98.6,mmHg,2026-07-31
OBS-00011250,PT-001978,ENC-0005649,4548-4,Hemoglobin A1c,12.4,%,2026-07-31
OBS-00011251,PT-001978,ENC-0005649,2160-0,Creatinine,1.2,mg/dL,2026-07-31
OBS-00011252,PT-001978,ENC-0005650,2339-0,Glucose,133.9,mg/dL,2025-03-27
OBS-00011253,PT-001979,ENC-0005651,718-7,Hemoglobin,11.1,g/dL,2024-11-26
OBS-00011254,PT-001980,ENC-0005652,2160-0,Creatinine,4.1,mg/dL,2026-03-23
OBS-00011255,PT-001980,ENC-0005652,8480-6,Systolic blood pressure,118.2,mmHg,2026-03-23
OBS-00011256,PT-001980,ENC-0005652,718-7,Hemoglobin,9.6,g/dL,2026-03-23
OBS-00011257,PT-001980,ENC-0005653,2339-0,Glucose,154.1,mg/dL,2026-05-21
OBS-00011258,PT-001980,ENC-0005653,4548-4,Hemoglobin A1c,6.9,%,2026-05-21
OBS-00011259,PT-001980,ENC-0005654,2160-0,Creatinine,2.8,mg/dL,2024-10-04
OBS-00011260,PT-001981,ENC-0005655,2339-0,Glucose,216.0,mg/dL,2025-03-16
OBS-00011261,PT-001982,ENC-0005656,8480-6,Systolic blood pressure,153.3,mmHg,2025-09-03
OBS-00011262,PT-001982,ENC-0005656,718-7,Hemoglobin,12.3,g/dL,2025-09-03
OBS-00011263,PT-001982,ENC-0005656,2160-0,Creatinine,4.3,mg/dL,2025-09-03
OBS-00011264,PT-001982,ENC-0005657,718-7,Hemoglobin,16.2,g/dL,2026-07-22
OBS-00011265,PT-001982,ENC-0005658,4548-4,Hemoglobin A1c,5.0,%,2025-02-23
OBS-00011266,PT-001982,ENC-0005658,2160-0,Creatinine,0.8,mg/dL,2025-02-23
OBS-00011267,PT-001982,ENC-0005659,8462-4,Diastolic blood pressure,106.3,mmHg,2025-05-07
OBS-00011268,PT-001983,ENC-0005660,2339-0,Glucose,283.7,mg/dL,2024-12-18
OBS-00011269,PT-001983,ENC-0005660,718-7,Hemoglobin,9.7,g/dL,2024-12-18
OBS-00011270,PT-001983,ENC-0005660,8462-4,Diastolic blood pressure,79.2,mmHg,2024-12-18
OBS-00011271,PT-001983,ENC-0005661,2339-0,Glucose,247.5,mg/dL,2026-05-02
OBS-00011272,PT-001983,ENC-0005661,2339-0,Glucose,301.1,mg/dL,2026-05-02
OBS-00011273,PT-001983,ENC-0005662,8462-4,Diastolic blood pressure,66.9,mmHg,2024-11-01
OBS-00011274,PT-001984,ENC-0005663,718-7,Hemoglobin,8.6,g/dL,2025-01-06
OBS-00011275,PT-001984,ENC-0005664,8480-6,Systolic blood pressure,135.3,mmHg,2024-12-14
OBS-00011276,PT-001984,ENC-0005665,8462-4,Diastolic blood pressure,88.7,mmHg,2025-04-02
OBS-00011277,PT-001984,ENC-0005665,2339-0,Glucose,265.3,mg/dL,2025-04-02
OBS-00011278,PT-001984,ENC-0005665,4548-4,Hemoglobin A1c,10.5,%,2025-04-02
OBS-00011279,PT-001984,ENC-0005666,2160-0,Creatinine,1.1,mg/dL,2026-01-12
OBS-00011280,PT-001984,ENC-0005666,8462-4,Diastolic blood pressure,62.1,mmHg,2026-01-12
OBS-00011281,PT-001984,ENC-0005666,4548-4,Hemoglobin A1c,7.5,%,2026-01-12
OBS-00011282,PT-001984,ENC-0005667,4548-4,Hemoglobin A1c,7.8,%,2026-07-13
OBS-00011283,PT-001984,ENC-0005667,8480-6,Systolic blood pressure,110.3,mmHg,2026-07-13
OBS-00011284,PT-001984,ENC-0005668,718-7,Hemoglobin,12.0,g/dL,2024-11-21
OBS-00011285,PT-001984,ENC-0005669,2160-0,Creatinine,1.5,mg/dL,2025-04-10
OBS-00011286,PT-001984,ENC-0005669,718-7,Hemoglobin,13.6,g/dL,2025-04-10
OBS-00011287,PT-001984,ENC-0005669,4548-4,Hemoglobin A1c,11.0,%,2025-04-10
OBS-00011288,PT-001985,ENC-0005670,718-7,Hemoglobin,11.6,g/dL,2024-11-26
OBS-00011289,PT-001985,ENC-0005671,2339-0,Glucose,76.9,mg/dL,2026-09-13
OBS-00011290,PT-001985,ENC-0005671,718-7,Hemoglobin,11.0,g/dL,2026-09-13
OBS-00011291,PT-001985,ENC-0005671,8480-6,Systolic blood pressure,117.8,mmHg,2026-09-13
OBS-00011292,PT-001985,ENC-0005672,2160-0,Creatinine,4.3,mg/dL,2026-06-02
OBS-00011293,PT-001985,ENC-0005672,718-7,Hemoglobin,9.3,g/dL,2026-06-02
OBS-00011294,PT-001985,ENC-0005673,2160-0,Creatinine,4.2,mg/dL,2024-12-04
OBS-00011295,PT-001985,ENC-0005673,718-7,Hemoglobin,16.3,g/dL,2024-12-04
OBS-00011296,PT-001985,ENC-0005673,8480-6,Systolic blood pressure,105.0,mmHg,2024-12-04
OBS-00011297,PT-001986,ENC-0005674,8480-6,Systolic blood pressure,105.9,mmHg,2025-07-05
OBS-00011298,PT-001987,ENC-0005675,2160-0,Creatinine,2.4,mg/dL,2024-11-26
OBS-00011299,PT-001988,ENC-0005676,8480-6,Systolic blood pressure,150.8,mmHg,2025-09-26
OBS-00011300,PT-001989,ENC-0005677,718-7,Hemoglobin,10.9,g/dL,2025-12-21
OBS-00011301,PT-001990,ENC-0005678,4548-4,Hemoglobin A1c,6.6,%,2025-12-14
OBS-00011302,PT-001990,ENC-0005678,2160-0,Creatinine,2.7,mg/dL,2025-12-14
OBS-00011303,PT-001990,ENC-0005678,8462-4,Diastolic blood pressure,91.3,mmHg,2025-12-14
OBS-00011304,PT-001990,ENC-0005679,8462-4,Diastolic blood pressure,55.1,mmHg,2025-03-22
OBS-00011305,PT-001990,ENC-0005679,2339-0,Glucose,87.7,mg/dL,2025-03-22
OBS-00011306,PT-001990,ENC-0005679,4548-4,Hemoglobin A1c,9.6,%,2025-03-22
OBS-00011307,PT-001990,ENC-0005680,2160-0,Creatinine,1.6,mg/dL,2026-05-17
OBS-00011308,PT-001990,ENC-0005680,8462-4,Diastolic blood pressure,107.9,mmHg,2026-05-17
OBS-00011309,PT-001991,ENC-0005681,8480-6,Systolic blood pressure,117.9,mmHg,2025-01-25
OBS-00011310,PT-001991,ENC-0005681,2339-0,Glucose,303.1,mg/dL,2025-01-25
OBS-00011311,PT-001991,ENC-0005681,718-7,Hemoglobin,10.2,g/dL,2025-01-25
OBS-00011312,PT-001992,ENC-0005682,8480-6,Systolic blood pressure,142.4,mmHg,2025-09-08
OBS-00011313,PT-001992,ENC-0005682,8480-6,Systolic blood pressure,181.4,mmHg,2025-09-08
OBS-00011314,PT-001993,ENC-0005683,8462-4,Diastolic blood pressure,84.0,mmHg,2025-03-31
OBS-00011315,PT-001993,ENC-0005684,2339-0,Glucose,310.1,mg/dL,2025-07-21
OBS-00011316,PT-001993,ENC-0005684,2339-0,Glucose,175.3,mg/dL,2025-07-21
OBS-00011317,PT-001993,ENC-0005684,4548-4,Hemoglobin A1c,7.9,%,2025-07-21
OBS-00011318,PT-001993,ENC-0005685,8480-6,Systolic blood pressure,144.4,mmHg,2025-01-06
OBS-00011319,PT-001993,ENC-0005685,8480-6,Systolic blood pressure,169.1,mmHg,2025-01-06
OBS-00011320,PT-001993,ENC-0005685,2339-0,Glucose,155.9,mg/dL,2025-01-06
OBS-00011321,PT-001993,ENC-0005686,4548-4,Hemoglobin A1c,8.4,%,2025-05-28
OBS-00011322,PT-001993,ENC-0005686,4548-4,Hemoglobin A1c,12.1,%,2025-05-28
OBS-00011323,PT-001993,ENC-0005686,718-7,Hemoglobin,11.6,g/dL,2025-05-28
OBS-00011324,PT-001993,ENC-0005687,718-7,Hemoglobin,16.3,g/dL,2025-03-08
OBS-00011325,PT-001993,ENC-0005688,8462-4,Diastolic blood pressure,96.2,mmHg,2024-10-16
OBS-00011326,PT-001993,ENC-0005688,718-7,Hemoglobin,11.4,g/dL,2024-10-16
OBS-00011327,PT-001993,ENC-0005688,718-7,Hemoglobin,13.3,g/dL,2024-10-16
OBS-00011328,PT-001994,ENC-0005689,2339-0,Glucose,276.5,mg/dL,2025-11-02
OBS-00011329,PT-001994,ENC-0005690,8462-4,Diastolic blood pressure,81.9,mmHg,2025-12-20
OBS-00011330,PT-001994,ENC-0005690,718-7,Hemoglobin,17.0,g/dL,2025-12-20
OBS-00011331,PT-001994,ENC-0005691,718-7,Hemoglobin,12.5,g/dL,2024-10-09
OBS-00011332,PT-001994,ENC-0005692,718-7,Hemoglobin,12.0,g/dL,2025-04-05
OBS-00011333,PT-001994,ENC-0005692,8462-4,Diastolic blood pressure,83.6,mmHg,2025-04-05
OBS-00011334,PT-001994,ENC-0005693,2339-0,Glucose,298.9,mg/dL,2024-09-28
OBS-00011335,PT-001995,ENC-0005694,2339-0,Glucose,309.7,mg/dL,2025-12-13
OBS-00011336,PT-001995,ENC-0005694,8462-4,Diastolic blood pressure,63.4,mmHg,2025-12-13
OBS-00011337,PT-001995,ENC-0005694,718-7,Hemoglobin,8.0,g/dL,2025-12-13
OBS-00011338,PT-001995,ENC-0005695,2160-0,Creatinine,2.4,mg/dL,2025-12-11
OBS-00011339,PT-001995,ENC-0005696,8462-4,Diastolic blood pressure,69.3,mmHg,2026-01-12
OBS-00011340,PT-001995,ENC-0005696,2339-0,Glucose,240.6,mg/dL,2026-01-12
OBS-00011341,PT-001995,ENC-0005697,8462-4,Diastolic blood pressure,79.9,mmHg,2026-04-07
OBS-00011342,PT-001995,ENC-0005697,4548-4,Hemoglobin A1c,6.4,%,2026-04-07
OBS-00011343,PT-001995,ENC-0005697,4548-4,Hemoglobin A1c,9.2,%,2026-04-07
OBS-00011344,PT-001995,ENC-0005698,2339-0,Glucose,72.4,mg/dL,2026-09-13
OBS-00011345,PT-001996,ENC-0005699,8480-6,Systolic blood pressure,121.9,mmHg,2026-02-22
OBS-00011346,PT-001996,ENC-0005699,718-7,Hemoglobin,16.1,g/dL,2026-02-22
OBS-00011347,PT-001996,ENC-0005700,718-7,Hemoglobin,10.0,g/dL,2026-03-12
OBS-00011348,PT-001996,ENC-0005700,4548-4,Hemoglobin A1c,12.3,%,2026-03-12
OBS-00011349,PT-001997,ENC-0005701,8462-4,Diastolic blood pressure,58.2,mmHg,2025-11-12
OBS-00011350,PT-001997,ENC-0005702,2339-0,Glucose,309.9,mg/dL,2025-12-06
OBS-00011351,PT-001997,ENC-0005703,718-7,Hemoglobin,13.7,g/dL,2026-04-03
OBS-00011352,PT-001997,ENC-0005703,2160-0,Creatinine,3.2,mg/dL,2026-04-03
OBS-00011353,PT-001997,ENC-0005703,8462-4,Diastolic blood pressure,73.0,mmHg,2026-04-03
OBS-00011354,PT-001998,ENC-0005704,8462-4,Diastolic blood pressure,106.3,mmHg,2025-08-04
OBS-00011355,PT-001998,ENC-0005704,2160-0,Creatinine,1.1,mg/dL,2025-08-04
OBS-00011356,PT-001998,ENC-0005705,718-7,Hemoglobin,16.7,g/dL,2026-06-11
OBS-00011357,PT-001998,ENC-0005705,718-7,Hemoglobin,16.2,g/dL,2026-06-11
OBS-00011358,PT-001999,ENC-0005706,2339-0,Glucose,264.1,mg/dL,2026-03-27
OBS-00011359,PT-001999,ENC-0005706,718-7,Hemoglobin,13.3,g/dL,2026-03-27
OBS-00011360,PT-001999,ENC-0005706,2339-0,Glucose,123.2,mg/dL,2026-03-27
OBS-00011361,PT-001999,ENC-0005707,718-7,Hemoglobin,9.0,g/dL,2026-07-26
